datetime,y_real,y_pred_rf,y_pred_xgb,y_pred_svr,y_pred_persistencia,y_pred_lr
2010-02-08 21:00:00,2.7064782608695652,1.6956539742496712,1.7437967,1.7487995817069808,1.526,2.00695387777962
2010-02-08 22:00:00,2.3779555555555554,1.6728296949593626,1.7922819,1.4486164412371418,2.1367826086956523,1.8028502022367048
2010-02-08 23:00:00,1.5137,1.3528552765849997,1.5014951,1.0887202527422675,2.1200666666666668,1.5651317039774395
2010-02-09 00:00:00,1.4945666666666668,1.34616070794007,1.3145983,1.05496551454242,1.4873666666666667,1.0126748673793757
2010-02-09 01:00:00,1.4285333333333334,0.6391963708641336,0.64042753,0.5768835566931945,1.0256,0.8348174729182041
2010-02-09 02:00:00,1.4159,0.5304371243444657,0.73692745,0.5611464717264648,0.3722333333333333,0.7028022530799728
2010-02-09 03:00:00,1.502,0.4481034729938332,0.4460499,0.4257181396586289,0.32306666666666667,0.590140450990102
2010-02-09 04:00:00,1.4923333333333335,0.5317344684926733,0.48474568,0.4061755343217782,0.29873333333333335,0.5556205789856161
2010-02-09 05:00:00,1.1128666666666667,0.5414763878518928,0.51587236,0.34069540276251675,0.3019,0.589527813257809
2010-02-09 06:00:00,0.9729615384615384,1.1988132458077316,1.0991734,0.6609168713107486,1.8047272727272727,1.2070637294078517
2010-02-09 07:00:00,2.2978596491228074,1.6762247280966724,1.7492441,2.0776275189586384,1.8994,1.5726285207500321
2010-02-09 08:00:00,1.4901000000000002,1.6179116431240894,1.7083956,1.3951739460015782,2.237083333333333,1.6742721172671504
2010-02-09 09:00:00,1.4689666666666668,1.3632363091434412,1.562053,1.4387881501254198,1.5206333333333333,1.3804598488259807
2010-02-09 10:00:00,1.4514999999999998,1.340261251271657,1.5272558,1.6494729198014801,1.4296,1.293239946897662
2010-02-09 11:00:00,1.5067333333333333,1.3933027613357833,1.5452136,1.5610370694471065,1.4356333333333333,1.3376226867508882
2010-02-09 12:00:00,1.55875,1.204271870546747,1.3857201,1.3234619799609395,1.3786333333333334,1.2642165746719116
2010-02-09 13:00:00,1.0387666666666666,1.1644999206008173,1.3693311,1.2047445689727514,1.3852666666666666,1.3620956467524614
2010-02-09 14:00:00,0.7792608695652173,1.313501857000615,1.3861599,0.9685720563555084,1.4868813559322034,1.0783926130760564
2010-02-09 15:00:00,0.8086956521739129,0.925851084108787,1.0265495,0.43755064028741786,1.4339642857142858,1.0746032482410208
2010-02-09 16:00:00,0.7182857142857142,0.8737475546461149,1.2209775,0.49420695083923627,1.3928333333333334,1.0426954139498648
2010-02-09 17:00:00,0.8238333333333333,0.9450839154437958,1.0402158,0.36137306210362563,0.6857000000000001,1.0309691311245912
2010-02-09 18:00:00,1.717450980392157,1.2630407293996586,1.7029135,1.7935122125624345,1.7974915254237287,1.440151422898086
2010-02-09 19:00:00,2.7845333333333335,2.1231238970547417,2.3246944,2.4764591646028364,2.519891891891892,1.9274764874028667
2010-02-09 20:00:00,2.651307692307692,2.0505150704754884,2.1353824,2.8126008810787146,2.6660357142857145,2.134449069318044
2010-02-09 21:00:00,2.7108,1.9948320076058998,2.1150582,2.5852806636921537,2.3579,1.836389753319044
2010-02-09 22:00:00,2.0922727272727273,1.3797266523179663,1.8354658,2.085773817864629,2.0146333333333333,1.6386088143108082
2010-02-09 23:00:00,1.8930526315789473,1.311228411149637,1.4972305,1.1927276342452204,1.6331666666666667,1.5118618402802166
2010-02-10 00:00:00,1.5383666666666669,1.3738341628410233,1.414391,1.474717745525173,1.5940333333333332,1.064865729568643
2010-02-10 01:00:00,1.3825,1.2597928368273037,1.2479662,1.1791074950284919,1.4475666666666667,0.975879176724175
2010-02-10 02:00:00,0.3308666666666667,1.1679638253259619,0.9618479,0.8576101697579641,1.4201000000000001,0.9095351423268682
2010-02-10 03:00:00,0.31926666666666664,0.495140399576917,0.55444616,0.8601308300408336,0.3551,0.6942715583917132
2010-02-10 04:00:00,0.3342,0.5390317773750977,0.57195985,0.5128078198389453,0.2987,0.46020923150467996
2010-02-10 05:00:00,0.37260000000000004,0.4151974847513242,0.44965228,0.25705146193351824,0.315,0.5023303629419286
2010-02-10 06:00:00,0.9945384615384616,1.136440813199967,1.0078886,0.7258414871969345,0.5450869565217392,0.9698839096118698
2010-02-10 07:00:00,2.597785714285714,1.8878811287829114,2.142491,2.1113904257089704,2.3945365853658536,1.7729420843224437
2010-02-10 08:00:00,1.8247333333333333,1.4544010766298914,1.8275962,1.900484045061313,1.596237288135593,1.5409117056829775
2010-02-10 09:00:00,1.3734333333333335,1.4318288457283836,1.651163,1.354021006968097,1.5269565217391303,1.372438303271863
2010-02-10 10:00:00,1.3962666666666665,1.4783067424905656,1.6954299,1.191550942459255,1.68476,1.3772418593365716
2010-02-10 11:00:00,1.775921568627451,1.4649364234404256,1.6313175,1.4796015929690602,1.4211,1.3158060903289601
2010-02-10 12:00:00,1.6123,1.434621127360532,1.5554513,1.6037822467386724,1.661448275862069,1.358638118885393
2010-02-10 13:00:00,1.8951333333333333,1.3049080294019297,1.6583575,0.9530390541442588,2.4271304347826086,1.321410407580418
2010-02-10 14:00:00,0.9899333333333333,1.4901879925009185,1.6191504,1.9344693347639907,1.239179487179487,1.2729827147855228
2010-02-10 15:00:00,0.6484406779661017,1.2543229195388497,1.2986666,1.1392137276587173,2.9202222222222223,1.2175646944808511
2010-02-10 16:00:00,0.9285333333333334,1.338403307465093,1.4638097,1.936474946980034,1.8416949152542372,1.2897764699876635
2010-02-10 17:00:00,1.4684666666666668,1.4150803485077947,1.6170864,1.6184126208152319,1.7715333333333334,1.3914479955290417
2010-02-10 18:00:00,1.7703,1.7341095772743562,1.8359822,2.2781200488336535,1.4186,1.4751484882473966
2010-02-10 19:00:00,1.6909666666666667,1.962500957947788,2.2223046,2.6671982727140975,2.5165454545454544,1.888889320384512
2010-02-10 20:00:00,1.5766428571428572,2.0669843062362343,2.2315419,2.3653403149127747,2.62262962962963,2.1614992894910197
2010-02-10 21:00:00,2.316311111111111,1.9504509445194498,2.216636,2.2602840209357407,2.9054615384615383,2.113662070382438
2010-02-10 22:00:00,1.5488666666666666,1.8511725945754784,1.9758269,2.40543071967467,2.295257142857143,1.9326817243674097
2010-02-10 23:00:00,0.4314,1.229941082205103,1.5061084,1.816959636478112,1.6713333333333333,1.4788465176134942
2010-02-11 00:00:00,0.3003666666666666,1.350120968873267,1.3814707,1.796540399211107,1.3957000000000002,1.1271704105811686
2010-02-11 01:00:00,0.2998333333333333,1.2428993833767,1.2993252,1.6091010230419562,1.4270169491525424,1.0674942488518697
2010-02-11 02:00:00,0.30579999999999996,1.221523433147638,1.3099103,1.301828453662559,1.4021333333333332,0.9975343063647379
2010-02-11 03:00:00,0.3611666666666667,1.0931758505335758,1.0652628,1.426140349976679,1.4247333333333332,0.7724583903800185
2010-02-11 04:00:00,0.6326,0.5519635577214056,0.63490295,0.6080891028969388,0.9733333333333333,0.6881729254430451
2010-02-11 05:00:00,0.6616666666666667,0.4619954780335834,0.7852959,0.5137476020154075,0.3251666666666667,0.5478469325589346
2010-02-11 06:00:00,0.5568000000000001,1.114075979040382,1.2462409,0.9156459998883932,1.7295217391304347,1.0427432447301945
2010-02-11 07:00:00,1.7355636363636364,1.9464954175096008,2.088886,2.137338932636684,2.409728813559322,1.7806753479612776
2010-02-11 08:00:00,1.8807666666666667,1.6041098401205343,1.6771644,1.8345307756729423,1.8150526315789473,1.5348092322497133
2010-02-11 09:00:00,1.4399333333333333,1.4091399119642796,1.6345205,2.0095127117028695,1.4279000000000002,1.257564248254518
2010-02-11 10:00:00,1.4044333333333332,1.429913653600566,1.6262331,1.51705847941217,1.4783666666666666,1.2396122124410545
2010-02-11 11:00:00,1.3643,1.372085936402494,1.5154192,1.4937671816851157,1.42259649122807,1.1780766326770868
2010-02-11 12:00:00,1.6024333333333334,1.3569847114210944,1.4492725,1.4549056741959532,1.4012666666666667,1.115643978859743
2010-02-11 13:00:00,0.8715666666666667,1.2649479413158333,1.3562341,1.3884557120063445,1.4250666666666667,1.1431243419014552
2010-02-11 14:00:00,0.305719298245614,1.0388710134600323,1.3197783,0.9564457790504146,1.3930333333333336,1.0435216417728836
2010-02-11 15:00:00,0.3968275862068965,1.0988838359174178,1.30841,1.1877169081151808,1.4817586206896554,1.3060323571056083
2010-02-11 16:00:00,0.4925,0.981828653318606,1.2051424,1.1218462100911546,1.4587333333333334,1.234101185930578
2010-02-11 17:00:00,0.6552666666666667,1.0059742426913278,1.2990749,1.2243562932361518,1.3272333333333333,1.2331873719642448
2010-02-11 18:00:00,1.262566037735849,1.6036144802603272,1.6633677,1.273836760032094,0.4907,1.2144234502853295
2010-02-11 19:00:00,2.2798620689655174,1.6357636184857307,1.9585487,2.0415626757652654,1.1646315789473685,1.567022483520566
2010-02-11 20:00:00,2.1599333333333335,1.4139262458942474,2.1026845,1.956526593138341,1.890344827586207,1.9549865461448273
2010-02-11 21:00:00,0.8298666666666666,2.051324069464259,2.1278112,2.3706682158536863,2.239148148148148,2.0735195494999017
2010-02-11 22:00:00,0.41552542372881357,1.5588110855388273,1.7303883,1.6555659539853553,2.0035862068965518,1.8445838558624894
2010-02-11 23:00:00,0.3020392156862745,1.2985255420160933,1.6028264,1.4573482704034342,1.6773,1.5390469349606173
2010-02-12 00:00:00,0.32076363636363636,1.3953323607359875,1.3734937,1.0639323425380764,1.7065666666666668,1.1958399857664679
2010-02-12 01:00:00,0.3041,1.40797489204008,1.3195227,1.2506751348623488,1.5550344827586209,1.1238981036087834
2010-02-12 02:00:00,0.9864999999999999,0.7627112457407158,0.7646813,1.50804096358831,0.9862666666666667,0.9687348114661205
2010-02-12 03:00:00,0.32003333333333334,0.6236763642418187,0.60499483,1.3752485637109997,0.4041666666666667,0.6192129988509764
2010-02-12 04:00:00,0.3723076923076923,0.49722664402592515,0.49208385,0.8266823411713244,0.378,0.5680989325679298
2010-02-12 05:00:00,0.2969,0.48137784221730323,0.53739536,0.3251752563370448,0.3624,0.5492103746287021
2010-02-12 06:00:00,1.190923076923077,1.1415788787651888,1.0680296,0.6224555351830339,0.6625185185185186,0.9230529869153585
2010-02-12 07:00:00,2.3758421052631578,1.4989560398216921,1.9008167,2.483379726411917,1.8993684210526316,1.7463758379740626
2010-02-12 08:00:00,1.5142758620689656,1.265390003071472,1.712218,1.7999865486702231,1.5979999999999999,1.6534758612301086
2010-02-12 09:00:00,1.7152444444444446,1.330695018492483,1.651927,1.3516853452514443,1.7533999999999998,1.548914268126606
2010-02-12 10:00:00,1.9524081632653063,1.3901090378302479,1.6592627,1.3662493373344813,1.4249666666666667,1.4254302856008785
2010-02-12 11:00:00,2.0683103448275864,1.3765124281451173,1.6869606,1.6619911298989027,1.4376666666666666,1.354955837638797
2010-02-12 12:00:00,1.6359333333333335,1.3470228072578454,1.6031357,1.4914796961614991,1.7515438596491226,1.3891857858094319
2010-02-12 13:00:00,1.3956666666666666,1.1387811040718285,1.40178,0.9403726819327676,1.6752,1.4179110492522577
2010-02-12 14:00:00,1.4408666666666667,1.3137494115025077,1.1977252,1.748743621693394,0.6898545454545455,1.069059836473225
2010-02-12 15:00:00,1.4412203389830507,1.2415405885559307,1.3933091,0.9167891026552496,1.733698113207547,1.410836239386727
2010-02-12 16:00:00,1.4709666666666665,1.4390408888813246,1.3742297,1.4082645203603403,0.6597543859649123,1.2230185393207071
2010-02-12 17:00:00,0.7733666666666666,1.5604773613584717,1.4557998,1.3708106328980882,0.4676,1.2317850334143157
2010-02-12 18:00:00,0.7121,1.5458640005653947,1.5415753,1.272923266060022,0.7388666666666667,1.1619506645349533
2010-02-12 19:00:00,1.1571333333333333,1.9074745424372734,2.1650062,2.063022324079671,2.49725,1.6574974672815925
2010-02-12 20:00:00,2.1186,2.0934360607306313,2.2430305,2.013412425518637,2.5975686274509804,1.8277103178133254
2010-02-12 21:00:00,1.2646666666666666,1.9728155295457095,1.9201616,2.162050445669257,2.565833333333333,1.8451959711837147
2010-02-12 22:00:00,1.650095238095238,1.6336791179220904,1.6270126,1.7960577148865982,2.117787234042553,1.6388556008490724
2010-02-12 23:00:00,0.8308,1.178758391608146,1.3801396,1.3335188010057857,1.5682692307692307,1.4590609820472962
2010-02-13 00:00:00,0.3204745762711865,0.7503376311133172,0.81621313,0.5881066490143254,0.8807924528301887,0.998809508961322
2010-02-13 01:00:00,0.33049999999999996,0.7522644139082157,0.820024,0.8623524503042024,0.3129,0.8149447841398343
2010-02-13 02:00:00,0.28696666666666665,0.5812262260130808,0.58262634,0.7183361037798234,0.31023333333333336,0.720269974193319
2010-02-13 03:00:00,0.2921333333333333,0.5842161409944133,0.5436606,0.3826638576614314,0.39183333333333337,0.7492787650416897
2010-02-13 04:00:00,0.3372,0.4803424571446592,0.54386437,0.2569672147093305,0.36683333333333334,0.7549913582913694
2010-02-13 05:00:00,0.3571666666666667,0.5174408039929783,0.57329273,0.4637553734589128,0.296,0.7321114227324605
2010-02-13 06:00:00,1.1429333333333331,1.0533608760441016,1.0107164,0.6355630839518148,1.0666415094339623,1.136952322601973
2010-02-13 07:00:00,1.9352542372881354,1.840099043583662,1.8560553,1.5170010417766657,2.3783508771929824,2.0388328379868423
2010-02-13 08:00:00,1.9306785714285712,1.3473830178492223,1.5339134,1.2641858220345394,1.4638666666666669,1.8120163719563676
2010-02-13 09:00:00,1.8089090909090908,1.436337165886288,1.6220931,1.2812530345358442,1.6270666666666667,1.6876526140610384
2010-02-13 10:00:00,1.6621290322580644,1.4419227237203947,1.6650478,1.5245434151173436,1.7331666666666667,1.6184514818348192
2010-02-13 11:00:00,1.5028666666666666,1.367264077932127,1.5178984,1.2899381664262304,1.5258333333333334,1.5142737426062856
2010-02-13 12:00:00,0.6698999999999999,1.3385391275099494,1.5649564,1.2384101482536702,1.5592881355932204,1.3344695025590336
2010-02-13 13:00:00,2.4534838709677422,1.3062017530479213,1.5283998,1.6944093298216794,0.8290169491525423,1.356322497913259
2010-02-13 14:00:00,2.6766666666666663,1.4199267875010992,1.690033,1.8867922243649882,0.8237297297297298,1.2062302282973618
2010-02-13 15:00:00,2.005733333333333,1.4607385350881967,1.4388689,0.5292887324259843,2.2306666666666666,1.650195969129597
2010-02-13 16:00:00,1.6035666666666666,1.7640635724610525,1.6892321,1.5331052194158716,2.392,1.860382332948455
2010-02-13 17:00:00,1.5794666666666666,2.0155135530586312,2.1469476,2.03701262606687,2.201459459459459,1.8366016688351428
2010-02-13 18:00:00,1.5640666666666665,2.0145627938738406,2.5861137,2.53562407694829,2.9067999999999996,1.9592452597917658
2010-02-13 19:00:00,1.5280999999999998,1.9630933814734925,2.1630497,2.3003367661470717,2.51575,2.0646914728117363
2010-02-13 20:00:00,1.5876666666666668,1.8138945181617938,2.2634468,2.0547024329414443,2.4896896551724135,2.092110508460745
2010-02-13 21:00:00,1.6402,2.038025456595324,2.387569,0.9022001611659415,2.5690697674418606,2.100916678408869
2010-02-13 22:00:00,1.5538333333333334,1.9542483292243302,2.119207,1.002960108805053,2.8135087719298246,1.9719772807003682
2010-02-13 23:00:00,1.5836333333333334,1.7483311147883887,1.8426158,1.640994041604618,2.283142857142857,1.6251362414491752
2010-02-14 00:00:00,1.5946440677966103,0.7070276990477563,0.7647596,0.3491757967098822,1.030677966101695,0.7954617369486334
2010-02-14 01:00:00,0.9921333333333333,0.8712085196369376,0.9457058,0.8803523608986284,1.0104333333333333,0.6345329953672167
2010-02-14 02:00:00,0.5102,0.7080892197432789,0.83604294,0.45280439967255126,0.9651929824561403,0.6927687573291086
2010-02-14 03:00:00,0.5337,0.679455647972327,0.6896921,0.6826241430013245,0.47159999999999996,0.5790344122186457
2010-02-14 04:00:00,0.4831320754716981,0.6558377079071875,0.62842923,0.6011381205002579,0.32003333333333334,0.5422133425445655
2010-02-14 05:00:00,0.4985333333333334,0.5081998123441657,0.5974751,0.21606599272676374,0.3263333333333333,0.5973896047657017
2010-02-14 06:00:00,0.48109999999999997,0.992312397833459,0.90909576,0.5445996454783151,0.31406666666666666,0.8880526472098808
2010-02-14 07:00:00,0.48383333333333334,1.0164183310320067,1.1012818,0.8819893653932511,0.31606666666666666,1.058454775722854
2010-02-14 08:00:00,0.486,1.378042894760962,1.2843312,0.6076586724240753,1.4346315789473685,1.2640664804542234
2010-02-14 09:00:00,0.4524666666666667,1.4274997281345654,1.4632729,0.738109842163027,1.3422068965517242,1.4440926858044412
2010-02-14 10:00:00,0.5283333333333333,1.4116783753268112,1.6315012,1.4899687500097998,1.8281999999999998,1.4890258787891073
2010-02-14 11:00:00,1.4403000000000001,1.397596791152598,1.5667138,1.2866771034369462,0.6545666666666666,1.303920392739177
2010-02-14 12:00:00,1.3994666666666666,1.200655103021906,1.4132363,1.0134047178478387,0.30593333333333333,1.0462683596184044
2010-02-14 13:00:00,1.5053333333333332,1.3274980265268173,1.4637733,1.6562192850501891,0.3344333333333333,1.0907108585211152
2010-02-14 14:00:00,1.6249,1.4677238137155106,1.597412,1.2398593594875056,0.47765,1.0234559028772872
2010-02-14 15:00:00,1.8530000000000002,1.3333874761480868,1.7229147,1.740065367853848,1.0844651162790697,1.4107935966122032
2010-02-14 16:00:00,1.7702666666666667,1.6203359234432344,1.6232941,2.1949853012948166,0.7382000000000001,1.444619228378246
2010-02-14 17:00:00,1.809642857142857,1.4659922690052567,2.1079555,1.4266026800219127,1.2440344827586207,1.6740013016440762
2010-02-14 18:00:00,1.8954166666666667,1.6395186534636401,2.4026115,1.8079256393649503,1.98934693877551,2.0090650419874043
2010-02-14 19:00:00,2.2471555555555556,1.9307636575615887,2.5089638,1.926681549018956,2.2849787234042553,2.1248275252951805
2010-02-14 20:00:00,1.7217391304347827,1.902033935286483,2.2551916,1.8140830993860568,1.5880408163265305,2.0284603689218317
2010-02-14 21:00:00,1.2545423728813558,1.8894259869453904,2.2190804,1.8952638063787215,1.4154347826086957,1.9272178230789632
2010-02-14 22:00:00,0.8745999999999999,1.5040168969935237,1.4745905,1.421872012599154,1.2999,1.6817289910268811
2010-02-14 23:00:00,0.8707666666666667,1.0903715991492395,0.91209465,0.9487141343585078,0.7428474576271187,1.329612517758006
2010-02-15 00:00:00,0.5692333333333333,0.5605916868869092,0.5957452,0.5922082832873872,0.3189666666666666,0.6241017533382928
2010-02-15 01:00:00,0.28669999999999995,0.5106197779141823,0.57017714,0.5635408737062513,0.2975333333333333,0.6156479457054287
2010-02-15 02:00:00,0.3032542372881356,0.4338079161303976,0.5376929,0.615108232153551,0.2959333333333333,0.6954207744498063
2010-02-15 03:00:00,0.36408,0.41003145155102444,0.47730562,0.48925370940686497,0.34456666666666663,0.7195412971968778
2010-02-15 04:00:00,0.3405660377358491,0.4260057822889939,0.49774426,0.42911112478102376,0.29763333333333336,0.6595103288757538
2010-02-15 05:00:00,0.31787878787878787,0.46734209938590854,0.5168444,0.4035214702805108,0.3534,0.7188985588321264
2010-02-15 06:00:00,1.0004406779661017,1.202315289718294,1.041212,1.4136394897058453,0.8744642857142857,1.0654049625831519
2010-02-15 07:00:00,2.1329714285714285,1.9202793193456689,2.3610053,2.4705312054690625,2.4249565217391305,1.6902932586718618
2010-02-15 08:00:00,1.4227666666666667,1.4923959457432305,1.9114773,1.8760139628825794,1.7585000000000002,1.5434750717385912
2010-02-15 09:00:00,1.3833,1.6944275050188509,1.9596504,1.3277422489132436,2.3129999999999997,1.6704489990600124
2010-02-15 10:00:00,1.4214999999999998,1.807675730951054,1.9613677,1.8048804418331081,2.4953818181818184,1.7112091769927178
2010-02-15 11:00:00,1.3868333333333331,1.6121476667441932,1.9163303,1.817040341682215,2.4104,1.515148964471579
2010-02-15 12:00:00,1.4012,1.8006595078273029,1.9904199,2.8098470591469145,2.568820512820513,1.48063129994317
2010-02-15 13:00:00,1.4034,1.2283591233784865,1.4386398,2.2507325087989765,1.844,1.1604510919900886
2010-02-15 14:00:00,1.4361960784313725,1.1478350368106143,1.2092291,1.494150505233258,1.8216333333333334,0.9805598759268378
2010-02-15 15:00:00,0.7625762711864408,1.1813847609935508,1.4931606,1.3359523250310334,1.7095666666666667,1.1031130636718727
2010-02-15 16:00:00,0.36831034482758623,1.178853032037977,1.451427,1.3328682398149936,1.4102,1.0046180117340815
2010-02-15 17:00:00,0.5431666666666666,1.3013300331314113,1.7045118,1.5148017246969956,1.7440333333333333,1.2096205005508398
2010-02-15 18:00:00,1.5169,2.079017998688816,2.3447478,1.9348063923891117,2.998125,1.8209993981584582
2010-02-15 19:00:00,2.716413793103448,2.241328773062479,2.5347826,2.2135900958483443,2.9484761904761903,2.185912308284901
2010-02-15 20:00:00,2.569090909090909,2.1588824981212738,2.4848852,3.1263344680904233,2.6557307692307695,2.0039549722734544
2010-02-15 21:00:00,2.91776,2.006448243552108,2.327733,2.709248070801742,2.7064782608695652,1.8173459596720263
2010-02-15 22:00:00,2.6778399999999998,1.9308399194324466,2.0533617,2.3764373692397665,2.3779555555555554,1.8145032582313492
2010-02-15 23:00:00,1.1593928571428571,1.337754472196899,1.5726662,2.130876187222868,1.5137,1.4187104966457293
2010-02-16 00:00:00,0.37456666666666666,1.2900207975794413,1.3752362,0.6736707244218773,1.4945666666666668,0.8808398418737373
2010-02-16 01:00:00,0.38666666666666666,1.20106921022066,1.2817876,0.8387560425550771,1.4285333333333334,0.8201151251571179
2010-02-16 02:00:00,0.39816666666666667,1.1551393482734083,1.2694813,0.9592476109654877,1.4159,0.7345504401149248
2010-02-16 03:00:00,0.36504,1.1903277579663705,1.2047306,0.7864020821978465,1.502,0.7231842398750814
2010-02-16 04:00:00,0.4132,1.2331891959250594,1.29,0.579249282760957,1.4923333333333335,0.7276790485119176
2010-02-16 05:00:00,0.4421935483870968,0.9589654800029126,1.0280236,0.24831270719475562,1.1128666666666667,0.6578838307693654
2010-02-16 06:00:00,0.7014545454545454,1.1941434299793126,1.565596,1.4276942657575888,0.9729615384615384,0.9374370171117236
2010-02-16 07:00:00,2.1208085106382977,1.819092168149553,2.1505961,2.4567427634424783,2.2978596491228074,1.472932923192911
2010-02-16 08:00:00,2.0013478260869566,1.426459097667376,1.8621479,1.7614262803608125,1.4901000000000002,1.3911878464835914
2010-02-16 09:00:00,1.5068260869565215,1.311929479008363,1.7695248,2.1481639535813457,1.4689666666666668,1.3047823613424883
2010-02-16 10:00:00,1.452892857142857,1.3363608652484593,1.7134547,1.8704173260558226,1.4514999999999998,1.2717893024932412
2010-02-16 11:00:00,1.6532666666666667,1.322721219234477,1.580553,1.6851452370947702,1.5067333333333333,1.222651011842287
2010-02-16 12:00:00,1.4228,1.2432810469132398,1.4499283,1.8139035456931958,1.55875,1.2201570375623554
2010-02-16 13:00:00,2.1367118644067795,1.368471526310739,1.525864,1.3214720801629753,1.0387666666666666,1.0672572412385812
2010-02-16 14:00:00,1.8003666666666664,1.4559757531673347,1.569282,1.4576036588096188,0.7792608695652173,0.9900762647846219
2010-02-16 15:00:00,1.5436666666666667,1.3356155564003054,1.5223665,1.0728382714260822,0.8086956521739129,1.0260858321909567
2010-02-16 16:00:00,0.7285333333333334,1.4320555851257453,1.5326644,0.9757049202709984,0.7182857142857142,0.9818258443727044
2010-02-16 17:00:00,0.7314666666666666,1.1971989999539538,1.4272944,0.9826355924692762,0.8238333333333333,1.0640972718791435
2010-02-16 18:00:00,0.8071333333333333,1.6389823796856653,2.2123246,1.654813161785393,1.717450980392157,1.7106162279092867
2010-02-16 19:00:00,1.3594358974358975,2.0661406595819916,2.4354546,2.5093249615113002,2.7845333333333335,2.1779364369208087
2010-02-16 20:00:00,1.7398,1.9739765524865154,2.4236345,2.4285451979673227,2.651307692307692,2.0860944904497747
2010-02-16 21:00:00,2.0071,1.4603652326684005,1.8982042,1.752059949196333,2.7108,1.9780666266609521
2010-02-16 22:00:00,0.7555666666666667,1.5425647635154929,1.9257697,1.9644724958343005,2.0922727272727273,1.7114910054454626
2010-02-16 23:00:00,0.4643666666666667,1.3281669219041479,1.6084069,1.5440385746696113,1.8930526315789473,1.3994063484766315
2010-02-17 00:00:00,0.43079999999999996,1.4334034901082777,1.3239466,1.7714612159912009,1.5383666666666669,1.0417169885145352
2010-02-17 01:00:00,0.38206666666666667,1.1934047369737864,1.0740818,1.4804635058230038,1.3825,0.9423146486831337
2010-02-17 02:00:00,0.3785,0.7889657287918261,0.8677854,1.320213723143838,0.3308666666666667,0.7181332308594077
2010-02-17 03:00:00,0.38556666666666667,0.6868836927922527,0.7164632,0.8235405798903663,0.31926666666666664,0.5529790043387155
2010-02-17 04:00:00,0.4095333333333333,0.5147719995751472,0.6233472,0.4426036551431157,0.3342,0.617291816666057
2010-02-17 05:00:00,1.0322666666666667,0.5193377239839019,0.7745523,0.35268816193204955,0.37260000000000004,0.637912371481947
2010-02-17 06:00:00,0.8018333333333333,1.077243265061239,1.1697419,0.48306451660680993,0.9945384615384616,0.9284993831962309
2010-02-17 07:00:00,1.357762711864407,2.016578696024612,2.2004187,2.5685239578606405,2.597785714285714,1.9585453075227193
2010-02-17 08:00:00,1.8405106382978724,1.4029490809838012,1.8790314,1.4381597409284381,1.8247333333333333,1.6305133733842943
2010-02-17 09:00:00,1.856888888888889,1.4273154844820821,1.7203622,1.4286610814602954,1.3734333333333335,1.4400935542564453
2010-02-17 10:00:00,1.5724,1.4139332687926205,1.8536522,1.340579767773867,1.3962666666666665,1.4554715098519024
2010-02-17 11:00:00,1.5289473684210524,1.3911139241782806,1.7834325,1.3723500181617903,1.775921568627451,1.5014683716712325
2010-02-17 12:00:00,2.8276,1.4127951001435415,1.6631978,1.657762819327674,1.6123,1.4881170103288581
2010-02-17 13:00:00,1.716,1.3477934138426466,1.5049932,1.1751752421918817,1.8951333333333333,1.3465996270434306
2010-02-17 14:00:00,0.9716800000000001,1.2399412944282673,1.4831455,1.8943539398080507,0.9899333333333333,1.041771575911442
2010-02-17 15:00:00,1.7296603773584904,1.3008427794307516,1.4347421,1.5854282380770495,0.6484406779661017,1.2111624024933256
2010-02-17 16:00:00,0.6354000000000001,1.4806469598695629,1.5331346,1.3778387820837243,0.9285333333333334,1.087046158493667
2010-02-17 17:00:00,1.3218666666666665,1.432595329738991,1.830521,1.262201236729289,1.4684666666666668,1.312967653277063
2010-02-17 18:00:00,2.1710333333333334,1.4500968914744687,2.12013,1.4343034433196282,1.7703,1.639866342844142
2010-02-17 19:00:00,1.7154909090909092,1.7284236231924708,2.256641,2.1081503456591335,1.6909666666666667,1.9806012432926705
2010-02-17 20:00:00,2.7227555555555556,1.609024240171061,2.1385386,1.860034299491318,1.5766428571428572,1.926333698303818
2010-02-17 21:00:00,1.4457666666666666,1.801538281541394,2.1008875,1.6664218782956564,2.316311111111111,2.097694320726153
2010-02-17 22:00:00,0.3614,1.5141859633744505,1.6225804,1.3176441992591568,1.5488666666666666,1.5800020214300574
2010-02-17 23:00:00,0.3583,0.9977471630702395,1.4423628,0.9899105051187881,0.4314,1.192453876402803
2010-02-18 00:00:00,0.3686,0.7007826143020003,0.79012793,1.263500381614438,0.3003666666666666,0.7933713402564921
2010-02-18 01:00:00,0.3077666666666667,0.6151687573130576,0.72310644,0.8180825280266426,0.2998333333333333,0.8421511437037458
2010-02-18 02:00:00,0.9475666666666667,0.4479964368670689,0.549685,0.3668999095669868,0.30579999999999996,0.7387723952544745
2010-02-18 03:00:00,0.31852631578947366,0.4683607920160325,0.45031497,0.3951523703320241,0.3611666666666667,0.7763008805468994
2010-02-18 04:00:00,0.29433333333333334,0.5164475132355829,0.52150226,0.40239087678354946,0.6326,0.8398256073591439
2010-02-18 05:00:00,0.29803846153846153,0.5139885159240655,0.4761495,0.5024355874657317,0.6616666666666667,0.8063618847667504
2010-02-18 06:00:00,0.8100727272727273,1.3528840093216958,1.2212819,0.8360582556512184,0.5568000000000001,1.103684892931541
2010-02-18 07:00:00,2.3838,1.5216290481867887,1.9347035,1.8447320971842727,1.7355636363636364,1.7623341652108937
2010-02-18 08:00:00,1.8681333333333332,1.6983226739292565,1.8415829,1.733703996109834,1.8807666666666667,1.5734425606209228
2010-02-18 09:00:00,1.3786666666666667,1.4920572899213496,1.6882207,1.6122607803923152,1.4399333333333333,1.388902490651747
2010-02-18 10:00:00,1.3958666666666666,1.4532127878670955,1.6198677,1.6555527714243476,1.4044333333333332,1.3264296882474644
2010-02-18 11:00:00,1.3963,1.4671233543314448,1.4921074,1.561595382905617,1.3643,1.3236127769925314
2010-02-18 12:00:00,1.4571333333333334,1.445310053440144,1.5132418,1.446678354704746,1.6024333333333334,1.3289262195334661
2010-02-18 13:00:00,1.8135,1.2886982862380878,1.3562976,1.1256336115422232,0.8715666666666667,1.1481700620212476
2010-02-18 14:00:00,1.9985666666666666,1.215233899043991,1.1891068,0.8488111142458521,0.305719298245614,0.8802045544480348
2010-02-18 15:00:00,1.5628,1.185672323597346,1.3119692,0.966098566054853,0.3968275862068965,0.8786470749263313
2010-02-18 16:00:00,1.2193,1.220862173077846,1.3423321,0.7965817633581772,0.4925,0.9598706202760567
2010-02-18 17:00:00,0.3348333333333333,1.2288258068765388,1.3159188,0.8218704619881876,0.6552666666666667,1.1231074695778602
2010-02-18 18:00:00,0.7990588235294118,1.289336008856921,1.4104278,1.1724822678423106,1.262566037735849,1.3782512762387764
2010-02-18 19:00:00,2.7392105263157895,1.969041850049733,2.1494842,1.9158760420433854,2.2798620689655174,1.832673168876636
2010-02-18 20:00:00,2.4950666666666668,1.7718812449585497,2.034107,1.6795864051367855,2.1599333333333335,1.9110419215133958
2010-02-18 21:00:00,1.1619333333333333,1.5908849373411074,1.8876901,1.6532700662937854,0.8298666666666666,1.7323527136513193
2010-02-18 22:00:00,0.5781666666666666,1.0015601998636776,1.2573576,0.8369400741929128,0.41552542372881357,1.3240817574462547
2010-02-18 23:00:00,0.3452,0.8488530885389142,0.9091089,0.4666126258436861,0.3020392156862745,1.0315076688412914
2010-02-19 00:00:00,0.34026666666666666,0.5271142416401662,0.5178113,0.3537968665239021,0.32076363636363636,0.7999557890328314
2010-02-19 01:00:00,0.36343333333333333,0.6129269148036613,0.5056769,0.3829193529795031,0.3041,0.7638433582284159
2010-02-19 02:00:00,0.3091333333333333,0.46076705916290267,0.43851483,-0.01286883979239084,0.9864999999999999,0.8021406399716249
2010-02-19 03:00:00,0.5898,0.44047895180455154,0.40327838,0.11955285585054132,0.32003333333333334,0.7091000382792014
2010-02-19 04:00:00,0.6547666666666667,0.5520195131639736,0.37891823,0.25355481529263546,0.3723076923076923,0.7317958961552153
2010-02-19 05:00:00,0.29779999999999995,0.6032963680409957,0.5117922,0.42894083449387255,0.2969,0.7165361618518752
2010-02-19 06:00:00,0.6326,1.1620089825263782,0.84421885,0.8726005384983948,1.190923076923077,1.0443049855177853
2010-02-19 07:00:00,2.0396315789473682,1.814926281782097,1.6770557,1.52317969213285,2.3758421052631578,1.8361602070744707
2010-02-19 08:00:00,2.0765666666666664,1.5015998189697004,1.4629333,1.7625925504665587,1.5142758620689656,1.5792526501343038
2010-02-19 09:00:00,1.7879130434782609,1.4647946552919442,1.242294,1.2177186559932847,1.7152444444444446,1.515252122900595
2010-02-19 10:00:00,1.5958666666666665,1.3403843356631637,1.0900196,1.182590826861691,1.9524081632653063,1.5032903851068702
2010-02-19 11:00:00,1.5793636363636365,1.6164465890015303,1.445312,1.4210090863900804,2.0683103448275864,1.5515732828490785
2010-02-19 12:00:00,1.2960333333333334,1.4177428518064366,1.3704292,1.2298764226716057,1.6359333333333335,1.455912504480108
2010-02-19 13:00:00,0.3747666666666667,1.2356014722237167,1.2519329,1.241766573910069,1.3956666666666666,1.2861620814103711
2010-02-19 14:00:00,0.57088,1.1305782381726712,1.1473106,1.522107614016002,1.4408666666666667,1.0287512459679253
2010-02-19 15:00:00,0.31706666666666666,1.0837663542585596,1.283639,1.4871580885538982,1.4412203389830507,1.1146597878873077
2010-02-19 16:00:00,1.458542372881356,1.0327519193834427,1.1304417,1.2650839736410397,1.4709666666666665,1.0482763261481907
2010-02-19 17:00:00,1.2898,1.121332104590224,1.0924686,1.0565063544506927,0.7733666666666666,0.9666987193467428
2010-02-19 18:00:00,0.6971,1.269035622845731,1.272065,1.2757637065979006,0.7121,1.1565835767064514
2010-02-19 19:00:00,2.2974468085106383,1.644912217525488,1.6078202,1.713949682591617,1.1571333333333333,1.6806687969959744
2010-02-19 20:00:00,2.3605714285714288,1.7918197128372362,1.9134399,1.7314438183690135,2.1186,1.8849283418345129
2010-02-19 21:00:00,2.4071228070175437,1.5969406310829746,1.5968945,1.593148216187811,1.2646666666666666,1.651421418663565
2010-02-19 22:00:00,2.692833333333333,1.445080898702937,1.2849869,1.2267109167341066,1.650095238095238,1.5111640710924423
2010-02-19 23:00:00,1.9415593220338982,0.9797541004705618,0.7839468,1.2071661830477471,0.8308,1.0981788594965785
2010-02-20 00:00:00,1.4122333333333332,0.48870076178790145,0.515276,0.32452498174651145,0.3204745762711865,0.676608798890258
2010-02-20 01:00:00,1.4004333333333332,0.4639250719570734,0.44874188,0.22711130583621364,0.33049999999999996,0.6016045569145985
2010-02-20 02:00:00,0.33673333333333333,0.43242909565468374,0.4511508,0.4117295945232342,0.28696666666666665,0.6765138381798719
2010-02-20 03:00:00,0.3081,0.40819262127615197,0.40638244,0.23550049361320746,0.2921333333333333,0.6538460557467637
2010-02-20 04:00:00,0.31770000000000004,0.4116421047875585,0.4206207,0.20517349126919515,0.3372,0.7091694700027046
2010-02-20 05:00:00,0.29596666666666666,0.5203550700134327,0.37375155,0.3334286453696437,0.3571666666666667,0.7394528345204556
2010-02-20 06:00:00,0.6197666666666667,1.2753543981198354,0.8521474,0.6009568661767821,1.1429333333333331,1.1532770914178905
2010-02-20 07:00:00,2.045056603773585,1.6210077014316002,1.5221326,2.5338669769257693,1.9352542372881354,1.851994834002438
2010-02-20 08:00:00,1.6829333333333334,1.4743695719394716,1.3999221,1.7843650110430977,1.9306785714285712,1.6606907454450934
2010-02-20 09:00:00,1.500391304347826,1.3188804429143486,1.1918077,1.3885293705993202,1.8089090909090908,1.6679103008387974
2010-02-20 10:00:00,1.5942173913043478,1.406806465836958,1.1361884,1.4441724381371,1.6621290322580644,1.594543708765619
2010-02-20 11:00:00,1.6504333333333332,1.2788023009146188,1.0035279,1.422921817649711,1.5028666666666666,1.3621940105391745
2010-02-20 12:00:00,1.5052333333333332,1.2690662091330125,1.167233,1.5496485915000902,0.6698999999999999,1.2380146039085318
2010-02-20 13:00:00,1.602135593220339,1.4505377093647995,1.1538607,1.2205749218128625,2.4534838709677422,1.394398250534639
2010-02-20 14:00:00,1.4579666666666666,1.2263787915564455,1.1543794,1.815105283022417,2.6766666666666663,1.5535907519248626
2010-02-20 15:00:00,0.3484333333333333,1.250779274418668,1.1640575,1.5940520249056371,2.005733333333333,1.58172180756319
2010-02-20 16:00:00,0.34833333333333333,1.1548784364971545,0.9354266,1.0500734190175596,1.6035666666666666,1.4887613972458205
2010-02-20 17:00:00,0.45416666666666666,1.257332084639987,1.1202013,1.346721739150299,1.5794666666666666,1.3806330799916093
2010-02-20 18:00:00,2.805095238095238,1.3029085248863854,1.1853249,1.9007119840375144,1.5640666666666665,1.5792874670945936
2010-02-20 19:00:00,2.4319166666666665,1.3257288359463941,1.3890619,1.8043693124959104,1.5280999999999998,1.627404666941505
2010-02-20 20:00:00,2.044127659574468,1.3562155178453512,1.3554729,0.8252673721487471,1.5876666666666668,1.704813485126474
2010-02-20 21:00:00,1.5876326530612244,1.140830906445486,1.189057,1.4330733036676189,1.6402,1.5845493018133183
2010-02-20 22:00:00,1.3324,1.1062170865596925,1.0030646,1.3833350531600046,1.5538333333333334,1.6569307771496429
2010-02-20 23:00:00,0.7278333333333333,0.9537701054943207,0.7650434,1.3186541800763019,1.5836333333333334,1.4119725995942505
2010-02-21 00:00:00,0.3153666666666667,1.1668803814245912,0.76135945,0.40320264903199887,1.5946440677966103,0.9344093342318851
2010-02-21 01:00:00,0.7261000000000001,0.771306705755584,0.72922486,0.7053184314975787,0.9921333333333333,0.8386584954646373
2010-02-21 02:00:00,0.5900333333333333,0.6863405993478903,0.52707404,0.6874647403247572,0.5102,0.7238606008153396
2010-02-21 03:00:00,0.31993333333333335,0.6037494066662327,0.44332254,0.551106467435703,0.5337,0.5983221288944127
2010-02-21 04:00:00,0.3369,0.4743018438459399,0.48356792,0.25220251063820354,0.4831320754716981,0.5747044675662644
2010-02-21 05:00:00,0.31133333333333335,0.4839137912088705,0.47877,0.2241146873232761,0.4985333333333334,0.6110315149258327
2010-02-21 06:00:00,0.32273333333333337,1.0071445999585054,0.81324047,0.3750041523169221,0.48109999999999997,0.8007825155329408
2010-02-21 07:00:00,0.4013666666666667,1.100978704456053,1.0997506,0.9783378467062748,0.48383333333333334,1.033458020350511
2010-02-21 08:00:00,1.1725517241379309,1.3199951035398356,1.25211,1.0927212184850883,0.486,1.177387962289185
2010-02-21 09:00:00,1.3806222222222222,1.355670216291952,1.1228436,1.2239984730306526,0.4524666666666667,1.2521688075928872
2010-02-21 10:00:00,1.2588275862068965,1.4384506429623536,1.4872787,1.6157204578676039,0.5283333333333333,1.3194071313691618
2010-02-21 11:00:00,2.335,1.4346248450253092,1.3146868,1.0574753308241354,1.4403000000000001,1.33992252881878
2010-02-21 12:00:00,1.8300888888888889,1.5318728563757384,1.4064934,1.1913626417689005,1.3994666666666666,1.2115840042760122
2010-02-21 13:00:00,1.5541960784313724,1.32249471490569,1.3003838,1.5108698628595163,1.5053333333333332,1.3815854360827173
2010-02-21 14:00:00,2.6192,1.3406261645793096,1.1812766,1.4006048792226529,1.6249,1.4236279816148634
2010-02-21 15:00:00,1.996125,1.4141329118164996,1.2414148,1.7915305699284843,1.8530000000000002,1.4847715172462634
2010-02-21 16:00:00,1.883952380952381,1.441819001271392,1.4245667,1.4841552173383787,1.7702666666666667,1.4175536016373727
2010-02-21 17:00:00,2.8452941176470588,1.283042126030537,1.325547,1.722723324897936,1.809642857142857,1.5083373110252827
2010-02-21 18:00:00,2.0033214285714283,1.444313632517433,1.5561774,1.8289111672756149,1.8954166666666667,1.6832292027880857
2010-02-21 19:00:00,2.1541,1.8476554201012794,1.8514698,1.8599067582484041,2.2471555555555556,1.812979694875148
2010-02-21 20:00:00,2.5315000000000003,1.3781117047570521,1.5921345,1.3534330034598003,1.7217391304347827,1.6656977963573667
2010-02-21 21:00:00,2.3259,1.3844767722632532,1.3931603,1.3279652448405073,1.2545423728813558,1.4261193593836095
2010-02-21 22:00:00,2.1685999999999996,1.2589270063325428,1.0446212,1.1638026875302672,0.8745999999999999,1.1980072926666114
2010-02-21 23:00:00,1.61574358974359,0.919518970209426,1.0524187,0.9401401609787912,0.8707666666666667,1.1424664619572615
2010-02-22 00:00:00,1.7178,0.49577554753235703,0.5735439,0.3857632829888241,0.5692333333333333,0.6668203085201279
2010-02-22 01:00:00,0.5605666666666667,0.5271465637037034,0.5143475,0.4301343225746558,0.28669999999999995,0.568127225570212
2010-02-22 02:00:00,0.29683333333333334,0.4614120430938137,0.4480921,0.3600369671807886,0.3032542372881356,0.5168061863346156
2010-02-22 03:00:00,0.3202666666666667,0.5327928729327542,0.5277541,0.7389613374673165,0.36408,0.5857460762192206
2010-02-22 04:00:00,0.3087666666666667,0.5004357820299903,0.5289105,0.6287961294443448,0.3405660377358491,0.6073886350778999
2010-02-22 05:00:00,0.39343333333333336,0.451910020440773,0.52721035,0.5661276842126706,0.31787878787878787,0.6340646156887539
2010-02-22 06:00:00,0.5071707317073171,1.0834036504239388,0.8822785,1.119216571091381,1.0004406779661017,0.9784313925719675
2010-02-22 07:00:00,2.066866666666667,1.980232682764396,1.8357252,2.332600969416524,2.1329714285714285,1.6366652868918354
2010-02-22 08:00:00,1.5110416666666666,1.5076815753916333,1.5495876,1.7449145125727208,1.4227666666666667,1.3463224194228434
2010-02-22 09:00:00,1.3937446808510638,1.504663444619785,1.4631441,1.5375690573735126,1.3833,1.3310086788961346
2010-02-22 10:00:00,1.4273666666666667,1.3792661759133165,1.3326731,1.645552145493926,1.4214999999999998,1.323195047786057
2010-02-22 11:00:00,1.4194666666666664,1.2869936439071086,1.3784115,1.7012046262683875,1.3868333333333331,1.3645010954869066
2010-02-22 12:00:00,0.5645,1.1596719497343957,1.1137416,1.566718611327404,1.4012,1.2543590887023486
2010-02-22 13:00:00,0.718406779661017,1.0280677225457318,1.0454537,0.9444511843034107,1.4034,1.2842753350064926
2010-02-22 14:00:00,0.3567,0.9921628704615838,1.2249216,0.5980564813352208,1.4361960784313725,1.3228694050536745
2010-02-22 15:00:00,0.3516666666666667,1.2033090757273437,1.0857292,0.6043114958460365,0.7625762711864408,1.1852708063394422
2010-02-22 16:00:00,0.3861,1.3102254435337601,1.0659546,0.7636406062088422,0.36831034482758623,0.9971233340178366
2010-02-22 17:00:00,0.4318666666666667,1.3472017157348954,1.3168871,1.0329140557969845,0.5431666666666666,1.135456322523084
2010-02-22 18:00:00,0.6655,1.6460730148099694,1.5467342,2.2543513656653795,1.5169,1.6537718885946797
2010-02-22 19:00:00,0.8171724137931035,1.9536310004286932,2.1164765,2.9071722466937864,2.716413793103448,2.058030347714661
2010-02-22 20:00:00,2.53964,1.9622499101490185,1.957539,2.332533152186559,2.569090909090909,2.0029853962118525
2010-02-22 21:00:00,1.6468333333333334,1.759092565242907,1.7148026,1.9239715124814536,2.91776,1.9963716053674299
2010-02-22 22:00:00,0.4549,1.8069718467469549,1.5658264,2.228470498388445,2.6778399999999998,1.8558592502712707
2010-02-22 23:00:00,0.33076666666666665,1.2308435646175624,1.0811548,0.68947931611949,1.1593928571428571,1.2380348276116353
2010-02-23 00:00:00,0.3341333333333333,0.7083825193936879,0.7990822,0.7126124716929696,0.37456666666666666,0.683298517518032
2010-02-23 01:00:00,0.31586666666666663,0.6108091077219903,0.6145979,0.6611215670858834,0.38666666666666666,0.5552773869926029
2010-02-23 02:00:00,0.3199333333333333,0.6480638155593824,0.5948726,0.42403205645968167,0.39816666666666667,0.5674810846293241
2010-02-23 03:00:00,0.3716666666666667,0.5828569131642283,0.6392004,0.41379814184255914,0.36504,0.5847866316148556
2010-02-23 04:00:00,0.6366999999999999,0.5723196589479099,0.6637394,0.5123074484265202,0.4132,0.6453793364952083
2010-02-23 05:00:00,0.7226333333333332,0.7072678922867968,0.73907334,0.5745725220656137,0.4421935483870968,0.69681389596219
2010-02-23 06:00:00,0.4759333333333334,1.0671602475278568,1.0387999,0.9857796623339741,0.7014545454545454,0.8923928974953881
2010-02-23 07:00:00,1.534813559322034,1.907497834330024,1.803674,1.3394184664611057,2.1208085106382977,1.6339601853297865
2010-02-23 08:00:00,1.5426545454545455,1.591753126779276,1.6159792,1.7766206530433735,2.0013478260869566,1.4306813565687784
2010-02-23 09:00:00,1.712915254237288,1.4774970751392338,1.41682,1.4488270446170288,1.5068260869565215,1.2611444031241485
2010-02-23 10:00:00,1.5509333333333333,1.362648566494053,1.3157586,1.474708604988702,1.452892857142857,1.2139449932493023
2010-02-23 11:00:00,1.5083666666666666,1.347164374023713,1.3111736,1.4131716228647695,1.6532666666666667,1.2940907099176222
2010-02-23 12:00:00,1.0404666666666667,1.1695560254628143,1.2124465,1.1875114304661682,1.4228,1.1990926992964899
2010-02-23 13:00:00,0.3113666666666666,1.5113233681245333,1.4597872,1.117154121500038,2.1367118644067795,1.3159649536584954
2010-02-23 14:00:00,0.305,1.0608471531918287,1.3170568,0.8992764456970794,1.8003666666666664,1.235188964844517
2010-02-23 15:00:00,0.41766666666666663,1.0599710478027098,1.2656932,0.7670170014476574,1.5436666666666667,1.1085374214645682
2010-02-23 16:00:00,0.3423333333333333,0.952600276378787,1.2106391,0.5730945658959418,0.7285333333333334,0.8571189182810176
2010-02-23 17:00:00,0.3473333333333333,1.0938472543880307,1.2195861,0.9738818820659935,0.7314666666666666,0.9121298314109758
2010-02-23 18:00:00,0.42560000000000003,1.4018309619514855,1.7172933,1.4063687878053523,0.8071333333333333,1.2384725529147746
2010-02-23 19:00:00,2.3579523809523812,1.7212136370158964,1.6981599,1.657320989647293,1.3594358974358975,1.714119724429646
2010-02-23 20:00:00,1.2404814814814815,1.633795346108009,1.7965592,2.0958776883637737,1.7398,1.823747783128084
2010-02-23 21:00:00,1.2584166666666665,1.5958536836721924,1.671496,1.9867115573575767,2.0071,1.8954259112176577
2010-02-23 22:00:00,1.4425405405405407,1.1784800572641765,1.1738805,1.411288663090823,0.7555666666666667,1.4727180096719363
2010-02-23 23:00:00,0.377,0.9267055004447697,0.7768518,0.8341488444730327,0.4643666666666667,1.0966554618272237
2010-02-24 00:00:00,0.33180000000000004,0.587367849703362,0.7246141,0.5133596233666075,0.43079999999999996,0.6960699007459974
2010-02-24 01:00:00,0.35223333333333334,0.4624241984017962,0.586799,0.42381175314453623,0.38206666666666667,0.6762298905158939
2010-02-24 02:00:00,0.3415666666666667,0.4199867286053699,0.5261741,0.37595290756016453,0.3785,0.5158032910902666
2010-02-24 03:00:00,0.3921,0.4576391027740517,0.53844315,0.44616762811881094,0.38556666666666667,0.5230797211528315
2010-02-24 04:00:00,0.37386440677966104,0.6278327366056327,0.57268,0.49648253452700597,0.4095333333333333,0.5779399252878694
2010-02-24 05:00:00,0.3221333333333333,0.6749420817070129,0.64757454,0.8207544163093698,1.0322666666666667,0.7449123939057264
2010-02-24 06:00:00,1.2889666666666666,1.2431625323489681,1.050842,1.1660551062428453,0.8018333333333333,0.9497951823951034
2010-02-24 07:00:00,1.2385862068965516,1.6795151372597448,1.7598357,1.9122852950703004,1.357762711864407,1.5708377038944712
2010-02-24 08:00:00,1.9658181818181817,1.6396697048967206,1.6132512,1.5651543891003064,1.8405106382978724,1.4920375294117108
2010-02-24 09:00:00,1.5111555555555554,1.5227607043974383,1.5102834,1.6600940274165306,1.856888888888889,1.4092237999539419
2010-02-24 10:00:00,1.5845666666666667,1.465862993186615,1.3980325,1.458842286399911,1.5724,1.2837084261621263
2010-02-24 11:00:00,1.7941016949152544,1.3330729869935416,1.29961,1.4198996460825657,1.5289473684210524,1.2655481305685536
2010-02-24 12:00:00,1.7534285714285713,1.4642574145653626,1.0686083,1.308239635366117,2.8276,1.3993574664479418
2010-02-24 13:00:00,1.5309666666666668,1.5878904305193962,1.4388967,1.9519469233915014,1.716,1.3884379280772166
2010-02-24 14:00:00,1.4690877192982457,1.391363506029191,1.2978963,1.2365164627592617,0.9716800000000001,1.0426090068404956
2010-02-24 15:00:00,1.4699,1.32141175944819,1.2248725,1.479364582532307,1.7296603773584904,0.9376030045245622
2010-02-24 16:00:00,1.4242033898305084,1.0305643125631372,1.1090131,1.0420674801073404,0.6354000000000001,0.7934693192937119
2010-02-24 17:00:00,1.4261666666666666,1.2496971590135413,1.291185,0.9373062124373506,1.3218666666666665,1.0763766048670995
2010-02-24 18:00:00,1.4903000000000002,1.8256657336896163,1.7598399,1.2673454204969967,2.1710333333333334,1.4560669065809186
2010-02-24 19:00:00,1.4721724137931034,1.6110802094159178,1.6243169,1.8463024600312974,1.7154909090909092,1.6144507799910506
2010-02-24 20:00:00,2.316818181818182,1.773368263682399,1.6313242,1.9480451275344572,2.7227555555555556,1.852550768220878
2010-02-24 21:00:00,1.4818,1.7280519980267064,1.3546542,1.5495906694830834,1.4457666666666666,1.6322632367749472
2010-02-24 22:00:00,1.2430666666666668,1.1277966141742832,1.1062069,1.148127870907319,0.3614,1.125893283486106
2010-02-24 23:00:00,0.5920333333333333,0.5863778305916513,0.6531515,0.44557218016253075,0.3583,0.7228332866741872
2010-02-25 00:00:00,0.6841,0.5385618899979777,0.5208961,0.4827567531787552,0.3686,0.46610553140420374
2010-02-25 01:00:00,0.41463333333333335,0.40471905032287814,0.5017784,0.2446803216379949,0.3077666666666667,0.4766258651979338
2010-02-25 02:00:00,1.0814666666666666,0.5324628663154413,0.4861512,0.3631883626256608,0.9475666666666667,0.6151456158683686
2010-02-25 03:00:00,0.32939999999999997,0.5007731047901504,0.51574826,0.38004986144064923,0.31852631578947366,0.5722863967170702
2010-02-25 04:00:00,0.2952,0.5925251886423923,0.56004006,0.473415302775141,0.29433333333333334,0.5936712070409208
2010-02-25 05:00:00,0.2950666666666667,0.5734552731342013,0.621601,0.45548032190409227,0.29803846153846153,0.6894057609674018
2010-02-25 06:00:00,0.6400666666666667,1.2842154008339262,1.034661,1.0579462285057293,0.8100727272727273,0.8724643480953421
2010-02-25 07:00:00,1.768877192982456,1.9257109604056608,1.8618246,1.6524382182668675,2.3838,1.6646981842844863
2010-02-25 08:00:00,1.4933666666666667,1.597879461489827,1.5953023,1.553763808470762,1.8681333333333332,1.658042781471826
2010-02-25 09:00:00,1.4216949152542373,1.415056943830467,1.2944942,1.250184787494719,1.3786666666666667,1.3565799154052953
2010-02-25 10:00:00,1.5112999999999999,1.276486962908488,1.197374,1.3613865573811619,1.3958666666666666,1.236996336148972
2010-02-25 11:00:00,1.7162,1.3010962017401033,1.2094308,1.5017381096507443,1.3963,1.2192828833578366
2010-02-25 12:00:00,1.6731525423728812,1.2859947859477967,1.1693884,0.7798540187388388,1.4571333333333334,1.3748291492043383
2010-02-25 13:00:00,1.543593220338983,1.163231720213495,1.1683974,0.7307147931277631,1.8135,1.2294595235859571
2010-02-25 14:00:00,1.5409333333333335,1.0172223070918387,0.9539913,1.0054477304952936,1.9985666666666666,1.1039576046830866
2010-02-25 15:00:00,1.452701754385965,0.9197821679992296,0.97013885,0.30114387020687716,1.5628,1.1573671786747113
2010-02-25 16:00:00,2.0642666666666667,1.1541988089962134,1.0912462,0.7265545375274602,1.2193,0.8759227824558911
2010-02-25 17:00:00,2.038406779661017,0.9145211169736075,1.0151514,0.6468169496408497,0.3348333333333333,0.8213440069367566
2010-02-25 18:00:00,1.8576000000000001,1.3093702547438861,1.210969,1.3862495679690547,0.7990588235294118,1.1623170795927467
2010-02-25 19:00:00,1.4462181818181818,1.7669964134142615,1.5625082,1.7355375803561823,2.7392105263157895,1.8223348614692705
2010-02-25 20:00:00,1.413,1.9229225802412486,1.796902,1.3717135981242048,2.4950666666666668,1.9736102034203558
2010-02-25 21:00:00,1.74659649122807,1.3838958917851891,1.4071176,1.4281928174018097,1.1619333333333333,1.3597925583564536
2010-02-25 22:00:00,1.6735,0.909990510516836,0.77676207,0.48956312968802074,0.5781666666666666,0.8656060091937338
2010-02-25 23:00:00,0.9952000000000001,0.771784635755654,0.7194952,0.7771263042070521,0.3452,0.7284386550020464
2010-02-26 00:00:00,0.6327999999999999,0.4967812857762112,0.5805034,0.3241225934986248,0.34026666666666666,0.5298661447111304
2010-02-26 01:00:00,0.3358666666666667,0.5855240548881827,0.62473035,0.34469044293700435,0.36343333333333333,0.529809342166838
2010-02-26 02:00:00,0.3320666666666667,0.5351379938478105,0.61587757,0.5685333408796907,0.3091333333333333,0.7013198771006586
2010-02-26 03:00:00,0.6876333333333334,0.6406559494716417,0.7595849,0.3340996750387013,0.5898,0.6564113768552906
2010-02-26 04:00:00,0.637,0.657409642217865,0.6976763,0.46272620764748673,0.6547666666666667,0.7086835827237759
2010-02-26 05:00:00,0.38,0.7231027278737987,0.6625234,0.7070572617601878,0.29779999999999995,0.6792384252416273
2010-02-26 06:00:00,0.6094,1.0576987430806606,1.0220873,0.8919427405791986,0.6326,0.9534420401045757
2010-02-26 07:00:00,1.5421702127659573,1.7327704559150512,1.768367,0.8955299736223257,2.0396315789473682,1.7632509799715212
2010-02-26 08:00:00,0.9420666666666667,1.7179679134915957,1.7141262,1.4006368133003555,2.0765666666666664,1.65801990018383
2010-02-26 09:00:00,0.7372666666666666,1.5148735381992853,1.5809706,1.3673346063650123,1.7879130434782609,1.4730007635142186
2010-02-26 10:00:00,1.2963666666666667,1.427160802529932,1.4222211,1.3636272504667293,1.5958666666666665,1.3996588714371607
2010-02-26 11:00:00,1.9303333333333335,1.349999759655305,1.3346652,1.221034310752245,1.5793636363636365,1.4063787739994216
2010-02-26 12:00:00,1.6088070175438596,1.3894558176305936,1.3740959,1.5902533293731853,1.2960333333333334,1.3694382594040075
2010-02-26 13:00:00,2.1043703703703702,1.214712528939333,1.1545568,1.2515066279919655,0.3747666666666667,1.0701639773231868
2010-02-26 14:00:00,1.4112666666666667,1.1229726504923954,1.0749053,1.519857942683996,0.57088,1.0397725986840256
2010-02-26 15:00:00,0.8268813559322035,1.2576382433825595,1.0669094,1.4602061384990146,0.31706666666666666,1.0013467279850552
2010-02-26 16:00:00,1.4314333333333333,1.3078943153918343,1.2602413,0.8001860703218233,1.458542372881356,1.1860533041634533
2010-02-26 17:00:00,1.6354333333333335,1.3270155501407352,1.2525563,1.246927151146212,1.2898,1.0913285848136165
2010-02-26 18:00:00,1.5315185185185185,1.2732270587191694,1.250541,1.2918778070686405,0.6971,1.178131369821763
2010-02-26 19:00:00,2.6847931034482757,2.104306239583013,1.6780517,1.750991521696399,2.2974468085106383,1.8588960250797701
2010-02-26 20:00:00,2.4521403508771926,1.970498933231304,1.9236983,1.5186718604466642,2.3605714285714288,2.04163795086414
2010-02-26 21:00:00,2.6431020408163266,1.8138127759056126,1.758879,1.8309244821354556,2.4071228070175437,1.6923075152403155
2010-02-26 22:00:00,2.5771162790697675,1.841724340035739,1.52121,1.863665422404646,2.692833333333333,1.6141359092384504
2010-02-26 23:00:00,1.6915666666666667,1.1516478854974372,1.2640051,1.211066748662564,1.9415593220338982,1.2613261429443723
2010-02-27 00:00:00,0.791,0.5590580465137222,0.86052454,0.08389288289962216,1.4122333333333332,0.8543569547936017
2010-02-27 01:00:00,0.3078,0.9631829031232377,0.78389394,0.26469550213458903,1.4004333333333332,0.7818566191085836
2010-02-27 02:00:00,0.37853333333333333,0.5795121742642714,0.64551836,0.4243825218906818,0.33673333333333333,0.5792507831520725
2010-02-27 03:00:00,0.3720333333333333,0.6047803833371707,0.73968697,0.604097025779659,0.3081,0.5012736749156429
2010-02-27 04:00:00,0.3013333333333333,0.6463798213245517,0.75385725,0.5382423641493925,0.31770000000000004,0.5599399597616592
2010-02-27 05:00:00,0.30263333333333337,0.5985836425635604,0.77488625,0.4769705838937668,0.29596666666666666,0.603957605026382
2010-02-27 06:00:00,0.3033,1.0480244514606092,0.99623024,0.5437030864323303,0.6197666666666667,0.9081726575728297
2010-02-27 07:00:00,0.5425666666666668,1.9768285572350788,1.8708946,1.5531531178111544,2.045056603773585,1.7218761234701845
2010-02-27 08:00:00,0.6466666666666666,1.5819879851293075,1.7191474,1.6604866269664902,1.6829333333333334,1.7284410865877953
2010-02-27 09:00:00,1.5447666666666666,1.444482794563963,1.5028752,1.240756560559054,1.500391304347826,1.5659020487705737
2010-02-27 10:00:00,1.7581333333333333,1.4307486252670258,1.453107,1.6052474087915303,1.5942173913043478,1.5104444121641123
2010-02-27 11:00:00,2.112390243902439,1.4121362561267585,1.5035161,1.5466710279251643,1.6504333333333332,1.526411834465423
2010-02-27 12:00:00,1.7181666666666666,1.3083725529499532,1.3385438,1.5636559437184365,1.5052333333333332,1.3364291364408278
2010-02-27 13:00:00,1.6232916666666668,1.198775260921532,1.2067806,1.5232854552417507,1.602135593220339,1.4512417380536664
2010-02-27 14:00:00,1.519,1.026832738418299,1.0271174,0.5578499568614087,1.4579666666666666,1.406414699560106
2010-02-27 15:00:00,1.3955333333333333,1.127272709102351,1.0636659,0.5588301833880528,0.3484333333333333,1.0198416636588428
2010-02-27 16:00:00,1.6359148936170211,1.188005496523994,1.2448437,1.2991149383504115,0.34833333333333333,1.0180580038171976
2010-02-27 17:00:00,2.4373454545454547,1.48293892902967,1.5120664,2.240728239052604,0.45416666666666666,1.0663706109904851
2010-02-27 18:00:00,2.631266666666667,1.8709375889325808,1.7952337,1.7510714546441823,2.805095238095238,1.5743801401212312
2010-02-27 19:00:00,1.6353,2.1198716557910804,1.983837,1.006370622200939,2.4319166666666665,2.0264196543549646
2010-02-27 20:00:00,1.6344999999999998,1.7172319464312642,1.7402683,2.186116913471474,2.044127659574468,1.8587692518697363
2010-02-27 21:00:00,0.6864333333333333,1.5010819417988082,1.6628671,1.9367083232808153,1.5876326530612244,1.6575595464213935
2010-02-27 22:00:00,0.5222,1.3095930451927424,1.212277,1.108974592513727,1.3324,1.553655288542267
2010-02-27 23:00:00,0.4863,0.9859845725196092,0.98343414,0.5071443142661847,0.7278333333333333,1.2745220214447648
2010-02-28 00:00:00,0.5360350877192983,0.900694767109625,0.9163076,1.1479272213156404,0.3153666666666667,0.8336431523960506
2010-02-28 01:00:00,0.5520666666666667,0.7254102070245692,0.856717,0.9262469246698501,0.7261000000000001,0.9000940803070301
2010-02-28 02:00:00,0.5487666666666667,0.7708894118682591,0.73515886,0.39959760057666904,0.5900333333333333,0.7035716823255325
2010-02-28 03:00:00,0.5045,0.6730187974203506,0.5904199,0.44985419464424814,0.31993333333333335,0.6890803331103483
2010-02-28 04:00:00,0.5152666666666667,0.56996396321475,0.5497735,0.496871800941978,0.3369,0.7124820542764251
2010-02-28 05:00:00,1.1840666666666666,0.606086271003792,0.5748015,0.536354959682831,0.31133333333333335,0.7441012480706097
2010-02-28 06:00:00,0.6705,0.8881487818084092,0.6630634,0.5860383291239415,0.32273333333333337,0.8610593142371691
2010-02-28 07:00:00,0.599,1.023381440250796,0.9346204,0.8045952917421951,0.4013666666666667,1.169847074693838
2010-02-28 08:00:00,0.49776666666666664,1.2001440594837083,1.0890936,1.1816098335317655,1.1725517241379309,1.3068301815126464
2010-02-28 09:00:00,0.47373333333333334,1.4613364336816077,1.4122378,1.5349841822427999,1.3806222222222222,1.4120131775220324
2010-02-28 10:00:00,0.4535,1.4441032605762327,1.5059887,1.9019524022121954,1.2588275862068965,1.3742454272162021
2010-02-28 11:00:00,0.2943,1.588890529022045,1.4492463,2.1997991049639003,2.335,1.6576846133709333
2010-02-28 12:00:00,0.3297333333333333,1.4573219134180464,1.4066424,1.5149823132021205,1.8300888888888889,1.5858892003635647
2010-02-28 13:00:00,0.3858,1.3639169984300599,1.4656572,1.4064176174688285,1.5541960784313724,1.4318591879480256
2010-02-28 14:00:00,0.34983333333333333,1.4504309781217264,1.5229021,1.8030149506406514,2.6192,1.432092344505091
2010-02-28 15:00:00,1.2580333333333333,1.5061882343984576,1.7333611,2.49141216797743,1.996125,1.381397244592713
2010-02-28 16:00:00,0.32913333333333333,1.3960603823015472,1.548935,1.789859224279336,1.883952380952381,1.4400306945018908
2010-02-28 17:00:00,0.30826666666666663,1.7835492030267168,1.9807307,1.3697187522342176,2.8452941176470588,1.5743682852628753
2010-02-28 18:00:00,0.3589,1.7746843771285574,1.8712536,1.948469798610873,2.0033214285714283,1.8526188976925884
2010-02-28 19:00:00,0.40896666666666665,1.7607089860510299,1.883559,1.7236896913073503,2.1541,1.9329178804925393
2010-02-28 20:00:00,0.3419,1.9470919081314721,1.9314948,1.3335098808111792,2.5315000000000003,1.8901352754403922
2010-02-28 21:00:00,0.28543333333333337,1.8199472875641933,1.6392162,2.439822465252826,2.3259,1.8113454222140666
2010-02-28 22:00:00,0.29613333333333336,1.7769995552693576,1.4516183,1.546892535644788,2.1685999999999996,1.6532773175228646
2010-02-28 23:00:00,0.3453333333333333,1.1457850087073604,1.2039187,1.3885664301812695,1.61574358974359,1.3433929463060315
2010-03-01 00:00:00,0.3574333333333334,1.1033762679350345,0.89183134,0.8130458151108498,1.7178,0.9348999018082984
2010-03-01 01:00:00,1.0627333333333333,0.5684976907660818,0.46033043,-0.07270211901311052,0.5605666666666667,0.691108718343423
2010-03-01 02:00:00,0.5331666666666667,0.5853618909048512,0.49505535,0.3576598141852011,0.29683333333333334,0.49805198512907245
2010-03-01 03:00:00,0.2927666666666667,0.4636805726136935,0.4708423,0.2815852499171565,0.3202666666666667,0.49988163628652704
2010-03-01 04:00:00,0.33686666666666665,0.4678008539804867,0.46144587,0.25764410749974853,0.3087666666666667,0.5573208622330648
2010-03-01 05:00:00,0.3665333333333333,0.5467638098565557,0.5819916,0.683102787001272,0.39343333333333336,0.6430979571750003
2010-03-01 06:00:00,0.3259666666666667,0.9850168383083358,0.8465864,0.6802847510945287,0.5071707317073171,0.7950668986115955
2010-03-01 07:00:00,0.28966666666666663,1.7851357051065215,1.873581,1.6155767260604121,2.066866666666667,1.4989982412143783
2010-03-01 08:00:00,0.4162666666666667,1.486400302241233,1.3945456,1.4392166841697231,1.5110416666666666,1.4086118151524774
2010-03-01 09:00:00,0.3872,1.3881210230179633,1.2954981,1.0919251781831663,1.3937446808510638,1.3479582231994751
2010-03-01 10:00:00,0.39926666666666666,1.3360582251226034,1.2682245,1.376447071656261,1.4273666666666667,1.3677074048444
2010-03-01 11:00:00,1.5302631578947368,1.2030754601171962,1.0984311,1.4990651981174503,1.4194666666666664,1.4382588984223181
2010-03-01 12:00:00,2.096101694915254,1.2120165149980902,1.142705,1.340318165210745,0.5645,1.163558731323956
2010-03-01 13:00:00,1.479220338983051,1.1523466601079446,0.94668895,0.6488315898099665,0.718406779661017,1.0429859700354869
2010-03-01 14:00:00,1.4439666666666668,1.1350477338571208,0.9602385,1.3301410397772615,0.3567,1.1635177992455605
2010-03-01 15:00:00,1.0298333333333334,1.0065363935215896,0.90669334,0.8177283618795506,0.3516666666666667,0.9289762754595676
2010-03-01 16:00:00,0.9595,1.1871173066397906,0.89250135,0.9117693034022168,0.3861,0.9328923547197657
2010-03-01 17:00:00,0.9247666666666666,1.113735626352238,1.2668326,1.1222494843782702,0.4318666666666667,1.173757233829643
2010-03-01 18:00:00,0.8759666666666667,1.6960882519789666,1.8233091,1.257618542113014,0.6655,1.5082474319887562
2010-03-01 19:00:00,0.8483333333333333,1.8163955420075737,1.963145,1.6687817175399604,0.8171724137931035,1.7787477612531024
2010-03-01 20:00:00,1.5795,1.9023562973947161,2.0625563,1.3896553984490785,2.53964,2.236470114622344
2010-03-01 21:00:00,0.9711666666666666,1.810055099599234,1.6043041,2.3670604572240572,1.6468333333333334,2.016633260284377
2010-03-01 22:00:00,1.2349666666666665,1.249134853456236,1.2266281,1.2409033146180115,0.4549,1.5851170378728914
2010-03-01 23:00:00,1.0026333333333333,0.9097487265816001,0.72516793,0.8873460021977718,0.33076666666666665,1.1258574894261109
2010-03-02 00:00:00,0.4800333333333333,0.5530321604071358,0.6642717,0.5803143340641017,0.3341333333333333,0.761652929541193
2010-03-02 01:00:00,0.4935,0.48433154182357474,0.5703649,0.3862051744843815,0.31586666666666663,0.671875866708916
2010-03-02 02:00:00,0.5536666666666666,0.5656332698751736,0.5370191,0.3416024306804686,0.3199333333333333,0.6041774152013937
2010-03-02 03:00:00,0.5527666666666667,0.5144988951559115,0.5265031,0.325980703689857,0.3716666666666667,0.6619300425918556
2010-03-02 04:00:00,0.4892666666666667,0.6491087754698824,0.69173175,0.5185226964751184,0.6366999999999999,0.7944084669122942
2010-03-02 05:00:00,0.5059333333333333,0.6391584438167804,0.6580945,0.6563763178003293,0.7226333333333332,0.838747001308153
2010-03-02 06:00:00,0.5280666666666667,0.9413893628280409,0.8923948,0.5858799385353011,0.4759333333333334,0.8987719391936543
2010-03-02 07:00:00,0.4891333333333333,1.4767429750536964,1.7298024,1.4786364403036902,1.534813559322034,1.5381758768163682
2010-03-02 08:00:00,1.4372222222222222,1.5723853435704382,1.6548576,1.3585191230329177,1.5426545454545455,1.5572894337380192
2010-03-02 09:00:00,0.3081,1.3667251398533122,1.398816,1.2921099668344334,1.712915254237288,1.4864001334757542
2010-03-02 10:00:00,0.3351,1.3298126299516075,1.301962,1.2531872394543984,1.5509333333333333,1.3947089390168392
2010-03-02 11:00:00,0.34136666666666665,1.4455701250729747,1.404679,1.1649728479276096,1.5083666666666666,1.4707501733685868
2010-03-02 12:00:00,0.5778666666666668,1.1852542772864896,1.2139591,1.3360547377122924,1.0404666666666667,1.1780987386064727
2010-03-02 13:00:00,0.9327666666666666,1.1140570213595247,1.0274385,0.7869288305203502,0.3113666666666666,1.0537620715973073
2010-03-02 14:00:00,0.35973333333333335,1.2441084975387218,1.1830348,1.2583979587960366,0.305,1.002059305126949
2010-03-02 15:00:00,0.31776666666666664,1.1254634457452772,1.0990465,0.80338217918004,0.41766666666666663,0.9864772475176046
2010-03-02 16:00:00,0.30510000000000004,0.861202382516363,0.9030339,0.5813074083470708,0.3423333333333333,0.9086414548837211
2010-03-02 17:00:00,0.3277333333333334,1.0324436085021143,1.1434221,0.9289367538104693,0.3473333333333333,1.0440387715543382
2010-03-02 18:00:00,0.3562,1.2432400502250784,1.1932632,1.058788135350359,0.42560000000000003,1.0835867008864575
2010-03-02 19:00:00,0.38833333333333336,1.7021765570860525,1.5945103,0.9666928420063251,2.3579523809523812,1.7699432278560507
2010-03-02 20:00:00,0.3219333333333333,1.8871422034612502,1.6994593,1.678863209341365,1.2404814814814815,1.9021163579167313
2010-03-02 21:00:00,0.4192666666666666,1.4994702724387552,1.5660745,1.0689848805763642,1.2584166666666665,1.6973900356251206
2010-03-02 22:00:00,1.0003666666666666,1.325238596849522,1.3816402,0.6249221201957794,1.4425405405405407,1.3537071207334501
2010-03-02 23:00:00,0.8228666666666666,0.9372113576470863,0.8908566,1.0380551240824518,0.377,1.0062183311573945
2010-03-03 00:00:00,0.7674333333333333,0.4915080270559711,0.5253357,0.4954278400666289,0.33180000000000004,0.6881124214189174
2010-03-03 01:00:00,0.6553,0.4534367093900279,0.4739681,0.5609976710826869,0.35223333333333334,0.579291150045611
2010-03-03 02:00:00,0.5165666666666666,0.427851062697423,0.45442146,0.3615319005398884,0.3415666666666667,0.634225981503137
2010-03-03 03:00:00,0.39339999999999997,0.5742398675614145,0.5685869,0.39976262740454804,0.3921,0.6741927435845101
2010-03-03 04:00:00,0.3500666666666667,0.525750706259731,0.5254664,0.4744601961793967,0.37386440677966104,0.7347743317547504
2010-03-03 05:00:00,0.38089999999999996,0.5920076475899896,0.54148966,0.6537342661044738,0.3221333333333333,0.8987728468274595
2010-03-03 06:00:00,0.31166666666666665,1.1428973591052496,0.9924286,1.1053284748477323,1.2889666666666666,1.0301529523988928
2010-03-03 07:00:00,1.0407666666666666,1.4881513682244787,1.5167832,1.8445332550518558,1.2385862068965516,1.4737732243498305
2010-03-03 08:00:00,1.5217333333333334,1.4889907892873537,1.5152847,1.3047533778326954,1.9658181818181817,1.6103714970496266
2010-03-03 09:00:00,1.4346999999999999,1.4278307886906683,1.424486,1.140191381343088,1.5111555555555554,1.5217506613078589
2010-03-03 10:00:00,1.4497333333333333,1.4550591817575824,1.3128209,1.4339335417763954,1.5845666666666667,1.4138450398738618
2010-03-03 11:00:00,1.4351333333333334,1.3739165895045826,1.2826792,1.54236843486861,1.7941016949152544,1.4699732422062282
2010-03-03 12:00:00,0.6067666666666667,1.3483116591831907,1.2035179,0.9379573013881555,1.7534285714285713,1.5001039385159083
2010-03-03 13:00:00,0.3625333333333333,1.2879031042668316,1.2677877,1.366027377539812,1.5309666666666668,1.1724164884022608
2010-03-03 14:00:00,0.3437,1.3272346850870311,1.2329313,1.5023773606786053,1.4690877192982457,1.02213129680178
2010-03-03 15:00:00,0.41186666666666666,1.2578512755867228,1.1267966,1.543628971455572,1.4699,1.146845593130547
2010-03-03 16:00:00,0.3362666666666667,1.1866678707810174,1.097463,1.4242010539615553,1.4242033898305084,0.9856593355538268
2010-03-03 17:00:00,0.36363333333333336,1.1543760555025075,1.186107,1.3495247112052005,1.4261666666666666,1.085901043843198
2010-03-03 18:00:00,0.3205666666666667,1.3789172960698222,1.3784127,0.952002839494762,1.4903000000000002,1.334292232805291
2010-03-03 19:00:00,0.3219666666666667,1.3713383039545501,1.3922483,1.770062632814939,1.4721724137931034,1.559655646725576
2010-03-03 20:00:00,0.9958333333333333,1.7595727555168972,1.7817649,1.2779752931808914,2.316818181818182,1.8777645655928024
2010-03-03 21:00:00,0.5968,1.4228837805483305,1.525339,1.5978197673208685,1.4818,1.47175196326301
2010-03-03 22:00:00,0.34376666666666666,1.1123794859206426,0.98928,1.4320357425998442,1.2430666666666668,1.0033000203489637
2010-03-03 23:00:00,0.33613333333333334,0.7759185339531076,0.93317914,0.4156606024338163,0.5920333333333333,0.8103361185912525
2010-03-04 00:00:00,0.33713333333333334,0.46711729558771864,0.49472705,0.42294079124562955,0.6841,0.5945970607673023
2010-03-04 01:00:00,0.33816666666666667,0.5079050437205838,0.5330319,0.5089137763341571,0.41463333333333335,0.5666146287584843
2010-03-04 02:00:00,0.38480000000000003,0.5171884056846349,0.5965926,0.4167071128070382,1.0814666666666666,0.7577824996936101
2010-03-04 03:00:00,0.34163333333333334,0.47636226088772504,0.5552075,0.4076916496880252,0.32939999999999997,0.5798058434419995
2010-03-04 04:00:00,0.3218,0.4666142079469977,0.5730811,0.4240038724135744,0.2952,0.5741550041663301
2010-03-04 05:00:00,0.3137,0.5726108664663041,0.58250785,0.656490063922476,0.2950666666666667,0.6372235341602742
2010-03-04 06:00:00,1.28,1.0564364466315663,1.0744824,0.813956557139552,0.6400666666666667,0.9008811665101554
2010-03-04 07:00:00,0.4032666666666667,1.507234849400314,1.6852087,1.4302970449913897,1.768877192982456,1.523073826566242
2010-03-04 08:00:00,0.3548666666666667,1.56392555041264,1.6502688,1.7686269985823513,1.4933666666666667,1.5041197281189853
2010-03-04 09:00:00,0.3700333333333334,1.4681247933097372,1.4713868,1.53045417679936,1.4216949152542373,1.3470472372964835
2010-03-04 10:00:00,0.3516,1.4444243179491543,1.3634446,1.6239341183558724,1.5112999999999999,1.3355009151547026
2010-03-04 11:00:00,0.3425862068965517,1.4167506518077777,1.319925,1.57652881072836,1.7162,1.4124887469163117
2010-03-04 12:00:00,0.38659999999999994,1.337855574027017,1.2950832,1.613242697429528,1.6731525423728812,1.3746185370992894
2010-03-04 13:00:00,0.3859333333333333,1.1931091848348705,1.0915183,1.6191994239966512,1.543593220338983,1.2807965027771817
2010-03-04 14:00:00,0.3171666666666667,1.2061340853659992,1.129075,1.9266797829674807,1.5409333333333335,1.2479345164954005
2010-03-04 15:00:00,0.3257333333333333,1.2062053728822564,1.105679,1.4882715712071846,1.452701754385965,1.1397634775127108
2010-03-04 16:00:00,1.2828000000000002,1.176729031300865,1.1588758,1.295276148153809,2.0642666666666667,1.2467187153164923
2010-03-04 17:00:00,0.3858333333333333,1.4771848222249901,1.5314587,1.4767940669887076,2.038406779661017,1.2079865300000008
2010-03-04 18:00:00,0.6367666666666667,1.3255523258820645,1.4395299,1.924755975455382,1.8576000000000001,1.3132866736739297
2010-03-04 19:00:00,0.48863333333333336,1.5256750558951895,1.5924139,1.6025141884716299,1.4462181818181818,1.690163972194762
2010-03-04 20:00:00,0.48403333333333337,1.4894691765453336,1.4479508,1.3719693336539371,1.413,1.638697781103982
2010-03-04 21:00:00,0.4834333333333333,1.4132526281288225,1.5304996,1.5125076267650925,1.74659649122807,1.3984236412041953
2010-03-04 22:00:00,0.49926666666666664,1.3411497798056606,1.1947035,1.2854528627251505,1.6735,1.3196406169350494
2010-03-04 23:00:00,0.5440666666666666,0.8689410691760225,0.6539467,0.26335479724617084,0.9952000000000001,0.9439160211246386
2010-03-05 00:00:00,0.5011333333333333,0.5999615370304073,0.79314613,0.7102858332391229,0.6327999999999999,0.6030004156665529
2010-03-05 01:00:00,0.48556666666666665,0.46420967266988056,0.4929568,0.6559862017340472,0.3358666666666667,0.5128355848658995
2010-03-05 02:00:00,1.3871,0.49917132312314166,0.58971643,0.5661082270952997,0.3320666666666667,0.596109977516142
2010-03-05 03:00:00,0.5762333333333333,0.4502664612050628,0.54876107,0.46633570381277667,0.6876333333333334,0.6491527451019274
2010-03-05 04:00:00,0.5479333333333333,0.545645285565812,0.64250666,0.630484243722987,0.637,0.7188821807000727
2010-03-05 05:00:00,0.5155,0.6376923955581829,0.62117505,0.8007797761808996,0.38,0.6506786965659419
2010-03-05 06:00:00,0.4806,1.3447183273323062,1.1344959,1.2646366492254053,0.6094,0.8856946865434036
2010-03-05 07:00:00,0.46799999999999997,1.4021129870141926,1.63057,1.602563823787101,1.5421702127659573,1.398597417272313
2010-03-05 08:00:00,0.3695333333333333,1.6577726519482752,1.4932108,1.8539159797388112,0.9420666666666667,1.375795833733752
2010-03-05 09:00:00,0.3592666666666667,1.556907891529378,1.6087296,1.845410853187322,0.7372666666666666,1.236340161068602
2010-03-05 10:00:00,0.5250333333333334,1.5032292022649087,1.4761459,1.8659420207870356,1.2963666666666667,1.308170187615887
2010-03-05 11:00:00,0.5063666666666667,1.300565193031681,1.3691878,1.5487932873138206,1.9303333333333335,1.5083851085057236
2010-03-05 12:00:00,1.377448275862069,1.346807070194309,1.366887,1.2714336731768556,1.6088070175438596,1.3635659557843558
2010-03-05 13:00:00,1.630122448979592,1.5255980579023989,1.3836403,1.028960597793283,2.1043703703703702,1.2355767890575675
2010-03-05 14:00:00,1.5041739130434781,1.3953351217563323,1.2717892,1.407590220584441,1.4112666666666667,1.1733875114332624
2010-03-05 15:00:00,0.6727719298245614,1.398184430112168,1.2109073,1.2591173568359502,0.8268813559322035,0.98210155426955
2010-03-05 16:00:00,0.4033666666666667,1.3367614997645858,1.1457813,1.5766952221058521,1.4314333333333333,1.3086451862294317
2010-03-05 17:00:00,0.3437,1.3358679327706198,1.2540293,1.5010461391734073,1.6354333333333335,1.4064061353715682
2010-03-05 18:00:00,0.30566666666666664,1.4622213061736944,1.4669377,1.7242113345074124,1.5315185185185185,1.369267008471095
2010-03-05 19:00:00,1.3309615384615385,1.8586724450365009,1.8698126,2.39409970435097,2.6847931034482757,1.836881859928942
2010-03-05 20:00:00,0.9202592592592593,1.9168060375312583,1.7076064,1.7768624178886032,2.4521403508771926,1.857887119787139
2010-03-05 21:00:00,0.8813333333333333,1.5891428885080467,1.6676306,1.7277018796259687,2.6431020408163266,1.8643169993991366
2010-03-05 22:00:00,0.9209666666666666,1.503997789125277,1.282606,1.3286707177864707,2.5771162790697675,1.814786989263114
2010-03-05 23:00:00,0.4879,1.1813761612612494,0.7944552,0.36283113706296577,1.6915666666666667,1.326037811643493
2010-03-06 00:00:00,0.37421818181818184,0.6244897617539852,0.5593096,0.6167487731670713,0.791,0.8117074158223141
2010-03-06 01:00:00,0.3701666666666667,0.6605418098257537,0.61551195,0.4999749243580177,0.3078,0.6285711063877932
2010-03-06 02:00:00,0.3031666666666667,0.5333352731551987,0.5637074,0.5925183487248471,0.37853333333333333,0.5452435858507831
2010-03-06 03:00:00,0.3353,0.5852045828178633,0.60380346,0.6288155074574936,0.3720333333333333,0.5890992989054955
2010-03-06 04:00:00,0.2996,0.6053580238248428,0.60195184,0.5907489740341387,0.3013333333333333,0.6176383188093314
2010-03-06 05:00:00,0.29463333333333336,0.6398625074648742,0.7382665,0.7641208044916113,0.30263333333333337,0.6866722055504579
2010-03-06 06:00:00,0.6253333333333333,0.8542751028815815,0.9103443,0.590310066355238,0.3033,0.8208042928935354
2010-03-06 07:00:00,0.8212666666666667,1.4654870545250611,1.4749913,1.6016538854746036,0.5425666666666668,1.3425501100252415
2010-03-06 08:00:00,0.3238333333333333,1.4452471861166456,1.3661017,1.2468544393095895,0.6466666666666666,1.2690911359457102
2010-03-06 09:00:00,0.6305,1.426578922601565,1.4143649,1.211575411252149,1.5447666666666666,1.4067055376474642
2010-03-06 10:00:00,1.2609666666666668,1.558193271284331,1.3998792,1.8637475275838722,1.7581333333333333,1.5572560517041802
2010-03-06 11:00:00,1.1401000000000001,1.6338753196576261,1.5243635,1.0071799296111463,2.112390243902439,1.6582167552067273
2010-03-06 12:00:00,0.33876666666666666,1.3121840092574986,1.477654,1.6765572761422884,1.7181666666666666,1.5702833529358369
2010-03-06 13:00:00,0.3100333333333333,1.3461907253356602,1.4510272,1.3777872981855428,1.6232916666666668,1.5016228924033996
2010-03-06 14:00:00,0.332135593220339,1.182993966848834,1.2861203,1.275576553964425,1.519,1.3503828940966487
2010-03-06 15:00:00,0.3188333333333333,1.184352879888761,1.1954843,1.1138173896119876,1.3955333333333333,1.0876815325109426
2010-03-06 16:00:00,1.0034666666666667,1.1904330538257302,1.1953895,0.9652258858506797,1.6359148936170211,1.2293311690779203
2010-03-06 17:00:00,1.0667333333333333,1.7552612545249142,1.7028081,1.9402375188718335,2.4373454545454547,1.3793301860771179
2010-03-06 18:00:00,0.4813,1.83744770670862,2.1667414,1.8654140723859647,2.631266666666667,1.8549768125700625
2010-03-06 19:00:00,0.4736,1.7403980093326306,1.9830965,1.7884309704957464,1.6353,1.8245581107884887
2010-03-06 20:00:00,0.47729999999999995,1.6438813383054665,1.8321135,1.3821695374384555,1.6344999999999998,1.6624610466570309
2010-03-06 21:00:00,0.5066666666666667,1.622023625265612,1.7459501,1.6805037254247495,0.6864333333333333,1.4352144897102492
2010-03-06 22:00:00,0.5698666666666666,1.2969858084285937,1.4280287,1.5170975726170384,0.5222,1.3294204010824862
2010-03-06 23:00:00,0.5049333333333333,0.8081592095191088,0.9751577,0.7195325851460305,0.4863,1.051181409351446
2010-03-07 00:00:00,0.49646666666666667,0.7671267412858472,0.8061498,0.604146686267123,0.5360350877192983,0.686661523508008
2010-03-07 01:00:00,1.1603728813559322,0.6979645834260672,0.7382557,0.5074756820634551,0.5520666666666667,0.7569898193808855
2010-03-07 02:00:00,0.6100666666666666,0.6643761531535359,0.714699,0.28200058223340574,0.5487666666666667,0.754818203567033
2010-03-07 03:00:00,0.5336949152542373,0.6613854456654102,0.6588769,0.2685348440249449,0.5045,0.7719817687126491
2010-03-07 04:00:00,0.5288999999999999,0.6480998650551426,0.6515834,0.3969445734685917,0.5152666666666667,0.796782539514109
2010-03-07 05:00:00,0.4928,0.7561810738502411,0.71234226,0.3220636730854217,1.1840666666666666,0.9367456980380722
2010-03-07 06:00:00,0.4938666666666667,1.110287482642935,0.9204037,0.667283813844118,0.6705,0.8787999726090794
2010-03-07 07:00:00,0.48860000000000003,1.3531909406894098,1.1272554,1.1387771761499055,0.599,0.9639836010301682
2010-03-07 08:00:00,0.5188666666666667,1.2055983427719217,1.1557442,1.0427037574140645,0.49776666666666664,0.9906670134384463
2010-03-07 09:00:00,0.5252666666666667,1.3732252792818906,1.2501758,1.376367096851715,0.47373333333333334,1.1212728834767993
2010-03-07 10:00:00,0.4375666666666667,1.2213441181760611,1.249161,1.2135322754583358,0.4535,1.144771978366436
2010-03-07 11:00:00,1.0612333333333333,1.468737268235814,1.4566948,1.9338833869243828,0.2943,1.3711408519688986
2010-03-07 12:00:00,0.3059,1.305360408624667,1.3488114,1.3874574317684256,0.3297333333333333,1.2558031265892442
2010-03-07 13:00:00,0.2935333333333333,1.2050709781117528,1.1618074,1.494738408450418,0.3858,1.289349281262877
2010-03-07 14:00:00,0.3666,1.1837547849010241,1.1287094,1.0631143300720471,0.34983333333333333,1.3632636492306343
2010-03-07 15:00:00,0.7975185185185185,1.428477097551538,1.4320818,1.0836378229897203,1.2580333333333333,1.3966710093223509
2010-03-07 16:00:00,0.7693333333333334,1.461372409645498,1.4555379,1.123284696617024,0.32913333333333333,1.3467651676976278
2010-03-07 17:00:00,1.8504680851063828,1.8652509350065882,1.7378092,2.153586396268339,0.30826666666666663,1.5927151029568811
2010-03-07 18:00:00,2.0647555555555557,1.7591959319228037,1.8045613,2.2541852164755394,0.3589,1.5237374022590804
2010-03-07 19:00:00,1.4977627118644068,1.7911209329822355,1.8763962,2.079991617261761,0.40896666666666665,1.5074983234337924
2010-03-07 20:00:00,2.1207796610169494,1.8398514356216906,1.8334017,2.076362060649987,0.3419,1.5336121456274818
2010-03-07 21:00:00,1.6520909090909088,1.7206641359012462,1.7649213,1.4431481099508718,0.28543333333333337,1.3751199026712144
2010-03-07 22:00:00,1.1494333333333333,1.111331163793796,1.1726891,1.7131099072874656,0.29613333333333336,1.3414639975290297
2010-03-07 23:00:00,0.7423157894736842,0.885322540654011,0.8666706,1.6455898831027875,0.3453333333333333,1.2326388354053806
2010-03-08 00:00:00,0.7083793103448276,0.6262721777304237,0.5762518,0.997649629874729,0.3574333333333334,0.8678252216380751
2010-03-08 01:00:00,1.0575666666666668,0.6220651422793539,0.61185795,0.5192785786076578,1.0627333333333333,0.8173014675746545
2010-03-08 02:00:00,0.3607931034482758,0.5911927242308709,0.5771779,0.40528965474495837,0.5331666666666667,0.7086100026177887
2010-03-08 03:00:00,0.3790909090909091,0.565159496110001,0.5151564,0.34140199054115516,0.2927666666666667,0.6343364056700777
2010-03-08 04:00:00,0.34062745098039215,0.47704840153229017,0.5643416,0.5002574882918421,0.33686666666666665,0.6275852553047108
2010-03-08 05:00:00,0.4130357142857143,0.5787995143214714,0.5769746,0.7566687129947216,0.3665333333333333,0.7759128199971559
2010-03-08 06:00:00,0.9845423728813559,0.8860005915652807,0.7159817,0.46506236380474997,0.3259666666666667,0.6894792052054606
2010-03-08 07:00:00,2.214666666666667,1.2197396200039503,1.3691151,0.9383851256815651,0.28966666666666663,0.9241898965167298
2010-03-08 08:00:00,2.011230769230769,1.180531428135301,1.1975433,0.7818652303155311,0.4162666666666667,0.9111354378780991
2010-03-08 09:00:00,1.9546666666666668,1.2932001997462532,1.1133541,1.2919835711888474,0.3872,0.9886586236921537
2010-03-08 10:00:00,1.6540000000000001,1.2540754953710687,1.1471165,1.3254944859171467,0.39926666666666666,0.9989360732899107
2010-03-08 11:00:00,1.635320754716981,1.2876296652818615,1.2090355,1.486131273769588,1.5302631578947368,1.2417901205736481
2010-03-08 12:00:00,2.2922962962962963,1.5762838187841464,1.3262783,1.510247749008121,2.096101694915254,1.2956688184596206
2010-03-08 13:00:00,1.7810243902439025,1.3564190650143442,1.196051,1.4366372890349568,1.479220338983051,1.1902532832052906
2010-03-08 14:00:00,1.7473684210526317,1.3089619536040444,1.1614692,1.0306056750677077,1.4439666666666668,1.0201879601848414
2010-03-08 15:00:00,2.2830909090909093,1.1426587054213027,0.91140443,1.015634704326036,1.0298333333333334,1.029775018869415
2010-03-08 16:00:00,1.7796,0.9734741204084788,0.80362743,0.9605812879369143,0.9595,0.9349354564878918
2010-03-08 17:00:00,1.5710000000000002,0.9002159938429842,0.76046085,0.8515678150718096,0.9247666666666666,0.9817580441034534
2010-03-08 18:00:00,1.809157894736842,0.991775922229474,0.9199628,0.5850516077091342,0.8759666666666667,1.0402211456446815
2010-03-08 19:00:00,1.7293333333333334,1.060945222580243,1.0369744,0.4245120201424264,0.8483333333333333,1.0424402365673369
2010-03-08 20:00:00,1.906488888888889,1.5302695767652583,1.6170748,1.0476239944986325,1.5795,1.4610998885067108
2010-03-08 21:00:00,1.3231929824561404,1.2905435068479267,1.2694961,1.0305941916991783,0.9711666666666666,1.0792273591261705
2010-03-08 22:00:00,1.5056,1.0803072251550525,0.93711597,1.1693027845591575,1.2349666666666665,0.8945871521569854
2010-03-08 23:00:00,0.38210344827586207,0.8984228757297373,0.70344937,0.09333191235741045,1.0026333333333333,0.9462826206748443
2010-03-09 00:00:00,0.3764333333333333,0.5963547897771886,0.57129353,0.5203105568255202,0.4800333333333333,0.6151576767296763
2010-03-09 01:00:00,0.35986666666666667,0.5513677222522144,0.6107342,0.616441970408239,0.4935,0.6431927617295603
2010-03-09 02:00:00,0.4173666666666667,0.5270915567834371,0.5467629,0.6386929091336999,0.5536666666666666,0.588047812481354
2010-03-09 03:00:00,0.3973818181818182,0.5140490338456781,0.5735265,0.5460163181072624,0.5527666666666667,0.5964523854490604
2010-03-09 04:00:00,0.36618867924528303,0.498109053396237,0.6062777,0.42497168988403033,0.4892666666666667,0.6377973901376336
2010-03-09 05:00:00,0.33859999999999996,0.5093726584172606,0.5955835,0.6425521440708599,0.5059333333333333,0.7448831264388918
2010-03-09 06:00:00,0.807490909090909,0.921729685865296,0.84836084,0.6050142758170516,0.5280666666666667,0.7007298299578371
2010-03-09 07:00:00,2.12335,1.318247646545278,1.3361903,0.8075111884145719,0.4891333333333333,0.8620521768939671
2010-03-09 08:00:00,1.8050222222222223,1.2660861627530788,1.3207276,1.2593346063406072,1.4372222222222222,1.0864033093054
2010-03-09 09:00:00,1.5150000000000001,1.2746903841566035,1.2457814,1.0546313550071023,0.3081,0.8979524362201159
2010-03-09 10:00:00,1.5031333333333334,1.2488995488451307,1.1780425,1.0212848433780053,0.3351,0.8185957845898684
2010-03-09 11:00:00,1.6101999999999999,1.2893233348707505,1.245491,1.6980890519207539,0.34136666666666665,0.9633595588243067
2010-03-09 12:00:00,1.6400333333333335,1.0582737104076458,1.1330087,1.4167653850628796,0.5778666666666668,1.0100198585158782
2010-03-09 13:00:00,1.978653846153846,0.9973590527885589,1.0317961,1.3224257429514858,0.9327666666666666,0.9453196324991437
2010-03-09 14:00:00,0.7654666666666666,0.9225165762345625,0.8323862,0.6943729600785303,0.35973333333333335,0.7873660548206988
2010-03-09 15:00:00,0.48246666666666665,0.9406211666138757,0.80022365,0.9113982801531456,0.31776666666666664,0.8233062588617513
2010-03-09 16:00:00,0.8643666666666667,0.8764433812381798,0.77937794,0.8237591041748065,0.30510000000000004,0.7588506600426975
2010-03-09 17:00:00,0.5411,0.8862223299829588,0.7715833,0.706862379335601,0.3277333333333334,0.7773250844541109
2010-03-09 18:00:00,0.9225,0.9288414616037253,0.7910657,0.8117535680988585,0.3562,0.8454072390537521
2010-03-09 19:00:00,1.8510333333333333,1.4269818802909011,1.2977653,1.5255974105698833,0.38833333333333336,1.1402796613833146
2010-03-09 20:00:00,2.706931034482759,1.1249712670190983,1.2867405,0.9773760046610745,0.3219333333333333,1.1226575045151204
2010-03-09 21:00:00,2.379566666666667,1.0569032026111291,1.2222718,1.094239186262043,0.4192666666666666,1.0655439853862083
2010-03-09 22:00:00,1.5587666666666666,0.9848417404680473,1.1401103,1.0460746400252783,1.0003666666666666,1.2146268985259643
2010-03-09 23:00:00,0.4643333333333333,0.9282722401408325,0.693712,0.5818129097676268,0.8228666666666666,1.079638299540629
2010-03-10 00:00:00,1.1348666666666667,0.6348298605432033,0.53582656,0.10562383926286678,0.7674333333333333,0.7721342781766123
2010-03-10 01:00:00,0.34586666666666666,0.5418837218541327,0.54470706,0.46573841785850034,0.6553,0.7751903398188004
2010-03-10 02:00:00,0.348,0.5594880694724881,0.5416264,0.22814355233049544,0.5165666666666666,0.6598474352614045
2010-03-10 03:00:00,0.3267666666666667,0.5539573259092805,0.58852375,0.2573363347273485,0.39339999999999997,0.6147688815226184
2010-03-10 04:00:00,0.31960714285714287,0.4929015850354246,0.5304388,0.34071697209513185,0.3500666666666667,0.5926869741962217
2010-03-10 05:00:00,0.38969491525423733,0.5016614133902687,0.540868,0.4158829928654162,0.38089999999999996,0.6548778846878943
2010-03-10 06:00:00,0.7767142857142858,0.9384940247473587,0.64433914,0.4953620141375705,0.31166666666666665,0.7537464547885513
2010-03-10 07:00:00,2.548915254237288,0.9619919608644306,1.0739859,0.7228102968108303,1.0407666666666666,0.9260025509242998
2010-03-10 08:00:00,1.5563404255319149,1.3192786191243795,1.4162077,1.2525522895668528,1.5217333333333334,1.310370527750683
2010-03-10 09:00:00,1.5095744680851064,1.348938748837636,1.2696053,0.8838527642530639,1.4346999999999999,1.1027707409462195
2010-03-10 10:00:00,1.4259,1.3122682962549612,1.1941166,0.9567080946594296,1.4497333333333333,1.1322867178314147
2010-03-10 11:00:00,1.4626,1.3283436688209465,1.238003,0.8494174128612877,1.4351333333333334,1.195223898332924
2010-03-10 12:00:00,1.7757333333333334,1.1770087374724583,1.0558707,1.2341826498805815,0.6067666666666667,1.0673184080340907
2010-03-10 13:00:00,1.5464666666666667,0.9874704767212727,0.94880605,0.9544573742254829,0.3625333333333333,0.9044971267539789
2010-03-10 14:00:00,1.7727,0.889385284211587,0.93394977,0.5990624110610834,0.3437,0.8131522358494735
2010-03-10 15:00:00,1.7884333333333333,0.9353639016266528,0.8255998,0.5887273034446052,0.41186666666666666,0.8424552382914275
2010-03-10 16:00:00,1.7697333333333334,0.8674233960670276,0.7991284,0.5497030342619891,0.3362666666666667,0.8274790196861428
2010-03-10 17:00:00,1.769,0.897258925290041,0.91468924,0.8278943296665202,0.36363333333333336,0.8972265090175865
2010-03-10 18:00:00,1.5340666666666667,1.0609069655072048,1.1361169,1.160657108396743,0.3205666666666667,0.9658012911236409
2010-03-10 19:00:00,1.0859999999999999,1.0461669427243365,1.1378247,1.0462390979405898,0.3219666666666667,0.9757039177469952
2010-03-10 20:00:00,1.0920333333333334,1.287787212338622,1.2817248,1.5607804952518793,0.9958333333333333,1.3339627115570445
2010-03-10 21:00:00,1.3783666666666667,1.1534413423360812,1.2362162,1.089949487722152,0.5968,1.1086304411945391
2010-03-10 22:00:00,0.9648771929824561,1.088296001571798,1.0979813,1.271530661445577,0.34376666666666666,1.0665568717687792
2010-03-10 23:00:00,0.5670666666666667,0.9470477114609808,0.6922573,0.8118450512565305,0.33613333333333334,0.9104686575796674
2010-03-11 00:00:00,0.6917627118644067,0.40916403512495764,0.51448077,0.49653483694628364,0.33713333333333334,0.6582513430773982
2010-03-11 01:00:00,0.8372666666666667,0.43705063404198585,0.5311478,0.46012690296936776,0.33816666666666667,0.6071045864246518
2010-03-11 02:00:00,0.3254666666666666,0.5263873308484566,0.46545905,0.45551172704299925,0.38480000000000003,0.680212270276412
2010-03-11 03:00:00,0.38849999999999996,0.500618462636088,0.48648065,0.43021908009696563,0.34163333333333334,0.5863099702182379
2010-03-11 04:00:00,0.3204666666666667,0.49986514209799127,0.57823294,0.5252956870465177,0.3218,0.568241051569614
2010-03-11 05:00:00,0.3254909090909091,0.5381681192446387,0.5703423,0.5714048951970994,0.3137,0.5767226676884087
2010-03-11 06:00:00,0.8274137931034483,1.1734294170212194,0.8600545,0.8481597803743663,1.28,0.8401782652231689
2010-03-11 07:00:00,2.0521000000000003,1.2208196251451742,1.1783855,0.8881740943167233,0.4032666666666667,0.9557488408002328
2010-03-11 08:00:00,1.9032333333333333,1.1834878029894924,1.2082566,1.4914841260300307,0.3548666666666667,1.0166608007863553
2010-03-11 09:00:00,1.4354,1.1974727080477654,1.1435078,1.1070964347722694,0.3700333333333334,0.9242209596673432
2010-03-11 10:00:00,1.4897333333333334,1.1572059735036344,1.0552588,0.9728231728061796,0.3516,0.9248218195967939
2010-03-11 11:00:00,1.3750333333333333,1.1758648689635505,1.006925,1.044140381696719,0.3425862068965517,0.9592361182929132
2010-03-11 12:00:00,1.3797666666666666,0.9498025953031509,0.8008963,0.7603160930674958,0.38659999999999994,0.8972664188284493
2010-03-11 13:00:00,1.4112,0.9598131144460116,0.84092283,0.672196314059603,0.3859333333333333,0.8999014506239194
2010-03-11 14:00:00,1.4503,0.8547761565829574,0.76606596,0.4666695798293984,0.3171666666666667,0.8139237318455346
2010-03-11 15:00:00,0.3973333333333333,0.853676457054876,0.8062966,0.4693135406266401,0.3257333333333333,0.8153809085383017
2010-03-11 16:00:00,0.29860000000000003,1.34985924024661,1.0494882,0.8252896207401657,1.2828000000000002,1.1050649386316531
2010-03-11 17:00:00,0.30210000000000004,1.105622740449901,1.0625144,0.8607921016725486,0.3858333333333333,0.9896416266060162
2010-03-11 18:00:00,1.3527719298245615,1.2200311614595296,1.1376338,0.8307696595391131,0.6367666666666667,1.034440768595612
2010-03-11 19:00:00,2.4909122807017545,1.1093980795699478,1.118546,1.0272672505551281,0.48863333333333336,0.9564146821455617
2010-03-11 20:00:00,2.976857142857143,1.1827808383230076,1.0290182,1.1658896052018615,0.48403333333333337,0.9855454622704561
2010-03-11 21:00:00,3.0095454545454543,1.112676501388973,1.0821155,0.9244648081246621,0.4834333333333333,0.9791191225527869
2010-03-11 22:00:00,2.0557627118644066,0.916660778530368,0.88311666,0.6272977915811984,0.49926666666666664,0.9699633085468853
2010-03-11 23:00:00,1.7093666666666667,0.8765979536603042,0.7682437,0.5271097533083446,0.5440666666666666,0.912161830669418
2010-03-12 00:00:00,1.3978,0.5301574658329045,0.5560839,0.29381742623616114,0.5011333333333333,0.6340829112119064
2010-03-12 01:00:00,0.3559,0.5871364320768736,0.6395793,0.2669303848846949,0.48556666666666665,0.6407720080673434
2010-03-12 02:00:00,0.30193333333333333,0.7151631902643214,0.74851775,0.5629913293599871,1.3871,0.7597478514929668
2010-03-12 03:00:00,0.2982666666666667,0.5133206053833012,0.58808345,0.3647316788506758,0.5762333333333333,0.6626426603966741
2010-03-12 04:00:00,0.30716666666666664,0.5406562211591409,0.5623653,0.3976865176810368,0.5479333333333333,0.6253259305851089
2010-03-12 05:00:00,0.31303333333333333,0.48752807239443036,0.53779703,0.3844403971116054,0.5155,0.5695569817989355
2010-03-12 06:00:00,0.37306666666666666,1.0299884563261466,0.707775,0.7252285505763327,0.4806,0.6967379358146579
2010-03-12 07:00:00,1.9276491228070176,1.0900269354730183,1.1138939,0.54182286574153,0.46799999999999997,0.7965772437840581
2010-03-12 08:00:00,1.8554782608695652,0.9607083213252274,0.9103746,0.28010436085999024,0.3695333333333333,0.6782171219399995
2010-03-12 09:00:00,1.4958297872340427,0.8639407961889803,0.9696399,0.5020998224760602,0.3592666666666667,0.7188643560378498
2010-03-12 10:00:00,1.3723999999999998,0.9474664011811165,0.9379801,0.5851035225700316,0.5250333333333334,0.8362824744013424
2010-03-12 11:00:00,1.4426999999999999,1.0353428353640606,1.1242864,0.7659983401871373,0.5063666666666667,0.9356078942767166
2010-03-12 12:00:00,1.4186666666666667,1.1796958705746694,1.1597716,0.7894630981658104,1.377448275862069,1.009100166489498
2010-03-12 13:00:00,1.4136333333333333,1.2423343597587395,1.1992579,0.7481368995593776,1.630122448979592,1.1214050078567717
2010-03-12 14:00:00,1.5000701754385966,1.2135494852717579,1.0546833,1.0164246331652707,1.5041739130434781,0.9924156283700866
2010-03-12 15:00:00,1.2898666666666665,1.082720581752434,0.95054245,0.5460983482540239,0.6727719298245614,0.7275854410431293
2010-03-12 16:00:00,1.0065666666666666,1.1022048099784383,1.0306257,0.9763963391571611,0.4033666666666667,0.8041590600326147
2010-03-12 17:00:00,0.6683333333333333,1.0467994408623325,0.948514,0.6102638550410788,0.3437,0.7120709523531767
2010-03-12 18:00:00,1.1187333333333334,1.1034515022597686,0.94741035,0.8510972464024911,0.30566666666666664,0.7627413741027361
2010-03-12 19:00:00,2.339860465116279,1.3565486728358125,1.2366796,1.1718260935475682,1.3309615384615385,1.2322765802881837
2010-03-12 20:00:00,0.9018333333333334,1.0437457081905661,1.0385034,0.9969479680009886,0.9202592592592593,1.15762811971672
2010-03-12 21:00:00,0.7996333333333333,1.0191586810588615,0.82424223,1.2859909918981052,0.8813333333333333,1.0840938827712674
2010-03-12 22:00:00,0.7276333333333334,0.6959044189877691,0.77887374,1.0021579544803993,0.9209666666666666,1.0963590346698493
2010-03-12 23:00:00,1.084,0.6761069539182601,0.615515,0.6918733522186987,0.4879,0.853412233527988
2010-03-13 00:00:00,0.34476666666666667,0.4884940823724127,0.6443318,0.44786798346323886,0.37421818181818184,0.5898948954661037
2010-03-13 01:00:00,0.31016666666666665,0.5635232061282902,0.576828,0.2691012173463381,0.3701666666666667,0.547617018887283
2010-03-13 02:00:00,0.30873333333333336,0.4544293493880079,0.63310814,0.6582750750592594,0.3031666666666667,0.6083757617648818
2010-03-13 03:00:00,0.36943333333333334,0.46316470093897716,0.5770142,0.5775281085451016,0.3353,0.516056058386544
2010-03-13 04:00:00,0.3033666666666666,0.4908513520793004,0.56598526,0.57268299537341,0.2996,0.49576672051954607
2010-03-13 05:00:00,0.3121333333333333,0.5384117673073048,0.6036125,0.5644578135690035,0.29463333333333336,0.5295977017316461
2010-03-13 06:00:00,0.6093666666666666,0.6620149572281536,0.8519292,0.6275134980231514,0.6253333333333333,0.7165844809052533
2010-03-13 07:00:00,2.0876610169491525,0.7125196133347634,0.9389096,0.9033124632268158,0.8212666666666667,0.7719928900097836
2010-03-13 08:00:00,1.5756785714285715,0.6287117519603291,0.96053916,0.6295103480093465,0.3238333333333333,0.6665747054675178
2010-03-13 09:00:00,1.820736842105263,0.7390131185628235,1.0104809,0.5617866352308944,0.6305,0.8027618158421308
2010-03-13 10:00:00,1.8602857142857143,0.8918258781681128,0.96323735,0.866735668267009,1.2609666666666668,1.0042304881991233
2010-03-13 11:00:00,1.7545283018867923,0.7840646693376513,0.9352898,0.7352591170840217,1.1401000000000001,1.0522592664582662
2010-03-13 12:00:00,1.7133170731707317,0.6290863428549625,0.8378619,1.103287954613736,0.33876666666666666,0.9060489993728861
2010-03-13 13:00:00,1.7023214285714285,0.6580572654215451,0.94125396,1.1214187171437255,0.3100333333333333,0.8514488270782125
2010-03-13 14:00:00,1.7872,0.6118020753838306,0.82212645,0.9960342278970145,0.332135593220339,0.8026591382568553
2010-03-13 15:00:00,1.6560851063829787,0.5992661729261005,0.7130821,0.783765446638874,0.3188333333333333,0.6838043315028965
2010-03-13 16:00:00,0.9097666666666666,0.689407166532765,0.7247016,0.25970479986872763,1.0034666666666667,0.9418898125786563
2010-03-13 17:00:00,1.7593548387096773,0.5782840775431347,0.6578311,0.23471580688285676,1.0667333333333333,1.1032249822978677
2010-03-13 18:00:00,3.123939393939394,0.6140155141630561,0.6620698,0.4097144800874528,0.4813,1.0233833623917858
2010-03-13 19:00:00,2.5560689655172415,0.9058754482135821,0.76225007,0.7949251899872738,0.4736,0.9715194953028781
2010-03-13 20:00:00,1.6987999999999999,0.9201899981716639,0.71611583,0.5804368513489204,0.47729999999999995,0.8960429314299294
2010-03-13 21:00:00,1.4258,0.8035586205962179,0.7427404,1.0062514936281024,0.5066666666666667,0.7228365354649743
2010-03-13 22:00:00,1.454,0.8443702461163001,0.77842736,0.6064117089393979,0.5698666666666666,0.7400028031185343
2010-03-13 23:00:00,1.5132631578947369,0.6552616747815267,0.67560613,1.0533705888054203,0.5049333333333333,0.6540707753920458
2010-03-14 00:00:00,1.5161333333333333,0.5098819974432193,0.6371896,0.3461791965238413,0.49646666666666667,0.4377608409725491
2010-03-14 01:00:00,0.9950666666666667,0.5221331753732791,0.64994437,0.5655236013993916,1.1603728813559322,0.5658364576193342
2010-03-14 02:00:00,0.3297666666666667,0.4868970133709567,0.67145425,0.313862632710721,0.6100666666666666,0.5440777436244782
2010-03-14 03:00:00,0.3325333333333333,0.48312586620516934,0.61126053,0.2339723950055207,0.5336949152542373,0.4469736020836679
2010-03-14 04:00:00,0.3968666666666667,0.4887255937769357,0.59785587,0.44182376042029503,0.5288999999999999,0.44545066388335375
2010-03-14 05:00:00,0.30993333333333334,0.48144954990868777,0.5585452,0.5747514896229038,0.4928,0.5454920473936408
2010-03-14 06:00:00,0.30563333333333337,0.6553525541065116,0.6513479,0.6080550324686914,0.4938666666666667,0.4998216934134475
2010-03-14 07:00:00,0.33866666666666667,0.7420267514845063,0.6399763,0.6993289402010088,0.48860000000000003,0.517043631391775
2010-03-14 08:00:00,0.32763333333333333,0.6307862734980472,0.6673021,0.5159793339663954,0.5188666666666667,0.48211327774656
2010-03-14 09:00:00,0.8662,0.6324776359940786,0.7262604,0.41913752067203525,0.5252666666666667,0.5585764268053934
2010-03-14 10:00:00,1.1476333333333335,0.7916648113249366,0.865906,0.969518165830489,0.4375666666666667,0.6524468180375816
2010-03-14 11:00:00,0.9890689655172413,0.7482971378176454,0.85747725,1.205620136400925,1.0612333333333333,0.7277377260023825
2010-03-14 12:00:00,1.7288421052631577,0.697535514705503,0.7962357,0.900011454652009,0.3059,0.6078137788436544
2010-03-14 13:00:00,1.7599333333333333,0.6950104352379831,0.8007118,1.0208359157166877,0.2935333333333333,0.5781871457032268
2010-03-14 14:00:00,1.0251666666666666,0.6628481454433585,0.6865457,0.39029091916011516,0.3666,0.5742088657856173
2010-03-14 15:00:00,1.0876296296296297,0.7127280701179294,0.747275,0.4251918866420229,0.7975185185185185,0.7278734954605007
2010-03-14 16:00:00,0.7776666666666666,0.8492321621792123,0.83419985,1.1011897840477334,0.7693333333333334,0.7231281095888742
2010-03-14 17:00:00,1.5238,0.7215985308684643,0.8933743,0.3589830680974454,1.8504680851063828,0.8671366962082134
2010-03-14 18:00:00,1.1731333333333334,0.9517565772736188,0.95091516,0.25880970843493667,2.0647555555555557,1.028332416817199
2010-03-14 19:00:00,1.6324745762711865,0.8223552839517435,0.85963005,0.09121501390634368,1.4977627118644068,1.1298858608629039
2010-03-14 20:00:00,1.4278571428571427,1.0013059666178357,1.150942,0.5684749340831574,2.1207796610169494,1.1282058679018954
2010-03-14 21:00:00,2.3860888888888887,0.8069554084442828,0.8034733,0.46401183863848317,1.6520909090909088,1.0282233399205565
2010-03-14 22:00:00,1.7999,0.6338961902749738,0.6009657,0.20240643169138217,1.1494333333333333,0.8239019687910321
2010-03-14 23:00:00,1.1929666666666667,0.6216267481493577,0.5321023,0.3144184400560188,0.7423157894736842,0.6158601283828327
2010-03-15 00:00:00,0.4296666666666667,0.6044454961523291,0.46976426,0.32498254678216065,0.7083793103448276,0.2972674572944217
2010-03-15 01:00:00,0.3202,0.5565366153307351,0.4590322,0.6108715519901087,1.0575666666666668,0.5735371506253215
2010-03-15 02:00:00,0.5629666666666666,0.5579837117761933,0.5476064,0.5979649555589397,0.3607931034482758,0.2758449967305474
2010-03-15 03:00:00,0.6747333333333334,0.6012361300105856,0.55648226,0.6150240366801643,0.3790909090909091,0.2544702383704418
2010-03-15 04:00:00,0.3063333333333333,0.613985212318374,0.6353235,0.5071348362716555,0.34062745098039215,0.2798886109660059
2010-03-15 05:00:00,0.3878333333333333,0.6499537212316234,0.61156654,0.8338798089882715,0.4130357142857143,0.36263328014104346
2010-03-15 06:00:00,0.6247118644067796,0.7061459016502326,0.8339264,1.0239283540318669,0.9845423728813559,0.5529349361059611
2010-03-15 07:00:00,1.9415254237288135,1.1900111269256939,1.1213498,1.225347383802383,2.214666666666667,0.8984610945218013
2010-03-15 08:00:00,1.4282666666666666,1.1280163681477813,1.1245078,1.708029272343697,2.011230769230769,0.9068620494717313
2010-03-15 09:00:00,1.457438596491228,1.0678296656842063,1.133586,1.131111827235649,1.9546666666666668,0.8616553638118155
2010-03-15 10:00:00,1.5205666666666666,0.9703940849560259,0.9539946,0.7941163557295469,1.6540000000000001,0.7872486874472528
2010-03-15 11:00:00,1.5355666666666667,1.033580918345527,0.9334562,1.0435425923176656,1.635320754716981,0.9669454793538494
2010-03-15 12:00:00,1.6564745762711863,1.0523138158360097,0.954066,0.6167806192089342,2.2922962962962963,0.8584639443144153
2010-03-15 13:00:00,1.4186666666666667,1.0117247805284997,0.8588659,0.3323281365404218,1.7810243902439025,0.8537750114674348
2010-03-15 14:00:00,1.4522000000000002,0.9782258131455004,0.9236277,0.3495098352106917,1.7473684210526317,0.8462199404960187
2010-03-15 15:00:00,1.5034999999999998,0.9272338659581874,0.6458306,0.07218179026092375,2.2830909090909093,0.8650471983405692
2010-03-15 16:00:00,1.0247333333333333,0.9298836848045677,0.9224838,0.31048519093036453,1.7796,0.8759689046217386
2010-03-15 17:00:00,0.47240000000000004,1.0000723073894242,0.8573265,0.7110620716751431,1.5710000000000002,0.9638242034089567
2010-03-15 18:00:00,0.48893333333333333,0.9178447798296417,0.77256364,0.8314851398615781,1.809157894736842,1.0222916722495798
2010-03-15 19:00:00,2.0090285714285714,1.0143751417836218,1.0557816,0.5385739688932044,1.7293333333333334,1.0832786026760333
2010-03-15 20:00:00,2.6925818181818184,1.1267988764131374,0.98861617,0.5371824482007195,1.906488888888889,1.2541997830477176
2010-03-15 21:00:00,2.4233076923076924,0.8966420063103464,0.9204041,0.03481212847695503,1.3231929824561404,1.0505442850316034
2010-03-15 22:00:00,1.7437,0.9344291273765358,0.8367288,0.39632668898712575,1.5056,0.952631647588523
2010-03-15 23:00:00,0.5592666666666666,0.8332127122025839,0.6120029,0.33761756823388145,0.38210344827586207,0.6139574671124375
2010-03-16 00:00:00,0.31283333333333335,0.5995028799407661,0.5727061,0.4662247025324555,0.3764333333333333,0.2989582385350591
2010-03-16 01:00:00,0.40213333333333334,0.5566217606804904,0.62256694,0.6279385880076392,0.35986666666666667,0.4076411948713867
2010-03-16 02:00:00,0.3346,0.7134341566079391,0.68504035,0.9261277041255804,0.4173666666666667,0.34108677818370503
2010-03-16 03:00:00,0.29963333333333336,0.6469431948816422,0.73316616,1.0014098572867896,0.3973818181818182,0.3766020608413362
2010-03-16 04:00:00,0.9006333333333333,0.6170840610489637,0.66477686,0.8073453417461752,0.36618867924528303,0.3678680300717795
2010-03-16 05:00:00,0.33876666666666666,0.5918922811193518,0.77733207,0.6196269011625821,0.33859999999999996,0.4274109368322312
2010-03-16 06:00:00,1.4472413793103447,0.9253201750596449,0.96297723,1.0763822655607793,0.807490909090909,0.630463964460698
2010-03-16 07:00:00,1.6226206896551723,1.331387924011753,1.5315006,1.7804639668784954,2.12335,1.098031299523821
2010-03-16 08:00:00,1.9979655172413795,1.2577800889400053,1.426979,1.5809763050217682,1.8050222222222223,1.2641516042053642
2010-03-16 09:00:00,1.5695862068965518,1.1107452866266243,1.0966305,1.249743621231187,1.5150000000000001,0.9835263867233852
2010-03-16 10:00:00,1.4285333333333334,1.0475527591228195,1.1580828,1.1540282496819025,1.5031333333333334,0.89838493269498
2010-03-16 11:00:00,1.486,1.0240911734441267,1.1185162,1.0057061594451895,1.6101999999999999,0.9475824389816072
2010-03-16 12:00:00,1.3935,0.9880710205560451,0.9765769,0.5691670781462632,1.6400333333333335,0.9794672280248318
2010-03-16 13:00:00,0.5794237288135593,1.037984136003672,0.9916779,0.8543456645804205,1.978653846153846,1.0610388183597896
2010-03-16 14:00:00,0.5227333333333334,0.8309532291790654,0.88528395,0.4283055865600327,0.7654666666666666,0.7141867958252089
2010-03-16 15:00:00,0.6385666666666666,0.7346510734085421,0.7248741,0.4831387883323043,0.48246666666666665,0.692362165352818
2010-03-16 16:00:00,0.7162333333333334,0.7673732368195979,0.86463207,0.9035344023782338,0.8643666666666667,0.7424185078084147
2010-03-16 17:00:00,0.7192333333333334,0.7138220962709376,0.8120013,0.6434151692598581,0.5411,0.8252398717973888
2010-03-16 18:00:00,1.5573666666666668,0.8699204831720082,1.0078958,0.5976137974812946,0.9225,1.0231596846687363
2010-03-16 19:00:00,1.654,1.2531891551455383,1.2744195,1.491678550022988,1.8510333333333333,1.260040978896901
2010-03-16 20:00:00,1.4661333333333333,1.7754822256833547,1.7709914,1.7705036764476278,2.706931034482759,1.565709186623344
2010-03-16 21:00:00,1.6968999999999999,1.711026133174065,1.5856675,1.6459100443894663,2.379566666666667,1.4755964634342509
2010-03-16 22:00:00,1.9267666666666665,1.2267020037930123,1.1938058,1.0535363325881009,1.5587666666666666,1.257068711694637
2010-03-16 23:00:00,0.44633333333333336,0.873014538419339,0.7084989,0.7928416872739998,0.4643333333333333,0.7265472284245402
2010-03-17 00:00:00,0.34723333333333334,0.6894501073831116,0.51909363,0.41546806914685863,1.1348666666666667,0.5898222152596242
2010-03-17 01:00:00,0.3188333333333333,0.6127605536111235,0.5592156,0.5296229504300523,0.34586666666666666,0.43234474353950714
2010-03-17 02:00:00,0.4117,0.564990172644478,0.5038509,0.6771012913042421,0.348,0.3184185035505853
2010-03-17 03:00:00,0.38026666666666664,0.5768424744341845,0.51965123,0.7508510590460127,0.3267666666666667,0.33304013555136214
2010-03-17 04:00:00,0.3318333333333333,0.7181769777220122,0.565106,0.695232147352544,0.31960714285714287,0.37675569720999025
2010-03-17 05:00:00,0.3190666666666667,0.6875900168684506,0.58957773,0.6970122950101278,0.38969491525423733,0.46804219875994035
2010-03-17 06:00:00,0.9088,0.9031563067045645,0.78040963,0.8885200894299199,0.7767142857142858,0.6749465729313149
2010-03-17 07:00:00,2.0466101694915255,1.822908829456934,1.7861944,2.1935438559304123,2.548915254237288,1.5126595685342414
2010-03-17 08:00:00,1.562723404255319,1.4060071212471428,1.4076368,1.4676344003364399,1.5563404255319149,1.3582274984212854
2010-03-17 09:00:00,1.4369565217391302,1.3041461252381867,1.2486163,1.2102245157632896,1.5095744680851064,1.2376878698179201
2010-03-17 10:00:00,1.4418666666666666,1.1233329649997388,1.253012,1.4439513993582556,1.4259,1.1634962551650037
2010-03-17 11:00:00,1.5561509433962264,1.1191831834386017,1.0946255,1.1706948253720313,1.4626,1.1364789451709276
2010-03-17 12:00:00,1.7516,1.1833279443123732,1.1821419,1.1933521783751422,1.7757333333333334,1.1428124180584034
2010-03-17 13:00:00,2.255142857142857,1.1441240924673877,0.9947441,1.0362815157481917,1.5464666666666667,1.0544030030962874
2010-03-17 14:00:00,1.5687407407407408,0.7847903471436488,0.8454513,0.863061306323453,1.7727,0.9650765628924465
2010-03-17 15:00:00,1.5870877192982455,1.0014498298121033,0.96113354,1.2524277222890512,1.7884333333333333,1.0064562857161015
2010-03-17 16:00:00,1.4500666666666668,0.8663219374646952,0.9323909,0.31965998752603286,1.7697333333333334,1.018683960241629
2010-03-17 17:00:00,1.2703333333333333,0.9847675319004296,0.94001734,1.2527904606611668,1.769,1.0224187063782855
2010-03-17 18:00:00,2.422881355932203,0.9139251869766031,0.92148244,1.1585868815087266,1.5340666666666667,1.0326597238275
2010-03-17 19:00:00,1.608857142857143,0.9921899564982982,1.1223305,0.9687660351021147,1.0859999999999999,1.086414330062005
2010-03-17 20:00:00,1.2920689655172413,1.1922671575899089,1.1204177,1.455145126243026,1.0920333333333334,1.2894409021825242
2010-03-17 21:00:00,2.1490545454545456,1.3182884396575865,1.2517774,1.0996825603626987,1.3783666666666667,1.2541593731586862
2010-03-17 22:00:00,1.3505333333333334,0.9335153874049701,0.8254526,0.5358584327842091,0.9648771929824561,1.0531268297694067
2010-03-17 23:00:00,0.3971,0.6982637158550576,0.6275639,0.08864004401130365,0.5670666666666667,0.6757340452708269
2010-03-18 00:00:00,0.3686,0.5853625198659482,0.54161376,0.5151751703996168,0.6917627118644067,0.5850365913673761
2010-03-18 01:00:00,0.3449285714285714,0.5405643077682449,0.4964924,0.3534479005948483,0.8372666666666667,0.5375836496789004
2010-03-18 02:00:00,0.31706666666666666,0.4742234477126413,0.502484,0.4208192649244116,0.3254666666666666,0.4637151594010702
2010-03-18 03:00:00,0.29884210526315785,0.6228074561236774,0.5444856,0.6422594436432549,0.38849999999999996,0.45293561644116276
2010-03-18 04:00:00,0.30016666666666664,0.5815194020236991,0.4992152,0.5280730434687828,0.3204666666666667,0.43021558108583946
2010-03-18 05:00:00,0.6350333333333332,0.6366805828266545,0.53401744,0.6349841205869826,0.3254909090909091,0.47859164280573907
2010-03-18 06:00:00,1.8906296296296294,0.9365514820532514,0.77659875,0.8764070275393544,0.8274137931034483,0.8507458229964153
2010-03-18 07:00:00,1.7792999999999999,1.9804998609858486,1.8176961,2.061165143177032,2.0521000000000003,1.3676649830699774
2010-03-18 08:00:00,1.7460677966101694,1.3456817280509574,1.4038082,1.520581359623085,1.9032333333333333,1.2344799905390373
2010-03-18 09:00:00,1.3706333333333334,1.2528984857994376,1.2851753,1.2800795486072625,1.4354,1.0597779344068146
2010-03-18 10:00:00,1.5128333333333333,1.1517190015233298,1.1425922,1.2279761663712976,1.4897333333333334,1.0134710976098087
2010-03-18 11:00:00,0.5765,1.102140871829735,1.0654268,1.2061944222120577,1.3750333333333333,0.9895126613011825
2010-03-18 12:00:00,0.4422666666666667,1.0718118252872193,1.0088359,1.0198303577094052,1.3797666666666666,1.006893187650799
2010-03-18 13:00:00,0.41023333333333334,1.0438884034780234,1.0048254,0.9046955767160494,1.4112,1.0130728545061358
2010-03-18 14:00:00,0.41486666666666666,0.8952143762878423,0.8962213,0.465913605316267,1.4503,0.9594018398083479
2010-03-18 15:00:00,0.8074666666666667,0.7572993501445582,0.716972,0.5589572685113171,0.3973333333333333,0.7378697708512835
2010-03-18 16:00:00,0.8887333333333333,0.8784290836029449,0.9372644,0.9839350859682988,0.29860000000000003,0.8636763303260881
2010-03-18 17:00:00,1.2522666666666666,0.7005565399244317,0.75938004,0.8702807974626328,0.30210000000000004,0.741965564258489
2010-03-18 18:00:00,1.6198666666666666,1.2252573565710747,1.1023804,1.1988936894621114,1.3527719298245615,1.0623400557470202
2010-03-18 19:00:00,2.4353684210526314,1.7914999586110631,1.7417889,1.9085345305071684,2.4909122807017545,1.4852927514491694
2010-03-18 20:00:00,2.501818181818182,1.769431100580089,1.7057086,1.2576236522540265,2.976857142857143,1.5813267392511219
2010-03-18 21:00:00,1.5632083333333335,1.7939208606557617,1.9275093,2.0136972218967815,3.0095454545454543,1.7644311734657632
2010-03-18 22:00:00,0.8262,1.3435785800699611,1.3959157,0.93151985946522,2.0557627118644066,1.3607944510145094
2010-03-18 23:00:00,0.5804333333333334,0.8747482010806226,0.87705153,0.49118275500382536,1.7093666666666667,1.0636957786157057
2010-03-19 00:00:00,0.4798666666666667,0.6257178641067622,0.8247773,0.4853065703447652,1.3978,0.7720356584582664
2010-03-19 01:00:00,0.5263333333333333,0.6420868678528264,0.55420446,0.10893965751412604,0.3559,0.48927767544064915
2010-03-19 02:00:00,0.5513666666666667,0.5977278888857819,0.58588445,0.21962388410038747,0.30193333333333333,0.48975274040408157
2010-03-19 03:00:00,0.7347333333333333,0.6007414806285422,0.5235902,0.5716484632835678,0.2982666666666667,0.41883928084536404
2010-03-19 04:00:00,0.903,0.5900481381637163,0.5270095,0.7461603819930291,0.30716666666666664,0.4704462881405964
2010-03-19 05:00:00,0.5111333333333333,0.5934224491884588,0.5575119,0.7574350030962631,0.31303333333333333,0.5151302896310991
2010-03-19 06:00:00,0.7307666666666667,0.9290594756507573,0.72152025,0.7363674744401449,0.37306666666666666,0.6923915233867224
2010-03-19 07:00:00,1.3733333333333333,1.4249697189754715,1.6197289,1.657943979961816,1.9276491228070176,1.4347445128966991
2010-03-19 08:00:00,1.7919999999999998,1.592581137680569,1.5344425,1.3126986106942036,1.8554782608695652,1.3745508177691403
2010-03-19 09:00:00,1.4098,1.4174016362358204,1.3785349,1.353224080423677,1.4958297872340427,1.1959786767501048
2010-03-19 10:00:00,1.4702,1.361914357770035,1.3317853,1.428302197939204,1.3723999999999998,1.1479779072062692
2010-03-19 11:00:00,1.3697666666666668,1.2998681887811805,1.2798169,1.1016693180553268,1.4426999999999999,1.1505010884567521
2010-03-19 12:00:00,1.4409666666666667,1.2465484749150648,1.263024,1.0346520463717352,1.4186666666666667,1.2176382367481642
2010-03-19 13:00:00,1.4329491525423728,0.9909030170512003,0.9814534,0.523648155552745,1.4136333333333333,1.1835593411669323
2010-03-19 14:00:00,1.506,0.9799506491925674,1.2399062,0.5288527823665493,1.5000701754385966,1.2006493743237985
2010-03-19 15:00:00,1.4221,0.8895476622798913,0.89737856,0.43685333596419174,1.2898666666666665,0.9731576290786063
2010-03-19 16:00:00,0.4469,0.8934961556766057,0.8494022,0.42308511916146974,1.0065666666666666,0.8948681517307611
2010-03-19 17:00:00,0.5118,0.8768944752099763,0.7941349,0.6990805386244094,0.6683333333333333,0.7885900333937139
2010-03-19 18:00:00,0.7758,0.9909347292247336,1.066323,1.126630088131926,1.1187333333333334,1.054747583781075
2010-03-19 19:00:00,2.6204074074074075,1.9979849859970142,1.6718524,1.6914463008638765,2.339860465116279,1.6202629845773564
2010-03-19 20:00:00,1.831310344827586,1.337727558225344,1.6833894,0.7911760084373342,0.9018333333333334,1.367789209397458
2010-03-19 21:00:00,1.4046666666666667,1.3384335240425265,1.3620112,1.155973574813296,0.7996333333333333,1.3370428821370441
2010-03-19 22:00:00,1.4761333333333333,1.1386293786709285,1.0553842,1.0764796583741076,0.7276333333333334,1.1630470127521333
2010-03-19 23:00:00,0.6378245614035088,0.9550871754047603,0.7977793,0.47712895859792004,1.084,1.0625105494963871
2010-03-20 00:00:00,1.116949152542373,0.47239719668961233,0.61090934,0.04231544345909255,0.34476666666666667,0.7352698464252783
2010-03-20 01:00:00,0.39039999999999997,0.4347328011786395,0.5507802,0.4616275096782869,0.31016666666666665,0.5955353546063852
2010-03-20 02:00:00,0.35,0.48428979548703865,0.51712424,0.33299317227429714,0.30873333333333336,0.627758268742995
2010-03-20 03:00:00,0.360078431372549,0.5389121818335911,0.5169537,0.3301235832486141,0.36943333333333334,0.6789494280151945
2010-03-20 04:00:00,0.8748235294117647,0.5323158960617463,0.5095183,0.4210907864015845,0.3033666666666666,0.6311666252479494
2010-03-20 05:00:00,1.5940714285714286,0.538338471722955,0.5522796,0.4632267879423857,0.3121333333333333,0.6590980458332141
2010-03-20 06:00:00,1.51776,0.9231560425180063,0.7769632,0.7078008019657493,0.6093666666666666,0.8805320601347113
2010-03-20 07:00:00,0.803125,1.8862385850529524,1.6978146,1.3021840506614242,2.0876610169491525,1.5335492909627666
2010-03-20 08:00:00,0.4169333333333333,1.5275431891758728,1.4818422,1.4722988017886638,1.5756785714285715,1.4168273788219317
2010-03-20 09:00:00,0.5179666666666667,1.3947095718760778,1.4043016,1.3256107049326202,1.820736842105263,1.4417202396802657
2010-03-20 10:00:00,1.6035263157894737,1.3540119128314074,1.2486244,1.2031231493025951,1.8602857142857143,1.4296254152112668
2010-03-20 11:00:00,1.6263999999999998,1.3436502396133543,1.2900157,1.2438743598385467,1.7545283018867923,1.3759627487291124
2010-03-20 12:00:00,1.46945,1.3678219066808424,1.1713094,1.3822621981951184,1.7133170731707317,1.2311814838422215
2010-03-20 13:00:00,0.662,1.0777434335916525,1.0690315,1.3005233009891448,1.7023214285714285,1.190050443591887
2010-03-20 14:00:00,0.8506666666666667,0.9385045735542685,0.9114893,1.3254021880970484,1.7872,1.1984458375286482
2010-03-20 15:00:00,0.5723333333333334,0.9033224848668244,0.87539357,1.451676672817227,1.6560851063829787,1.1008801715653418
2010-03-20 16:00:00,0.31323333333333336,1.2697012995291324,1.2899988,1.681323140475359,0.9097666666666666,1.0477753817683602
2010-03-20 17:00:00,0.8913898305084745,1.3000610150697736,1.2278532,1.3293158172426411,1.7593548387096773,1.0689677906374209
2010-03-20 18:00:00,0.30660000000000004,1.74819095718161,1.6032115,2.709848391137481,3.123939393939394,1.6672532624044756
2010-03-20 19:00:00,0.37623333333333336,2.2151580103267987,2.0461266,2.86324727084794,2.5560689655172415,1.882064920761683
2010-03-20 20:00:00,0.37196666666666667,1.5705520437449096,1.7546488,2.018747599730877,1.6987999999999999,1.386936697710911
2010-03-20 21:00:00,1.2173846153846155,1.590231845046166,1.8281196,2.144452817724302,1.4258,1.3185788928385171
2010-03-20 22:00:00,1.8172,1.4392906322163013,1.5812175,1.6587503541721023,1.454,1.2408784432078253
2010-03-20 23:00:00,1.396655172413793,1.1619181955419946,1.3955913,1.5102748895278635,1.5132631578947369,1.2221620487268037
2010-03-21 00:00:00,1.3724333333333334,0.5435539523233996,0.9070775,0.5457686066935437,1.5161333333333333,0.8732080396043982
2010-03-21 01:00:00,1.4026666666666665,0.7295875536923393,0.6400146,0.5719559051099152,0.9950666666666667,0.8165766295179635
2010-03-21 02:00:00,1.3682666666666667,0.6244367152343375,0.44356844,0.38385005606234346,0.3297666666666667,0.6238318554615686
2010-03-21 03:00:00,1.5690357142857143,0.4913211672097072,0.42126372,0.3069489022694616,0.3325333333333333,0.583272252776037
2010-03-21 04:00:00,1.5488275862068965,0.7201263191596494,0.5102224,0.5202044513338389,0.3968666666666667,0.5997415279666611
2010-03-21 05:00:00,1.456206896551724,0.5350149703429616,0.45036435,0.22030292876285662,0.30993333333333334,0.6044480629257294
2010-03-21 06:00:00,1.3941666666666668,0.6514645320495489,0.59916115,0.5748692336119178,0.30563333333333337,0.7185876510002887
2010-03-21 07:00:00,1.2278983050847456,0.6941622326575057,0.65218323,0.7401727627722285,0.33866666666666667,1.0432955642750787
2010-03-21 08:00:00,0.31160000000000004,0.8964205664698192,0.8696588,0.7670315363848715,0.32763333333333333,1.0271330543971924
2010-03-21 09:00:00,0.6884210526315789,1.0667673479550854,1.0451518,0.40683823873976066,0.8662,1.230874410583823
2010-03-21 10:00:00,1.3670344827586207,1.0333015712803144,1.0372256,1.02854810251532,1.1476333333333335,1.2978249091476164
2010-03-21 11:00:00,1.7270909090909092,1.4151740664226269,1.2840059,1.5540703881204765,0.9890689655172413,1.3524647400212282
2010-03-21 12:00:00,1.9000666666666668,1.4569150524380294,1.2491822,1.1652488632144373,1.7288421052631577,1.2081352497173552
2010-03-21 13:00:00,0.7825490196078431,1.4420330981628162,1.3046808,1.5991107869865817,1.7599333333333333,1.363260127530129
2010-03-21 14:00:00,0.30066666666666664,1.3216390493318166,1.3403195,1.1094501209935432,1.0251666666666666,1.112345514291058
2010-03-21 15:00:00,0.336,1.1612591899707412,1.1663468,0.9864901206375365,1.0876296296296297,1.118016081017737
2010-03-21 16:00:00,1.0476140350877192,1.067622840830484,1.3489603,1.8391953005284845,0.7776666666666666,1.0478539084428307
2010-03-21 17:00:00,0.3766,1.6676003384459133,1.8366184,2.0315069469851084,1.5238,1.4803110114082618
2010-03-21 18:00:00,0.3726333333333333,1.9026926218729876,2.127447,2.4944965675827255,1.1731333333333334,1.7064831844435644
2010-03-21 19:00:00,0.3324,1.8105865591342585,1.9354577,2.0867652656981592,1.6324745762711865,1.7688096565758595
2010-03-21 20:00:00,0.28963333333333335,1.7453907946797866,1.8355902,2.1289805342823707,1.4278571428571427,1.6108233792633992
2010-03-21 21:00:00,0.48816666666666664,1.754950324695923,1.841117,2.228204705824872,2.3860888888888887,1.6833738346772669
2010-03-21 22:00:00,1.2795333333333334,1.303711978767386,1.4045393,1.8590697456615315,1.7999,1.5163137267103886
2010-03-21 23:00:00,1.9859183673469387,0.9604512912516419,0.9659047,0.7326327040373524,1.1929666666666667,1.176419552867694
2010-03-22 00:00:00,1.7893199999999998,0.8232299570410272,0.87521493,1.1017522500876018,0.4296666666666667,0.7501409774510586
2010-03-22 01:00:00,1.6406666666666667,0.5586582161654051,0.5961884,0.7621427191445788,0.3202,0.6655129852672621
2010-03-22 02:00:00,1.4633793103448276,0.4879808128725629,0.5662367,0.4118830817227337,0.5629666666666666,0.5425008965254768
2010-03-22 03:00:00,1.4611186440677966,0.5428589245843651,0.63829416,0.3677114295137497,0.6747333333333334,0.5987638503495152
2010-03-22 04:00:00,1.3836666666666666,0.5532291051354002,0.6857413,0.3228406597677044,0.3063333333333333,0.5559153884392971
2010-03-22 05:00:00,1.5027142857142857,0.7682745754107725,0.8094556,0.8274837711472122,0.3878333333333333,0.6116401315932526
2010-03-22 06:00:00,1.8148076923076923,0.9939308149027702,1.087021,0.7500539843547902,0.6247118644067796,0.8071159676572399
2010-03-22 07:00:00,1.0178333333333334,1.9325254632990498,1.8596321,2.321098845702897,1.9415254237288135,1.4339691980621068
2010-03-22 08:00:00,0.5794333333333334,1.6270657651571612,1.6272562,1.692885471072766,1.4282666666666666,1.2774505818992645
2010-03-22 09:00:00,0.5272666666666667,1.5306269621989521,1.5879675,1.7784119258526947,1.457438596491228,1.3044407022066016
2010-03-22 10:00:00,1.7854634146341466,1.4088739592350097,1.3680333,1.3956630206660467,1.5205666666666666,1.3427803900124184
2010-03-22 11:00:00,2.4642758620689653,1.382857135997288,1.2945555,1.4904202111425653,1.5355666666666667,1.3046224084207907
2010-03-22 12:00:00,1.9379574468085108,1.3008820601382496,1.1663501,1.3998741921295401,1.6564745762711863,1.5039365271274305
2010-03-22 13:00:00,1.5928301886792453,1.1028162000536357,1.0564612,0.7220833268036952,1.4186666666666667,1.324831279894511
2010-03-22 14:00:00,0.4824,1.050360919225702,0.84585655,0.9991279121637793,1.4522000000000002,1.1881492933218027
2010-03-22 15:00:00,0.30183333333333334,1.1137053316128245,0.80147696,0.8508605544984056,1.5034999999999998,1.301453828308983
2010-03-22 16:00:00,0.3469,1.3030520778881505,0.9182291,0.9175629259000012,1.0247333333333333,1.0251960767721335
2010-03-22 17:00:00,0.3137666666666667,1.3090139322312533,1.0717396,0.507894772040017,0.47240000000000004,1.0290933573630585
2010-03-22 18:00:00,0.7480333333333333,1.560905901699889,1.7363536,1.3137205882626022,0.48893333333333333,1.1456970351589786
2010-03-22 19:00:00,0.6702666666666667,1.7498877142345912,1.7036346,1.9760701995651846,2.0090285714285714,1.6362554341661735
2010-03-22 20:00:00,0.3399,1.8114191834052533,1.8321301,2.2690777336578205,2.6925818181818184,1.8181616158112548
2010-03-22 21:00:00,1.3755254237288137,1.8390860095831902,1.5479343,2.531401078996582,2.4233076923076924,1.8162976457497104
2010-03-22 22:00:00,1.7165517241379311,1.369528854967465,0.99471027,1.6891009880345047,1.7437,1.5702033469252619
2010-03-22 23:00:00,1.7803050847457627,1.0038622610206935,0.7100069,0.7069717389828138,0.5592666666666666,1.0112420514302882
2010-03-23 00:00:00,1.7244827586206897,0.5942710593998939,0.5820299,0.5010160652304332,0.31283333333333335,0.5588487207260491
2010-03-23 01:00:00,1.7939322033898304,0.5476201878220579,0.57008445,0.48452279890245975,0.40213333333333334,0.5281102011412189
2010-03-23 02:00:00,1.923230769230769,0.47831773909998027,0.5699306,0.32654271072487584,0.3346,0.5058024096154256
2010-03-23 03:00:00,2.041058823529412,0.4613019640829505,0.5917698,0.3103353258534064,0.29963333333333336,0.5520146889853659
2010-03-23 04:00:00,1.8371999999999997,0.5363801242258363,0.5320008,0.3490803369954417,0.9006333333333333,0.7106670956367753
2010-03-23 05:00:00,2.839857142857143,0.5529740032719482,0.5888387,0.30103356360424804,0.33876666666666666,0.659353516207219
2010-03-23 06:00:00,1.5098666666666667,1.2489508434923173,1.1566291,1.1916173635136569,1.4472413793103447,1.0061053176794628
2010-03-23 07:00:00,0.6813,1.5776929869813563,1.6851443,1.8294386285828987,1.6226206896551723,1.4262561506733862
2010-03-23 08:00:00,0.7332,1.563479448342119,1.5512493,1.6506005593547235,1.9979655172413795,1.4071689482362486
2010-03-23 09:00:00,0.639,1.417973827027066,1.4177614,1.567594423862296,1.5695862068965518,1.3008365106099085
2010-03-23 10:00:00,1.3214666666666666,1.3876277836243591,1.3290356,1.6188457620171741,1.4285333333333334,1.2463452575460068
2010-03-23 11:00:00,1.9416071428571429,1.3812822075944047,1.3247696,1.5550324208784443,1.486,1.2369744977224038
2010-03-23 12:00:00,1.8853469387755104,1.2360781215536722,1.1330504,0.7303806608040246,1.3935,1.2937821548064863
2010-03-23 13:00:00,1.2585000000000002,1.2419113034762335,1.0489697,0.7258813117715273,0.5794237288135593,1.1421058126347166
2010-03-23 14:00:00,0.45539999999999997,0.8492270623282966,1.0278236,0.689993972113162,0.5227333333333334,0.8725861194181783
2010-03-23 15:00:00,0.45553333333333335,0.7901248968165536,0.97558683,0.8626927902177485,0.6385666666666666,0.9336594107016662
2010-03-23 16:00:00,0.446140350877193,1.0441794325113865,1.0229611,0.9304899520398274,0.7162333333333334,0.9802887190825516
2010-03-23 17:00:00,0.4720333333333333,0.8830533697722457,0.9870297,0.6380670726368022,0.7192333333333334,0.9599665495204753
2010-03-23 18:00:00,0.47571929824561404,1.337053828559042,1.4274497,1.0443702757844435,1.5573666666666668,1.2325964118330672
2010-03-23 19:00:00,0.45853333333333335,1.726997073403318,1.7457787,1.3554785966361793,1.654,1.7583038953163839
2010-03-23 20:00:00,0.9827333333333333,1.856996408995079,1.9387643,1.7314123705056725,1.4661333333333333,1.8999048285125586
2010-03-23 21:00:00,1.1387586206896552,1.7873530217486227,1.7982923,1.912505232019504,1.6968999999999999,1.849005502312474
2010-03-23 22:00:00,1.9308421052631577,1.4669222469754342,1.2090443,1.745611152305461,1.9267666666666665,1.6323693807032778
2010-03-23 23:00:00,1.9801754385964914,0.8411118058814782,0.84774727,0.8791030242326435,0.44633333333333336,0.9143972610476325
2010-03-24 00:00:00,1.7284666666666666,0.4909077292535249,0.5235627,0.5920236574180366,0.34723333333333334,0.5669674589907537
2010-03-24 01:00:00,1.7437966101694915,0.415348145754174,0.53930414,0.47368914546873897,0.3188333333333333,0.46026550057426596
2010-03-24 02:00:00,1.682,0.44885024479886704,0.5057948,0.39452380514712726,0.4117,0.5436360182731597
2010-03-24 03:00:00,1.7762068965517241,0.5110369822352689,0.5930472,0.3783275101226169,0.38026666666666664,0.5679721528161512
2010-03-24 04:00:00,1.4394736842105262,0.47026656716035914,0.56506944,0.4667454949849693,0.3318333333333333,0.6262729203611408
2010-03-24 05:00:00,0.41675,0.5359776818968506,0.59902,0.36515069373698483,0.3190666666666667,0.6497425136419144
2010-03-24 06:00:00,0.33823333333333333,1.119231593827816,1.1121557,1.0372282208647174,0.9088,1.0006356598217492
2010-03-24 07:00:00,0.3402,1.8791383871031118,1.9278607,1.8075729432984713,2.0466101694915255,1.666528711387254
2010-03-24 08:00:00,0.385,1.49491678589562,1.4832535,1.543545884412939,1.562723404255319,1.4811501827734161
2010-03-24 09:00:00,0.7995333333333333,1.4766166865412351,1.4148786,1.5226063458464396,1.4369565217391302,1.3073660176776811
2010-03-24 10:00:00,1.5342456140350877,1.359951431969024,1.3035909,1.4795783391665394,1.4418666666666666,1.2838174759079433
2010-03-24 11:00:00,2.269962962962963,1.2869459298915848,1.2383817,1.3932607527887535,1.5561509433962264,1.2491235454545953
2010-03-24 12:00:00,2.109593220338983,1.2712621602969845,1.2247434,1.0593565813130925,1.7516,1.3562169533214377
2010-03-24 13:00:00,1.5837627118644069,1.3058445038990838,1.1997757,0.5678548984540273,2.255142857142857,1.2476006190808644
2010-03-24 14:00:00,0.8652666666666666,1.2614336116261196,1.3477092,0.9654160636781889,1.5687407407407408,1.2245916834278354
2010-03-24 15:00:00,0.3375666666666667,1.2320545261406957,1.2702297,1.2758387450135624,1.5870877192982455,1.174791718601356
2010-03-24 16:00:00,0.38782758620689656,1.2652816067922255,1.3357486,1.5427350991657525,1.4500666666666668,1.1331753252114032
2010-03-24 17:00:00,0.37403333333333333,1.2312055398286734,1.2493966,0.8909226808781722,1.2703333333333333,1.0657578748474505
2010-03-24 18:00:00,0.3037,1.5940921161838124,1.3876431,0.6329043601840012,2.422881355932203,1.3072092051252198
2010-03-24 19:00:00,0.3336,1.580928749198827,1.4703456,1.3566714235447679,1.608857142857143,1.4534632264481346
2010-03-24 20:00:00,0.2946666666666667,1.5052543936152838,1.5136791,1.4118882436906848,1.2920689655172413,1.4271266747226719
2010-03-24 21:00:00,1.1061379310344828,1.8875430177986632,1.6338098,1.9433767785235376,2.1490545454545456,1.6039452285082412
2010-03-24 22:00:00,1.8668510638297873,1.307085286927534,1.3625966,1.3903626631143247,1.3505333333333334,1.378590331194808
2010-03-24 23:00:00,1.8259333333333332,0.6536653603776236,0.7310127,0.4723951811994922,0.3971,0.7655430422636479
2010-03-25 00:00:00,1.4392608695652174,0.506819068008202,0.53435296,0.2662146946369246,0.3686,0.4752523902584098
2010-03-25 01:00:00,1.3893666666666666,0.4268554652461276,0.4870932,0.4848190349462467,0.3449285714285714,0.5757159354403879
2010-03-25 02:00:00,1.196406779661017,0.3908162307401116,0.48026428,0.2643694831111084,0.31706666666666666,0.48070536591036106
2010-03-25 03:00:00,0.7708333333333334,0.3905684960931399,0.4827962,0.3533507928457015,0.29884210526315785,0.5064956418069648
2010-03-25 04:00:00,0.4882,0.465298988321194,0.49568224,0.2755694511046545,0.30016666666666664,0.6024201594297132
2010-03-25 05:00:00,0.44,0.5737609964401073,0.6626185,0.4510987088042978,0.6350333333333332,0.6867444121047825
2010-03-25 06:00:00,1.0513666666666668,1.291715219033617,1.1484365,1.4639924863879545,1.8906296296296294,1.2338809639997017
2010-03-25 07:00:00,1.488,1.654383403137334,1.6549277,1.5938689473924643,1.7792999999999999,1.6117973634634277
2010-03-25 08:00:00,1.4938,1.3821338197810147,1.5204045,1.2698555972104912,1.7460677966101694,1.4914634512323137
2010-03-25 09:00:00,0.8939655172413793,1.4466505243573085,1.346604,1.4807031392231742,1.3706333333333334,1.2669884927413384
2010-03-25 10:00:00,1.1134915254237288,1.3031637803085523,1.3583462,1.313292504084063,1.5128333333333333,1.272587568672564
2010-03-25 11:00:00,2.1902,1.13286671354017,1.1050935,1.4010257490567892,0.5765,1.0710646254862635
2010-03-25 12:00:00,2.7680000000000002,1.0679249120818972,0.975213,1.0571533893382556,0.4422666666666667,0.9982933287422708
2010-03-25 13:00:00,1.4906785714285713,1.1268062496654598,1.0276182,1.2991397347587998,0.41023333333333334,1.0123837080228568
2010-03-25 14:00:00,1.1025084745762712,1.0959957543852314,1.1308433,1.0574214966854172,0.41486666666666666,0.9404798623833676
2010-03-25 15:00:00,0.5011666666666666,1.0162362395078044,0.9687859,0.9590566811388683,0.8074666666666667,0.9840157798670228
2010-03-25 16:00:00,0.3685333333333334,1.1066213779023695,1.0112139,1.053278288331928,0.8887333333333333,1.0428156285915178
2010-03-25 17:00:00,0.3234,1.1883405255806558,1.2062002,1.1756370141080434,1.2522666666666666,1.1383717896798116
2010-03-25 18:00:00,0.3461,1.5328503076280429,1.5876598,1.7409162977813075,1.6198666666666666,1.5873595469047814
2010-03-25 19:00:00,0.37886666666666663,1.9492549061535407,1.8946897,1.788702304385732,2.4353684210526314,1.9182653926052469
2010-03-25 20:00:00,0.9258620689655173,1.7582665666627741,1.8072035,1.7437224415800816,2.501818181818182,1.9528957823318873
2010-03-25 21:00:00,0.4577333333333333,1.7611802139131205,1.7271576,1.827114640611776,1.5632083333333335,1.820167094738121
2010-03-25 22:00:00,0.44466666666666665,1.1386363485130464,1.2638566,1.4158837938458722,0.8262,1.3578150772940203
2010-03-25 23:00:00,0.6477666666666667,0.8673150503672447,0.8685856,0.6263443452789272,0.5804333333333334,0.9413293369394142
2010-03-26 00:00:00,1.9255,0.4995750156141016,0.5584208,0.44114105704257267,0.4798666666666667,0.6280201715529907
2010-03-26 01:00:00,1.9561142857142857,0.5482825557137523,0.52476794,0.33982801940326,0.5263333333333333,0.4963598877496741
2010-03-26 02:00:00,1.53268085106383,0.6549309649670768,0.5574701,0.3186040088103257,0.5513666666666667,0.5451396635215147
2010-03-26 03:00:00,1.4000677966101696,0.5433575100661983,0.5136835,0.3438023879348403,0.7347333333333333,0.6475465280712428
2010-03-26 04:00:00,1.4218983050847458,0.6173621921082152,0.56788605,0.5391555062091722,0.903,0.7369809783099682
2010-03-26 05:00:00,1.3928,0.6161180428495994,0.6053205,0.6500823170483097,0.5111333333333333,0.7283056145026114
2010-03-26 06:00:00,1.3572333333333333,1.0450640400754032,1.0393621,1.1723679867486814,0.7307666666666667,0.954471640737727
2010-03-26 07:00:00,1.695107142857143,1.4108020350779398,1.3923757,1.4964928688178813,1.3733333333333333,1.4182451272748364
2010-03-26 08:00:00,2.178,1.5962104092160438,1.6339544,1.5093078527083503,1.7919999999999998,1.5256767981431394
2010-03-26 09:00:00,2.2554358974358975,1.4145635387134121,1.3880334,1.3744399246845596,1.4098,1.2773967314613117
2010-03-26 10:00:00,1.2546333333333335,1.2915496216986713,1.2360122,1.3085157987923612,1.4702,1.2484988698671478
2010-03-26 11:00:00,1.0604333333333333,1.2519609711616175,1.1902729,1.274100139914903,1.3697666666666668,1.1577406975755715
2010-03-26 12:00:00,1.2675333333333332,1.1635223046100527,1.260365,1.0194324959582026,1.4409666666666667,1.1836360935519952
2010-03-26 13:00:00,1.4627666666666668,0.9720825195803809,1.1633428,0.6530647530992342,1.4329491525423728,1.1911343010399988
2010-03-26 14:00:00,1.3103333333333333,0.9905704179912612,1.0255835,0.8690530314202597,1.506,1.1183551947905288
2010-03-26 15:00:00,1.0249333333333335,0.9008216367836883,0.97864,0.8551716942301341,1.4221,1.1548665218901746
2010-03-26 16:00:00,0.4747,0.9080793150250287,0.89582664,0.8686766492151414,0.4469,0.8898742723319683
2010-03-26 17:00:00,1.2348275862068967,0.897183809639382,1.0340942,1.0174407875041747,0.5118,0.8666875873972495
2010-03-26 18:00:00,1.2164137931034482,1.1840157349694949,1.1969384,1.3138591321438455,0.7758,1.1784550391870248
2010-03-26 19:00:00,0.3775,1.932214972620379,1.826854,2.2368781191952998,2.6204074074074075,1.9003920830350958
2010-03-26 20:00:00,0.3830689655172414,1.7281440240290835,1.5195009,1.44316043249975,1.831310344827586,1.6090422912073457
2010-03-26 21:00:00,0.3094,1.3685566759652972,1.3848013,1.738274857502651,1.4046666666666667,1.3970731495934028
2010-03-26 22:00:00,0.3426,1.230485373411765,1.1084979,0.8088748368326477,1.4761333333333333,1.2106605194413997
2010-03-26 23:00:00,0.48323333333333335,0.9965346883312107,0.84800124,0.5610927002953808,0.6378245614035088,0.9251620221784227
2010-03-27 00:00:00,0.4952666666666667,0.5502497962935676,0.6362291,-0.04741136306009697,1.116949152542373,0.71272922112335
2010-03-27 01:00:00,1.2187234042553192,0.6456039330252572,0.6742361,0.6115133974272725,0.39039999999999997,0.591373990769255
2010-03-27 02:00:00,1.2713888888888887,0.5514044776723181,0.69428474,0.3570247164536803,0.35,0.5741414715669731
2010-03-27 03:00:00,0.6496666666666667,0.538765182167618,0.67641175,0.2890423280216047,0.360078431372549,0.6330372004868852
2010-03-28 13:00:00,1.1057627118644067,1.0292142544814697,0.9973722,0.6691663676831133,0.8748235294117647,0.9421939375511686
2010-03-28 14:00:00,1.5397500000000002,1.3152817741014713,1.3216515,1.6804400132781772,1.5940714285714286,1.08626119427722
2010-03-28 15:00:00,0.5544489795918367,1.325499526825231,1.3316559,1.2313900947583514,1.51776,1.2155733954268104
2010-03-28 16:00:00,0.716695652173913,1.3636875280061236,1.2690486,2.0115203324812496,0.803125,1.399022210404199
2010-03-28 17:00:00,0.7544561403508772,1.5086286435972949,1.4662374,2.1632466247097524,0.4169333333333333,1.2649467167684358
2010-03-28 18:00:00,0.7871764705882353,1.655503707060178,1.6932377,2.16831881846643,0.5179666666666667,1.227136568524917
2010-03-28 19:00:00,1.200551724137931,1.704935827917738,1.7317871,1.6697657739356635,1.6035263157894737,1.4852588702161922
2010-03-28 20:00:00,2.4793513513513514,1.5270189521709878,1.7348787,2.0850772750768556,1.6263999999999998,1.4987870555881555
2010-03-28 21:00:00,2.2912142857142856,1.4409166647418854,1.6688317,0.9183083318648088,1.46945,1.4279512703680328
2010-03-28 22:00:00,1.9703913043478263,1.1049012408673249,1.0696872,1.5667857562935728,0.662,1.257720344309063
2010-03-28 23:00:00,0.8194,0.9918568136199815,0.86657625,1.5922845470133131,0.8506666666666667,1.2624584815078048
2010-03-29 00:00:00,0.36369999999999997,0.6888362973317895,0.7885709,0.8873758118498407,0.5723333333333334,0.9115218493422111
2010-03-29 01:00:00,0.3675333333333333,0.4427798465538586,0.48077103,0.3974184133071952,0.31323333333333336,0.6025173892418554
2010-03-29 02:00:00,0.35103333333333336,0.5466124513753178,0.56657726,0.7502550107145334,0.8913898305084745,0.8791228277492908
2010-03-29 03:00:00,0.3949666666666667,0.7010386681272511,0.61449355,1.4733575819455116,0.30660000000000004,1.077917620977236
2010-03-29 04:00:00,0.47396666666666665,0.7250274045949694,0.85704195,2.3558555285069867,0.37623333333333336,1.2913423591305815
2010-03-29 05:00:00,0.8642033898305085,0.7626993711195736,0.64444697,1.7877641261442667,0.37196666666666667,1.1092552702213654
2010-03-29 06:00:00,0.5538620689655173,1.2553390231268375,1.1082402,1.3023268688498337,1.2173846153846155,1.1714063870039944
2010-03-29 07:00:00,2.1118888888888887,1.4684930476057017,1.555694,1.5806952432164496,1.8172,1.3375124092022148
2010-03-29 08:00:00,1.3963050847457628,1.4318197159742463,1.4766822,1.4037622521621538,1.396655172413793,1.1370763176549947
2010-03-29 09:00:00,1.4518305084745764,1.3922285514169965,1.4050726,1.4442425980279716,1.3724333333333334,1.1457446633455346
2010-03-29 10:00:00,1.4277000000000002,1.2476418422993434,1.1718037,1.2221856444671084,1.4026666666666665,0.9720590301620464
2010-03-29 11:00:00,1.4677966101694915,1.0786936998686192,1.0018213,1.0001872792312387,1.3682666666666667,0.8661384539058091
2010-03-29 12:00:00,1.458508474576271,0.889831865119232,0.9970087,0.9450189001887543,1.5690357142857143,0.9052512704714688
2010-03-29 13:00:00,1.4218596491228068,0.9453113772803379,0.96525013,0.6152808043668236,1.5488275862068965,0.9573246256059359
2010-03-29 14:00:00,1.4000344827586206,0.7846725188658082,0.6537034,0.6577042978548291,1.456206896551724,0.9713939259797464
2010-03-29 15:00:00,1.4442758620689655,0.8130473810915205,0.86365956,0.46699665466975604,1.3941666666666668,0.957320492150371
2010-03-29 16:00:00,1.4545,0.675788623885346,0.661812,0.4003928483214796,1.2278983050847456,0.9097162956829412
2010-03-29 17:00:00,1.4706779661016949,0.8658174468129834,0.60725564,0.424445311779892,0.31160000000000004,0.6850570585285793
2010-03-29 18:00:00,0.8935333333333334,1.0079524451704185,1.0576679,0.6867370354164739,0.6884210526315789,0.830980787380866
2010-03-29 19:00:00,0.7797454545454546,1.291524005458455,1.4173657,1.6428343611903506,1.3670344827586207,1.2716105090635959
2010-03-29 20:00:00,1.5333666666666665,1.3956475675382018,1.5062749,1.6956732273758508,1.7270909090909092,1.3873154732071982
2010-03-29 21:00:00,2.0416333333333334,1.4919942918361557,1.6185534,2.059884996548184,1.9000666666666668,1.5485396318675702
2010-03-29 22:00:00,0.8472820512820513,1.1623849179826815,1.1797256,1.6005535898035328,0.7825490196078431,1.1140175439989695
2010-03-29 23:00:00,0.494375,0.8320595055856272,0.8955195,0.815969834788433,0.30066666666666664,0.894369722078403
2010-03-30 00:00:00,0.43283333333333335,0.583827285392582,0.54726046,0.5342056476345741,0.336,0.628745702865594
2010-03-30 01:00:00,0.41357894736842105,0.5301961566732161,0.51176304,0.3917141431361818,1.0476140350877192,0.6361619757110865
2010-03-30 02:00:00,0.41226666666666667,0.7566780458841299,0.60647094,1.1239145486574171,0.3766,0.752383675601378
2010-03-30 03:00:00,0.41218518518518515,0.6287356050523409,0.58045304,0.652313772957199,0.3726333333333333,0.6482236244313189
2010-03-30 04:00:00,0.4473793103448276,0.6647671973507007,0.72345096,1.126972877656399,0.3324,0.8618911678695054
2010-03-30 05:00:00,1.1654222222222224,0.6425675992317593,0.6654464,1.0796808874796056,0.28963333333333335,0.7874668510020733
2010-03-30 06:00:00,0.4524736842105263,1.3870639478913822,1.0956461,1.671111856350334,0.48816666666666664,1.0793944424167654
2010-03-30 07:00:00,2.392857142857143,1.50776425362586,1.6155725,1.6727793666752941,1.2795333333333334,1.306788309305784
2010-03-30 08:00:00,2.0237837837837835,1.539448852911165,1.5984207,1.9515973666498516,1.9859183673469387,1.3735926336382451
2010-03-30 09:00:00,1.5611739130434785,1.3772781086950383,1.4396002,1.8549085263680465,1.7893199999999998,1.2449917734901856
2010-03-30 10:00:00,1.7614333333333332,1.2905450138177923,1.2792891,1.5631649272623784,1.6406666666666667,1.0656575303308529
2010-03-30 11:00:00,1.4778,1.258878884471053,1.2039751,1.2237219342429082,1.4633793103448276,1.0099304427750981
2010-03-30 12:00:00,1.4474333333333333,1.2055880932113465,1.1728486,1.2801658672142822,1.4611186440677966,1.0155931836380647
2010-03-30 13:00:00,1.610974358974359,1.0637092333959182,1.0358243,1.0134276138054297,1.3836666666666666,0.979339499337583
2010-03-30 14:00:00,1.5218275862068966,1.0259989144647832,1.0273751,0.8721436651830627,1.5027142857142857,1.0516321971107145
2010-03-30 15:00:00,1.1431666666666667,1.0211686067508712,1.1688637,1.1926676433401218,1.8148076923076923,1.0604118924126205
2010-03-30 16:00:00,0.885,1.2622690790168247,1.03578,0.7629875274368709,1.0178333333333334,1.026633456318688
2010-03-30 17:00:00,0.8992666666666665,1.128229027453589,1.0486743,0.6362266996460312,0.5794333333333334,0.7507316933559118
2010-03-30 18:00:00,0.668,1.1868699391043154,1.2196858,0.75076647773387,0.5272666666666667,0.8614583913104329
2010-03-30 19:00:00,0.9403571428571429,1.442478874422407,1.4950211,1.330328653160592,1.7854634146341466,1.392632742552934
2010-03-30 20:00:00,1.6622105263157894,1.9830812216693916,1.8945315,2.478915082038561,2.4642758620689653,1.6935590888651624
2010-03-30 21:00:00,2.937214285714286,1.6020253465531296,1.7585088,2.0790115157292774,1.9379574468085108,1.6019438884376198
2010-03-30 22:00:00,2.272766666666667,1.2433285615916183,1.3665391,1.3954851882273025,1.5928301886792453,1.1983119827848616
2010-03-30 23:00:00,0.4855,0.9993311706521564,0.9505375,0.9936265593513692,0.4824,0.9537062546083905
2010-03-31 00:00:00,0.4668,0.6222186376786681,0.6284801,0.5019516087406605,0.30183333333333334,0.5766071918500424
2010-03-31 01:00:00,0.32453333333333334,0.5217110003449785,0.57046276,0.5621222760985284,0.3469,0.5788111059405963
2010-03-31 02:00:00,0.3330666666666667,0.5352166358562167,0.51089,0.38314596431101,0.3137666666666667,0.48506218374652166
2010-03-31 03:00:00,0.29736666666666667,0.552544918628518,0.53273016,0.4881978878753118,0.7480333333333333,0.6166634393736354
2010-03-31 04:00:00,0.2953,0.7119272173275552,0.6561623,0.793245104557149,0.6702666666666667,0.8742273357870851
2010-03-31 05:00:00,0.6300333333333333,0.6603298596198178,0.7014421,1.1104209049749556,0.3399,0.921980049567007
2010-03-31 06:00:00,1.0479,1.2128542586170512,1.2115238,1.7766045806184443,1.3755254237288137,1.1937650745395119
2010-03-31 07:00:00,1.8445333333333334,1.5983756356045773,1.5592009,1.6878586405123122,1.7165517241379311,1.3518028725371942
2010-03-31 08:00:00,1.7738333333333334,1.400432370127564,1.4597769,1.6301839110455163,1.7803050847457627,1.2820310470136043
2010-03-31 09:00:00,1.794212765957447,1.3057466110686375,1.1966585,1.5017219312272805,1.7244827586206897,1.184602638755238
2010-03-31 10:00:00,1.4136603773584904,1.2471491604211118,1.1853383,1.5771420194435897,1.7939322033898304,1.1910858676695668
2010-03-31 11:00:00,1.3983333333333334,1.2155349683290133,1.1054745,1.6834365128147781,1.923230769230769,1.1157344649334209
2010-03-31 12:00:00,1.4986538461538463,1.4623225264244684,1.4007095,1.056161201261887,2.041058823529412,1.128796448382077
2010-03-31 13:00:00,2.3697777777777778,1.0826556859259024,1.1714628,0.808974613920756,1.8371999999999997,1.167629313609289
2010-03-31 14:00:00,0.4915333333333333,1.6095821742451588,1.2113922,1.0632914629364907,2.839857142857143,1.197858794131847
2010-03-31 15:00:00,0.9730000000000001,1.3604411868888042,1.4386557,1.864443332952607,1.5098666666666667,1.3188987391698568
2010-03-31 16:00:00,2.05264406779661,1.0888665812648857,1.0715522,0.9844797567116123,0.6813,0.9772803235783035
2010-03-31 17:00:00,0.8503000000000001,1.2858843457605564,1.2153263,0.7677476035877382,0.7332,0.8774066023316798
2010-03-31 18:00:00,1.0204363636363636,1.211665890569484,1.2513388,1.0125919711248732,0.639,0.8999408529344071
2010-03-31 19:00:00,1.7298461538461538,1.4407579419467766,1.3930758,1.5572247535087969,1.3214666666666666,1.3285255312313622
2010-03-31 20:00:00,2.0330943396226417,1.6046116809862816,1.7518715,1.7197987000413084,1.9416071428571429,1.634346303339811
2010-03-31 21:00:00,2.5924827586206898,1.408193589799809,1.5823694,1.624458839399141,1.8853469387755104,1.5805051930897658
2010-03-31 22:00:00,1.209859649122807,1.168058662047057,1.2457453,1.1993803389166036,1.2585000000000002,1.0981178586717444
2010-03-31 23:00:00,0.4421333333333333,0.8088125424534137,0.801357,0.7751664088866246,0.45539999999999997,0.7858617659591787
2010-04-01 00:00:00,0.368,0.5397255422808059,0.54298246,0.49638053186347975,0.45553333333333335,0.5063537786560764
2010-04-01 01:00:00,0.3743666666666667,0.5235267766909675,0.5109467,0.3720394181920932,0.446140350877193,0.572844754125034
2010-04-01 02:00:00,0.30866666666666664,0.6205179022245695,0.555436,0.7262232591231773,0.4720333333333333,0.5671316990027041
2010-04-01 03:00:00,0.31529999999999997,0.5996004779311223,0.6385105,0.6680481053899667,0.47571929824561404,0.7413704519841419
2010-04-01 04:00:00,0.38,0.580870467503104,0.6420943,0.446445383502695,0.45853333333333335,0.7658352543107467
2010-04-01 05:00:00,0.956,0.6501076603562721,0.7315767,0.7101288211120081,0.9827333333333333,0.8628231868625487
2010-04-01 06:00:00,0.7114999999999999,1.2776111578614517,1.0746877,1.2139055687575144,1.1387586206896552,1.093262545371837
2010-04-01 07:00:00,1.8688474576271186,1.549146099271391,1.6647277,1.5709190016554708,1.9308421052631577,1.437875895815092
2010-04-01 08:00:00,1.7394333333333334,1.3770639425494713,1.5431274,1.5160126350112053,1.9801754385964914,1.3411462643939949
2010-04-01 09:00:00,1.4024745762711863,1.2809095256624372,1.3130231,1.3558825617116326,1.7284666666666666,1.2153169533307573
2010-04-01 10:00:00,1.4278333333333333,1.2075331683760495,1.1185877,1.283868395206337,1.7437966101694915,1.164065421762084
2010-04-01 11:00:00,1.3922333333333334,1.2613886385084867,1.1331491,1.0927414130029938,1.682,1.128001071544584
2010-04-01 12:00:00,1.4118,1.2021418911668802,1.1025193,1.1565299208312072,1.7762068965517241,1.192802535668982
2010-04-01 13:00:00,1.3622333333333332,0.978851942004415,1.045214,0.5159987209519112,1.4394736842105262,1.0609918564153875
2010-04-01 14:00:00,1.1203,1.0147453124405932,1.001017,0.4955201862953844,0.41675,0.9385006374864122
2010-04-01 15:00:00,0.3688,0.8602553448799323,0.93950474,1.081922406698267,0.33823333333333333,0.8136472448430598
2010-04-01 16:00:00,0.41129824561403505,1.0089121365755718,0.9688906,0.919742522897338,0.3402,0.8627382879403847
2010-04-01 17:00:00,0.3408333333333333,1.0748711029757378,1.0857755,0.9496677215270836,0.385,0.8568335843251507
2010-04-01 18:00:00,0.6947,1.084286543431349,1.16125,0.9085387265688067,0.7995333333333333,0.950414381179826
2010-04-01 19:00:00,1.823490909090909,1.3691097292016685,1.4592834,1.6148280563747677,1.5342456140350877,1.4753072216198857
2010-04-01 20:00:00,2.3136956521739127,1.9271664349926276,1.9067988,1.5618954209337583,2.269962962962963,1.8008531729353678
2010-04-01 21:00:00,2.4881666666666664,1.9007728702451923,1.8480247,1.808129409548175,2.109593220338983,1.745818511281596
2010-04-01 22:00:00,1.6280444444444444,1.5235582877374827,1.2765325,1.4566349677392447,1.5837627118644069,1.5383451813384301
2010-04-01 23:00:00,1.4149333333333334,1.057012262268331,1.0261079,1.0185636814264882,0.8652666666666666,1.0596109922672845
2010-04-02 00:00:00,0.6838620689655173,0.7000650202807793,0.6806767,0.7408057219224762,0.3375666666666667,0.6561395912696816
2010-04-02 01:00:00,0.29710000000000003,0.6813049197067474,0.62291896,0.6133006843364798,0.38782758620689656,0.600361632551184
2010-04-02 02:00:00,0.3693666666666667,0.5100485608218998,0.5256185,0.47102476572336605,0.37403333333333333,0.5456360383934638
2010-04-02 03:00:00,0.35196666666666665,0.5906020925470061,0.55037,0.47923796234566607,0.3037,0.7769380654266951
2010-04-02 04:00:00,0.2988,0.5651137989321683,0.47573772,0.4375026579674778,0.3336,0.7151549918130768
2010-04-02 05:00:00,0.29169999999999996,0.553333776113892,0.48313856,0.46275330004525483,0.2946666666666667,0.7613677313731814
2010-04-02 06:00:00,1.0766,1.32550632456927,0.9955716,1.310357661604942,1.1061379310344828,1.231004435656592
2010-04-02 07:00:00,1.9040338983050846,1.4477368770579813,1.4278367,1.4444277716715939,1.8668510638297873,1.4540193417643348
2010-04-02 08:00:00,1.7133333333333334,1.4170850520729952,1.4546314,1.6251312843303196,1.8259333333333332,1.3677343505035218
2010-04-02 09:00:00,1.9030333333333334,1.2731870374599585,1.3564308,1.4343240817647374,1.4392608695652174,1.1969779081219953
2010-04-02 10:00:00,1.5308,1.1807975631443706,1.2315601,1.245498133097563,1.3893666666666666,1.1427002996034545
2010-04-02 11:00:00,1.4902333333333333,1.0697304153940417,1.0718297,1.2474590696711696,1.196406779661017,1.0949281552574277
2010-04-02 12:00:00,1.6264074074074073,1.124553082198589,1.0416476,1.2049164468232798,0.7708333333333334,1.0123503100033877
2010-04-02 13:00:00,0.4873,0.8853784057067453,0.96331346,1.049115047220906,0.4882,0.8502441386256838
2010-04-02 14:00:00,0.6075471698113208,0.8500202907720537,0.9136982,0.9554444492536539,0.44,0.8263664969662834
2010-04-02 15:00:00,1.527491525423729,1.23577425092846,1.0205787,0.9150468162032731,1.0513666666666668,1.0855274683286975
2010-04-02 16:00:00,1.5783333333333334,1.3697501354051882,1.2734818,0.9702957259288568,1.488,1.1436891051837228
2010-04-02 17:00:00,1.4948275862068967,1.3638219245866543,1.4625636,1.0064198372249729,1.4938,1.1973869325946949
2010-04-02 18:00:00,0.8460677966101695,1.3801278476516172,1.3046923,1.5047598977187733,0.8939655172413793,1.1062210154034364
2010-04-02 19:00:00,1.4053043478260872,1.42872021035016,1.6467689,1.7527991293898657,1.1134915254237288,1.3590326051972363
2010-04-02 20:00:00,2.2630666666666666,1.968898849891161,1.7356625,1.4749040123424342,2.1902,1.5858382508740743
2010-04-02 21:00:00,1.5465333333333333,1.8731693691495102,1.8881031,2.3212446664994504,2.7680000000000002,1.7085289117872433
2010-04-02 22:00:00,1.1645666666666665,1.2535359268148192,1.588635,1.0843064575287502,1.4906785714285713,1.3280679891289469
2010-04-02 23:00:00,0.4166666666666667,0.9308099072751882,0.85399055,0.41302753822184657,1.1025084745762712,1.0051648374775795
2010-04-03 00:00:00,0.7587666666666667,0.5941690452991266,0.56569827,0.6327493737989696,0.5011666666666666,0.6549211871349849
2010-04-03 01:00:00,0.5699666666666666,0.5586087775496549,0.5374079,0.7569974785657195,0.3685333333333334,0.636927712399207
2010-04-03 02:00:00,0.3001333333333333,0.49827606045503764,0.5303013,0.6566212961670147,0.3234,0.6239285240908741
2010-04-03 03:00:00,0.33786666666666665,0.5891045421310958,0.57674444,0.406785094729502,0.3461,0.7155987284994938
2010-04-03 04:00:00,0.3004,0.5820127658137227,0.49444187,0.658832359471315,0.37886666666666663,0.9173255203556127
2010-04-03 05:00:00,0.2859333333333333,0.6464856511320908,0.6077668,1.0609540450095638,0.9258620689655173,1.1253834056247505
2010-04-03 06:00:00,0.5276491228070176,1.183901413052318,0.90891564,0.8689485746100569,0.4577333333333333,1.0334089198433198
2010-04-03 07:00:00,2.344901960784314,0.9271236495920256,1.1617687,1.6433279804434395,0.44466666666666665,1.107871190154345
2010-04-03 08:00:00,1.7186153846153844,1.166453681602456,1.2359188,1.4786980372380754,0.6477666666666667,1.1484900817606314
2010-04-03 09:00:00,1.511890909090909,1.4543011548461495,1.4630437,1.0154707833170324,1.9255,1.4239147407180772
2010-04-03 10:00:00,1.7052340425531916,1.3194123298200842,1.3724356,1.4148045747268263,1.9561142857142857,1.4494130547317035
2010-04-03 11:00:00,1.7501764705882352,1.2900494149588528,1.3883282,1.6249109832720117,1.53268085106383,1.271911887293764
2010-04-03 12:00:00,1.640409090909091,1.2392179198497326,1.3128464,1.4468005250491909,1.4000677966101696,1.1798333542643058
2010-04-03 13:00:00,1.6217192982456141,1.2798048461490594,1.2883058,1.4765034522043572,1.4218983050847458,1.1455674766969817
2010-04-03 14:00:00,1.561206896551724,1.2043525982491907,1.2771043,1.273479822457992,1.3928,0.9830109627657057
2010-04-03 15:00:00,1.4822372881355932,1.1834227043548085,1.163102,1.2821878579554573,1.3572333333333333,1.0588356540362494
2010-04-03 16:00:00,1.5357931034482757,1.1556805009986986,1.1022574,1.1905095051663095,1.695107142857143,1.3447943227015737
2010-04-03 17:00:00,1.5175666666666667,1.7158256592976178,1.4453803,1.6065920490045804,2.178,1.5939218430188111
2010-04-03 18:00:00,1.513457627118644,1.7010825929777806,1.8328123,1.5970703589324413,2.2554358974358975,1.5059124015834422
2010-04-03 19:00:00,1.5149333333333332,1.4611171770924511,1.6049093,1.6019594421866512,1.2546333333333335,1.3586957164650162
2010-04-03 20:00:00,1.5903333333333334,1.3248324708032089,1.4657532,1.7563330620624893,1.0604333333333333,1.4153167459807259
2010-04-03 21:00:00,1.1560666666666668,1.5063061519680467,1.5884728,1.5441723524249997,1.2675333333333332,1.5294589131267382
2010-04-03 22:00:00,0.44483333333333336,1.4824923584545429,1.5426459,1.2926589154335049,1.4627666666666668,1.4221645526129572
2010-04-03 23:00:00,0.5685666666666667,1.1387381967063257,1.1937737,0.5321995536931489,1.3103333333333333,1.294845610890877
2010-04-04 00:00:00,0.5558666666666667,0.8162046798949989,0.7808513,0.9582463021771234,1.0249333333333335,0.9070958054980943
2010-04-04 01:00:00,0.3390666666666667,0.6259592084840996,0.6064188,0.507912451360784,0.4747,0.6261812709739433
2010-04-04 02:00:00,0.9610666666666667,0.5899768494862162,0.5247862,0.3792290305331576,1.2348275862068967,0.7302484494507375
2010-04-04 03:00:00,0.5775,0.6235958250590246,0.54594576,0.22973978189431432,1.2164137931034482,0.8046685961585176
2010-04-04 04:00:00,0.41233333333333333,0.661524795618139,0.6619311,1.3699503314344106,0.3775,0.8978289258767329
2010-04-04 05:00:00,0.2939333333333333,0.6440166408944984,0.75867707,1.048892330604824,0.3830689655172414,0.830622980106416
2010-04-04 06:00:00,0.30756666666666665,0.978889750722918,0.8418024,0.3924761502353493,0.3094,0.7741949837914542
2010-04-04 07:00:00,0.5575,1.040807317098816,1.1423023,0.7753519935147605,0.3426,0.8582356593402378
2010-04-04 08:00:00,0.5521694915254238,0.8495059757605131,0.9284209,0.7316698359526842,0.48323333333333335,0.836262912208607
2010-04-04 09:00:00,1.3287,1.056221032216649,1.1265174,1.1675842223168509,0.4952666666666667,1.1060023165816086
2010-04-04 10:00:00,1.6264666666666665,1.153041953336635,1.2010671,0.863682561952874,1.2187234042553192,1.2113529188199312
2010-04-04 11:00:00,1.0288333333333335,1.2328215836929537,1.261304,1.1897167324084328,1.2713888888888887,1.1598724404078413
2010-04-04 12:00:00,1.9903859649122806,1.245218900229616,1.2274662,1.5157233498741816,0.6496666666666667,1.016602793536515
2010-04-04 13:00:00,1.5180689655172415,1.2056198496255452,1.2467704,1.8500401905519845,1.1057627118644067,1.1099501501422135
2010-04-04 14:00:00,1.4949333333333332,1.3455964639923312,1.3229214,0.8748036397456325,1.5397500000000002,1.2041034992323085
2010-04-04 15:00:00,2.304705882352941,1.3433617052489044,1.3300756,1.322953189913079,0.5544489795918367,1.2108431342037742
2010-04-04 16:00:00,1.9713749999999999,1.112474915156216,1.0639714,1.370689656260604,0.716695652173913,1.1367706501688037
2010-04-04 17:00:00,2.1100000000000003,1.2203286130059323,1.124826,1.2063024257339139,0.7544561403508772,1.2092604005358463
2010-04-04 18:00:00,1.660111111111111,1.269399462347506,1.3308301,0.7951418097805686,0.7871764705882353,1.2699999838812748
2010-04-04 19:00:00,1.481086956521739,1.3504588236982955,1.6784346,1.9586106998145456,1.200551724137931,1.3407897459758191
2010-04-04 20:00:00,1.1565666666666667,1.6094292544894935,1.8523782,1.222890331340492,2.4793513513513514,1.6913871947272554
2010-04-04 21:00:00,0.42906666666666665,1.6251280530051075,1.9248543,2.2251632978356666,2.2912142857142856,1.7834944287729524
2010-04-04 22:00:00,0.5060666666666667,1.4176484086878935,1.8333952,2.3135088198634346,1.9703913043478263,1.5568641011704718
2010-04-04 23:00:00,0.5043666666666666,1.0443311060929208,1.1494914,1.716313893405486,0.8194,1.2341597508082747
2010-04-05 00:00:00,0.36236666666666667,0.6143970838167839,0.55480146,0.549334056554287,0.36369999999999997,0.554612637789062
2010-04-05 01:00:00,0.28886666666666666,0.5379605921663114,0.44890922,0.4610445305326095,0.3675333333333333,0.4195978802997704
2010-04-05 02:00:00,0.4473333333333333,0.5337216642047635,0.5420343,0.5413645590673157,0.35103333333333336,0.5900538273945101
2010-04-05 03:00:00,0.812677966101695,0.5588828283982129,0.50699294,0.33505395556693485,0.3949666666666667,0.5757031703515179
2010-04-05 04:00:00,0.3,0.5426019293793274,0.5252231,0.3887490111248756,0.47396666666666665,0.5695310809115062
2010-04-05 05:00:00,0.30660000000000004,0.5451171771365915,0.57436323,0.5528770564666912,0.8642033898305085,0.774040834152281
2010-04-05 06:00:00,0.3575333333333333,0.880806145819782,0.87970465,0.7252536186456409,0.5538620689655173,0.8198397027345932
2010-04-05 07:00:00,0.8573999999999999,1.988810913105095,1.9743123,1.8976829684936993,2.1118888888888887,1.2875671165758444
2010-04-05 08:00:00,0.4175333333333333,1.4612579571889572,1.4796838,1.384512730068702,1.3963050847457628,1.1740733617652952
2010-04-05 09:00:00,1.1086101694915254,1.291414684640619,1.4546865,1.4377207676932489,1.4518305084745764,1.1999925714493942
2010-04-05 10:00:00,0.9167096774193548,1.2423611723039303,1.3147409,1.387432059512375,1.4277000000000002,1.2730087802796928
2010-04-05 11:00:00,1.3233666666666666,1.1624165612358002,1.2194827,1.27956682822045,1.4677966101694915,1.196677396440275
2010-04-05 12:00:00,0.8510000000000001,1.2907944922476102,1.2287288,1.4564766678418422,1.458508474576271,1.1367212264255477
2010-04-05 13:00:00,0.34883333333333333,1.0768434940755385,1.0897456,0.9115728290773801,1.4218596491228068,1.170479984444474
2010-04-05 14:00:00,0.2845714285714286,0.8763630700006627,0.8432208,0.47609911681734185,1.4000344827586206,1.2084893384236093
2010-04-05 15:00:00,0.5190169491525424,0.7663534907696374,0.83355945,0.3701213841875035,1.4442758620689655,1.0875657338234785
2010-04-05 16:00:00,0.5272542372881356,0.8406660498916064,0.8784945,-0.013123823003680535,1.4545,1.1268341279039438
2010-04-05 17:00:00,0.44466666666666665,0.713065833072711,0.70099545,-0.10033084620613275,1.4706779661016949,1.066646168200244
2010-04-05 18:00:00,0.8684827586206897,1.001343921412718,0.9059697,0.11402466535222255,0.8935333333333334,1.05520889971586
2010-04-05 19:00:00,0.576125,1.2591888745641966,1.2890472,1.0503809339043964,0.7797454545454546,1.1425500461985327
2010-04-05 20:00:00,1.2091999999999998,1.465722359737137,1.5900729,1.5977309576941505,1.5333666666666665,1.5123212523126497
2010-04-05 21:00:00,2.0313,1.866190897138772,1.8952408,2.1250675584674594,2.0416333333333334,1.6622690262649678
2010-04-05 22:00:00,0.6023,1.380778731091698,1.2535516,1.1436860396287132,0.8472820512820513,1.2618980735898613
2010-04-05 23:00:00,0.31366666666666665,0.9284144445791687,0.83978236,0.6806637686293369,0.494375,0.8842276091246981
2010-04-06 00:00:00,0.31523333333333337,0.6796984436498508,0.6443334,0.88205874391322,0.43283333333333335,0.5583441460548322
2010-04-06 01:00:00,0.39003333333333334,0.6280316646621074,0.6455226,0.7688207670964705,0.41357894736842105,0.6126360929291566
2010-04-06 02:00:00,0.3535333333333333,0.6582494037393422,0.68095976,0.9016372779451545,0.41226666666666667,0.5592195611434545
2010-04-06 03:00:00,0.29653333333333337,0.6862212519284898,0.6779519,0.7766314460406619,0.41218518518518515,0.6043653087040067
2010-04-06 04:00:00,0.32380000000000003,0.7041555684960545,0.6472704,1.0735828341310452,0.4473793103448276,0.6235810076918388
2010-04-06 05:00:00,0.9582666666666667,0.9071179767075751,0.70233196,1.0116773130430858,1.1654222222222224,0.8645016237676981
2010-04-06 06:00:00,0.49876666666666664,0.9363230563441052,0.82801247,0.9024609649176976,0.4524736842105263,0.7159256771326574
2010-04-06 07:00:00,0.935,1.784264658849388,1.7740682,2.191200268708877,2.392857142857143,1.4803871521910792
2010-04-06 08:00:00,1.542235294117647,1.7099265323394408,1.8354101,1.8432135759227706,2.0237837837837835,1.4725791343005135
2010-04-06 09:00:00,1.8342,1.4757489631107512,1.508879,1.4644582780280564,1.5611739130434785,1.2739038580502948
2010-04-06 10:00:00,2.0290169491525423,1.3555869257970625,1.3903434,1.541671103033691,1.7614333333333332,1.3049918402569172
2010-04-06 11:00:00,1.9221333333333335,1.3438512869750272,1.4490079,1.568183441955093,1.4778,1.2294081313684495
2010-04-06 12:00:00,1.5308135593220338,1.289664758219783,1.2680675,1.6160566187493848,1.4474333333333333,1.1445309809122817
2010-04-06 13:00:00,1.5611186440677964,1.3459571485765642,1.2882601,1.1937651340543516,1.610974358974359,1.1532936194754284
2010-04-06 14:00:00,1.9942666666666666,1.1441336575469534,1.2019851,0.9833535726667042,1.5218275862068966,1.2061535113730388
2010-04-06 15:00:00,1.9803,1.1610363252679823,1.0626771,0.8739547279107401,1.1431666666666667,1.1190531214229127
2010-04-06 16:00:00,0.7770333333333334,0.9131983287560534,1.0220332,0.6785621409032833,0.885,0.9928092239357347
2010-04-06 17:00:00,0.7379666666666667,1.1806848707701212,1.09244,0.9761958926582956,0.8992666666666665,0.9832199430541226
2010-04-06 18:00:00,0.7172999999999999,0.9150407727285108,0.97647434,0.6809361659843423,0.668,0.8647650310952377
2010-04-06 19:00:00,0.8582,1.2825561976092164,1.3677946,1.710437302829519,0.9403571428571429,1.1786179971154986
2010-04-06 20:00:00,2.604139534883721,1.7833325322096352,1.757068,2.1293018683163174,1.6622105263157894,1.6401100912492483
2010-04-06 21:00:00,2.2441176470588236,1.9462019903467118,1.8940674,2.4134716138756134,2.937214285714286,1.9648936499820728
2010-04-06 22:00:00,1.8924074074074073,1.7882781250016786,1.944845,1.6759805414033957,2.272766666666667,1.6482154592150053
2010-04-06 23:00:00,0.8292631578947368,0.9399255517671169,1.0115242,0.9778336862342443,0.4855,0.9035878612985337
2010-04-07 00:00:00,0.3444333333333333,0.8272875125980473,0.4848602,0.6874053173480141,0.4668,0.4875978484142368
2010-04-07 01:00:00,0.36466666666666664,0.4917230967108759,0.4702521,0.3985846453423493,0.32453333333333334,0.41600306998947945
2010-04-07 02:00:00,0.9345333333333333,0.5236494322112852,0.5015494,0.28694863802331194,0.3330666666666667,0.41539796638673643
2010-04-07 03:00:00,0.47866666666666663,0.5078587759792562,0.5088544,0.35112604851654916,0.29736666666666667,0.48744287550355414
2010-04-07 04:00:00,0.3989333333333333,0.49823483041682365,0.50550485,0.4254510773702904,0.2953,0.5576184752092712
2010-04-07 05:00:00,0.4297333333333333,0.6301718575803705,0.7261544,0.6188762758104178,0.6300333333333333,0.8062752552086377
2010-04-07 06:00:00,0.8216071428571429,1.1061082888834122,0.8942437,0.9953831102323015,1.0479,0.964512540436382
2010-04-07 07:00:00,2.360188679245283,1.489812317629894,1.6934634,1.8177304922901238,1.8445333333333334,1.585391765839637
2010-04-07 08:00:00,1.405457627118644,1.561856149306176,1.5877484,1.3446837775999407,1.7738333333333334,1.5263231638118688
2010-04-07 09:00:00,1.3653666666666666,1.5088107909800827,1.5384636,1.4511347193377588,1.794212765957447,1.440456937658797
2010-04-07 10:00:00,1.4034137931034483,1.4560927661934457,1.4542408,1.5254725747796927,1.4136603773584904,1.3433294778826514
2010-04-07 11:00:00,1.5211999999999999,1.3001810700768266,1.3575119,1.2035728115222444,1.3983333333333334,1.391261933007292
2010-04-07 12:00:00,1.5271636363636363,1.3008414282475034,1.2608249,1.356005740660509,1.4986538461538463,1.3858635232050545
2010-04-07 13:00:00,1.6148,1.5246969676934266,1.2445419,1.147469800328826,2.3697777777777778,1.3619787199141062
2010-04-07 14:00:00,2.0127333333333333,1.2540097530203687,1.3061103,1.2406448762093436,0.4915333333333333,1.2494922767908974
2010-04-07 15:00:00,0.6387666666666667,1.2205493260343645,1.1246302,0.9649248515337455,0.9730000000000001,1.010918984601165
2010-04-07 16:00:00,0.4307666666666667,1.5069956810548844,1.3462039,0.475071368715935,2.05264406779661,1.0426019013758094
2010-04-07 17:00:00,0.3765,1.192033033371124,1.1438283,1.2426020667675564,0.8503000000000001,1.0077821258703326
2010-04-07 18:00:00,0.43633333333333335,1.0195531388370822,1.1543214,0.8628081033550643,1.0204363636363636,0.9330403000065862
2010-04-07 19:00:00,0.7996,1.4212783411786756,1.4926392,1.1757377719052293,1.7298461538461538,1.2692557234624493
2010-04-07 20:00:00,2.175111111111111,1.750241776124562,1.998644,1.7466535407460464,2.0330943396226417,1.6989047363137335
2010-04-07 21:00:00,1.6384912280701756,2.023495370327233,1.9798546,2.2971407869742357,2.5924827586206898,1.9845934894246322
2010-04-07 22:00:00,1.3279666666666665,1.3332713530164728,1.5822804,2.025534699145507,1.209859649122807,1.4052101593459096
2010-04-07 23:00:00,0.35996666666666666,0.7385712646956288,0.6773539,0.6146357160619793,0.4421333333333333,0.7485775988937406
2010-04-08 00:00:00,0.4013333333333334,0.5218669830475617,0.46410218,0.4425509224410574,0.368,0.4624116236308061
2010-04-08 01:00:00,0.9679666666666666,0.5232018133242563,0.5071609,0.3581132448993979,0.3743666666666667,0.48475653046522393
2010-04-08 02:00:00,0.4642413793103448,0.5189691397571647,0.5024042,0.3354729376176524,0.30866666666666664,0.4678284652461018
2010-04-08 03:00:00,0.34426666666666667,0.5592712799662819,0.52464473,0.35319412038221765,0.31529999999999997,0.48858613005153173
2010-04-08 04:00:00,0.30563333333333337,0.5217956551420535,0.5273288,0.37536519566178306,0.38,0.5943609178636559
2010-04-08 05:00:00,0.36313333333333336,0.6159141483816156,0.6261461,0.6378462161056901,0.956,0.9171348939387065
2010-04-08 06:00:00,0.6800333333333334,1.0110367420862514,0.9762408,0.778507163853993,0.7114999999999999,0.9343350657951645
2010-04-08 07:00:00,1.9363859649122805,1.6117865115611558,1.845078,1.660913498164959,1.8688474576271186,1.5601949025567508
2010-04-08 08:00:00,1.8477241379310343,1.5803301067579187,1.5369798,1.56295375656625,1.7394333333333334,1.541063489101969
2010-04-08 09:00:00,1.4497966101694915,1.470225516151,1.4596097,1.3715437938624575,1.4024745762711863,1.3738137795850167
2010-04-08 10:00:00,1.4527666666666665,1.3048012859505773,1.3516783,1.2384798845591072,1.4278333333333333,1.2826198780162472
2010-04-08 11:00:00,1.4484333333333332,1.2675691171337136,1.2729985,1.187430196818481,1.3922333333333334,1.2299838362936908
2010-04-08 12:00:00,1.5466101694915255,1.264648113365376,1.2471727,1.1127680790079035,1.4118,1.2318672217985356
2010-04-08 13:00:00,1.5657,0.959986549381838,1.0906252,0.6063746115353366,1.3622333333333332,1.2792663851265482
2010-04-08 14:00:00,1.2318666666666667,0.7908551012230421,0.7951487,1.0921048695947655,1.1203,0.7057056768194044
2010-04-08 15:00:00,0.40376666666666666,0.8632086405689379,0.69396746,0.5045193450784061,0.3688,0.7349176368438294
2010-04-08 16:00:00,0.35683333333333334,0.8341912767518163,0.8119703,0.5511828069356755,0.41129824561403505,0.8343679827423576
2010-04-08 17:00:00,0.5580666666666667,0.6180984588065384,0.77054214,0.6241661071511275,0.3408333333333333,0.7251988020400306
2010-04-08 18:00:00,0.8494666666666667,0.9434691614010778,0.98068935,0.8495283762961074,0.6947,0.9326569360396324
2010-04-08 19:00:00,1.4901379310344827,1.5952324944014982,1.7560636,1.8957279224809658,1.823490909090909,1.4971074602087953
2010-04-08 20:00:00,2.296625,1.853246728409169,1.8051734,1.9292573347092214,2.3136956521739127,1.8717858623361099
2010-04-08 21:00:00,2.508542372881356,1.6693458401349226,1.7150828,1.3091030834016328,2.4881666666666664,2.031741283698893
2010-04-08 22:00:00,1.9635,1.2420883786539887,1.2067851,0.8822144010799386,1.6280444444444444,1.4716795566927634
2010-04-08 23:00:00,0.38908771929824565,0.867342898572067,0.8891789,0.45274362062358264,1.4149333333333334,1.0191488700601183
2010-04-09 00:00:00,0.3154333333333333,0.5984907788212781,0.64209455,0.43711135003277113,0.6838620689655173,0.5386058693977468
2010-04-09 01:00:00,0.3314666666666667,0.5478633589798076,0.61981386,0.545454918114459,0.29710000000000003,0.4316503589082208
2010-04-09 02:00:00,0.28536666666666666,0.5251632631098295,0.48354003,0.35671837451834154,0.3693666666666667,0.41572095847899737
2010-04-09 03:00:00,0.3654,0.5338471332536382,0.4658737,0.3431572642215295,0.35196666666666665,0.4351172036577774
2010-04-09 04:00:00,0.35596666666666665,0.5175263162445327,0.4994624,0.3655857586746034,0.2988,0.4987332099374041
2010-04-09 05:00:00,0.3725,0.4966259801660853,0.5046914,0.41405556426118306,0.29169999999999996,0.6325595116002074
2010-04-09 06:00:00,0.7728275862068965,0.8648407363571657,0.8556405,0.7320479173499785,1.0766,0.9387283932589192
2010-04-09 07:00:00,1.775622641509434,1.7241128523500333,1.7681779,1.6513646185587014,1.9040338983050846,1.5179583075118397
2010-04-09 08:00:00,1.905132075471698,1.4715134927703997,1.5515523,1.3128363503475864,1.7133333333333334,1.5444337668582844
2010-04-09 09:00:00,1.421191489361702,1.38192757256662,1.4189147,1.3151643759504985,1.9030333333333334,1.4671208204599946
2010-04-09 10:00:00,1.4441666666666668,1.352566054615624,1.3038262,1.4629902423353027,1.5308,1.248544156000902
2010-04-09 11:00:00,1.4466206896551723,1.3270088312254982,1.3044168,1.2124100220113654,1.4902333333333333,1.1773750763123925
2010-04-09 12:00:00,1.2059666666666666,1.2502074218580972,1.1848893,0.9933577143043926,1.6264074074074073,1.1102369466657822
2010-04-09 13:00:00,0.33653333333333335,0.9979443090472983,0.9253869,0.7763348915212527,0.4873,0.9038537898604457
2010-04-09 14:00:00,0.315,0.8510454681115934,0.9351719,0.5610481205933381,0.6075471698113208,0.7220526882083285
2010-04-09 15:00:00,0.3685818181818182,1.2001137891939802,1.096623,1.1104471326883918,1.527491525423729,0.9178607248221279
2010-04-09 16:00:00,1.3990666666666667,1.2874117863495933,1.2317498,0.8638568204068705,1.5783333333333334,1.1738042451099169
2010-04-09 17:00:00,1.2937666666666667,1.2429893358356683,1.3447129,0.7152473863217845,1.4948275862068967,1.0919956383881708
2010-04-09 18:00:00,0.42966101694915254,1.10475520128967,1.1126354,0.9607373557754377,0.8460677966101695,0.9661848707663652
2010-04-09 19:00:00,0.5301333333333333,1.3478488275585725,1.4796141,1.3952276977807834,1.4053043478260872,1.3794108863117465
2010-04-09 20:00:00,0.4002,1.9623671539714709,1.9240819,1.4207851506760911,2.2630666666666666,1.854459289272266
2010-04-09 21:00:00,0.5481999999999999,1.7354185031969325,1.5627682,1.6541898487915514,1.5465333333333333,1.848431735599069
2010-04-09 22:00:00,1.1524745762711863,1.141395617679142,1.0538751,0.995551358620967,1.1645666666666665,1.240418029442366
2010-04-09 23:00:00,0.4424406779661017,0.7432496583436807,0.7061074,0.6890267368017371,0.4166666666666667,0.8722842340832279
2010-04-10 00:00:00,0.4239,0.48939180521793557,0.5566791,0.38100599976306104,0.7587666666666667,0.6348973838265817
2010-04-10 01:00:00,0.3226333333333333,0.5688265340088305,0.5816009,0.199752353982529,0.5699666666666666,0.5843225543932458
2010-04-10 02:00:00,0.33673333333333333,0.48994516004274663,0.6015239,0.2989658674377269,0.3001333333333333,0.5148799492681608
2010-04-10 03:00:00,0.29036666666666666,0.5023853080579951,0.5672998,0.22647891770660056,0.33786666666666665,0.5735796067473792
2010-04-10 04:00:00,0.3520333333333333,0.46385408789146004,0.5360074,0.2160444718375173,0.3004,0.6033374953022703
2010-04-10 05:00:00,0.8264333333333334,0.5911421838781568,0.5460862,0.3406934613441511,0.2859333333333333,0.7647436566908237
2010-04-10 06:00:00,0.782,0.8480264795188809,0.8730996,0.3869299794783855,0.5276491228070176,0.8253218768278621
2010-04-10 07:00:00,1.9609473684210526,1.8383577402605586,1.6522793,1.4400610834453762,2.344901960784314,1.489013791478574
2010-04-10 08:00:00,1.467627118644068,1.524715314907547,1.4218932,1.0021037876110483,1.7186153846153844,1.4653004911447614
2010-04-10 09:00:00,1.37664406779661,1.5481198389371718,1.4322128,1.5520727385756636,1.511890909090909,1.4330408407608328
2010-04-10 10:00:00,1.5510357142857143,1.44281891942278,1.2915757,1.2496738230806335,1.7052340425531916,1.4295996335224537
2010-04-10 11:00:00,0.5234666666666666,1.3005123832311016,1.2556137,0.9494601846930251,1.7501764705882352,1.3922595282219805
2010-04-10 12:00:00,0.5199,1.2856125924079902,1.1805711,1.4932180900285013,1.640409090909091,1.2939190964262437
2010-04-10 13:00:00,0.38399999999999995,1.169811440433265,1.2366644,1.4275769547512014,1.6217192982456141,1.1378035885065154
2010-04-10 14:00:00,0.2967666666666667,1.061116092950792,0.8838528,1.2815518131681447,1.561206896551724,1.16437833066261
2010-04-10 15:00:00,0.3648,1.181330431610056,0.9106252,1.2451241925384031,1.4822372881355932,1.1812427635600578
2010-04-10 16:00:00,0.4707857142857143,1.092086277639179,0.8987112,1.3262526137633919,1.5357931034482757,1.2468023734102756
2010-04-10 17:00:00,1.0831428571428572,1.1289884534827521,1.1461495,1.3234232772464278,1.5175666666666667,1.3160610844037428
2010-04-10 18:00:00,1.6491304347826088,1.1946223866015167,1.254185,1.3759556394070558,1.513457627118644,1.3261154164979567
2010-04-10 19:00:00,1.3529666666666667,1.1098889812748696,1.2560796,2.053565340529085,1.5149333333333332,1.3976981521634482
2010-04-10 20:00:00,0.7757000000000001,1.1462548303051936,1.2253104,1.1113138662081279,1.5903333333333334,1.4961553127622869
2010-04-10 21:00:00,0.3561333333333333,1.264682908070318,1.2128198,0.9938301963417645,1.1560666666666668,1.3584527767536532
2010-04-10 22:00:00,0.7550344827586207,0.9318813819219178,0.9299153,0.8201606602696117,0.44483333333333336,1.0925117611143276
2010-04-10 23:00:00,0.5782333333333334,0.9936576429917378,0.99116766,0.8979568490367644,0.5685666666666667,0.9850150656960356
2010-04-11 00:00:00,1.3165,0.5916835161903687,0.67411506,0.31826327308820423,0.5558666666666667,0.7589007905673912
2010-04-11 01:00:00,0.3274666666666667,0.6063900792453915,0.64911115,0.1374685654610731,0.3390666666666667,0.5957452686312694
2010-04-11 02:00:00,0.31936666666666663,0.5685526709846376,0.741056,0.15199310760060847,0.9610666666666667,0.7950084230195607
2010-04-11 03:00:00,0.3242333333333333,0.5627510162233017,0.5319539,0.5609870675718711,0.5775,0.8027543850795378
2010-04-11 04:00:00,0.2939666666666667,0.6646854857405302,0.5966807,0.3673264160768873,0.41233333333333333,0.6591495734553051
2010-04-11 05:00:00,0.37720000000000004,0.546256313360587,0.5119177,0.24854356522841492,0.2939333333333333,0.5953246293286452
2010-04-11 06:00:00,0.35350000000000004,0.6233264898191514,0.6650171,0.356719230687329,0.30756666666666665,0.6727519300509396
2010-04-11 07:00:00,0.36621052631578943,1.0975779637932706,1.0931396,0.634580657670658,0.5575,1.0321590190404386
2010-04-11 08:00:00,0.6519999999999999,1.0184653368520542,1.0818335,0.6996711944271168,0.5521694915254238,1.0209917954445584
2010-04-11 09:00:00,2.0326,1.3081980359933676,1.2981331,1.4129789363620047,1.3287,1.260732163366867
2010-04-11 10:00:00,1.1592666666666667,1.5145866085475577,1.3649341,1.946225878644717,1.6264666666666665,1.5190978815208096
2010-04-11 11:00:00,1.2629152542372881,1.3925695235971747,1.3264669,2.1720816548276414,1.0288333333333335,1.3885980423248663
2010-04-11 12:00:00,1.588140350877193,1.4315121482918114,1.4823194,1.964510292563145,1.9903859649122806,1.431962262492324
2010-04-11 13:00:00,1.5185333333333333,1.3762603843873749,1.3703111,1.2345755268286471,1.5180689655172415,1.299977986911073
2010-04-11 14:00:00,0.37255172413793103,1.3393910101216675,1.4111636,1.3373993033176326,1.4949333333333332,1.3139906568327375
2010-04-11 15:00:00,0.3291,1.6080674241600976,1.384168,1.423180620489108,2.304705882352941,1.4707941394511832
2010-04-11 16:00:00,0.5385084745762712,1.3351129699528965,1.2329289,1.2251791362875004,1.9713749999999999,1.4643526206346125
2010-04-11 17:00:00,0.42546666666666666,1.6001351057811077,1.468721,1.1146819836452173,2.1100000000000003,1.4928914329723393
2010-04-11 18:00:00,0.71255,1.3955171487067628,1.5516738,1.2730048886334036,1.660111111111111,1.301750681020866
2010-04-11 19:00:00,1.0537435897435896,1.517942896497134,1.4858574,1.1231834867780077,1.481086956521739,1.344251793336945
2010-04-11 20:00:00,1.5513939393939393,1.5907169363366709,1.7968934,1.3525494036094476,1.1565666666666667,1.5424508884908312
2010-04-11 21:00:00,1.693,1.5324266720809705,1.7813039,0.9469046577200269,0.42906666666666665,1.2136328018672904
2010-04-11 22:00:00,0.8607555555555556,1.2258963139633121,1.0793955,0.6401701831087077,0.5060666666666667,1.0594969181597818
2010-04-11 23:00:00,0.3440666666666667,1.0211144812812154,0.8333482,0.9376386750038538,0.5043666666666666,0.8929156798476365
2010-04-12 00:00:00,0.38966666666666666,0.5868113450183571,0.4726073,0.38976599806182977,0.36236666666666667,0.5823619454777818
2010-04-12 01:00:00,0.36163333333333336,0.45282945872546504,0.4967127,0.27393870731607584,0.28886666666666666,0.5370136166030012
2010-04-12 02:00:00,0.35344827586206895,0.5103663197097,0.61011195,0.24706657004750232,0.4473333333333333,0.6269791671579208
2010-04-12 03:00:00,0.7748,0.6304713392896941,0.5869965,0.44729149887911557,0.812677966101695,0.7052103957277244
2010-04-12 04:00:00,0.38636666666666664,0.5430645223114156,0.59388334,0.3789651451968832,0.3,0.6182740550332115
2010-04-12 05:00:00,0.3044,0.5335487443421532,0.59422964,0.46401999725972565,0.30660000000000004,0.6453357385049489
2010-04-12 06:00:00,0.8105666666666667,0.7089839359632408,0.8542952,0.6861771414503608,0.3575333333333333,0.6171686897976163
2010-04-12 07:00:00,1.9969999999999999,1.3433299208188763,1.422165,2.0450961503951874,0.8573999999999999,1.1468980039019225
2010-04-12 08:00:00,1.448456140350877,1.1827905379366188,1.2137192,1.2206713050518663,0.4175333333333333,0.9435316811427781
2010-04-12 09:00:00,1.4050666666666667,1.1474462196050572,1.2427783,1.2111848105749976,1.1086101694915254,1.1259409885225722
2010-04-12 10:00:00,1.4629,1.3119647385253697,1.1538252,1.116096244601986,0.9167096774193548,1.136563927325661
2010-04-12 11:00:00,1.385265306122449,1.30480074349287,1.2234696,0.9188052223516152,1.3233666666666666,1.2288993354145823
2010-04-12 12:00:00,1.522076923076923,1.2613504386985475,0.969118,0.5746213166924925,0.8510000000000001,1.1284323684137396
2010-04-12 13:00:00,1.4684333333333333,1.064409000765378,1.0280055,0.8790511493173168,0.34883333333333333,1.033405919405541
2010-04-12 14:00:00,1.3401333333333334,1.1160521138399788,0.99397,1.0085830225202994,0.2845714285714286,0.9229242753014998
2010-04-12 15:00:00,0.33140000000000003,1.0439413583718313,0.8882934,1.0421810656980453,0.5190169491525424,1.113733357967858
2010-04-12 16:00:00,0.2936666666666667,1.0994726146907314,1.0265924,0.9898166459416543,0.5272542372881356,1.1300112258945352
2010-04-12 17:00:00,0.5500333333333334,1.2628196455042817,1.2966533,0.9124632286691192,0.44466666666666665,1.200225634762125
2010-04-12 18:00:00,0.7074237288135593,1.1578465907967403,1.0451868,0.8289833912713653,0.8684827586206897,1.1778068611298207
2010-04-12 19:00:00,1.3557192982456139,1.2677203019994598,1.085277,0.9843869872852132,0.576125,1.152481738815465
2010-04-12 20:00:00,2.2655000000000003,1.2980532156194287,1.3276304,1.0191485755845058,1.2091999999999998,1.3438687251218058
2010-04-12 21:00:00,1.3209824561403507,1.4418229645744447,1.3829676,0.6473961928502214,2.0313,1.4769223121358912
2010-04-12 22:00:00,0.6724,1.1431019247515473,0.9940259,0.5452595672757206,0.6023,0.9658326495633571
2010-04-12 23:00:00,0.3317,0.7762630553599937,0.64175475,0.3798367047078547,0.31366666666666665,0.7820877353361455
2010-04-13 00:00:00,0.9846440677966102,0.40697250417654196,0.51156557,0.4455421130232836,0.31523333333333337,0.518305313677875
2010-04-13 01:00:00,0.30716666666666664,0.4943322333405116,0.49412775,0.3902847013517725,0.39003333333333334,0.5322489815659861
2010-04-13 02:00:00,0.4012333333333334,0.5229222126851689,0.41109347,0.4017417982439939,0.3535333333333333,0.5708942267218805
2010-04-13 03:00:00,0.34886666666666666,0.4736405185250315,0.53995484,0.3877348195634974,0.29653333333333337,0.5689148319938547
2010-04-13 04:00:00,0.3176666666666667,0.43253559761406324,0.5066965,0.4267103899134276,0.32380000000000003,0.6003985708862498
2010-04-13 05:00:00,0.27880000000000005,0.5289797377074739,0.60378784,0.7524740018916827,0.9582666666666667,0.840884470568535
2010-04-13 06:00:00,0.8944210526315789,0.9994101320942321,0.7804905,0.478237944013875,0.49876666666666664,0.7196094291402346
2010-04-13 07:00:00,2.116,1.4595976673236106,1.3551536,1.1905749552276972,0.935,1.1752002369215147
2010-04-13 08:00:00,1.8964347826086958,1.3917618143639663,1.30971,1.1543750492002895,1.542235294117647,1.2034268433078812
2010-04-13 09:00:00,1.4886666666666666,1.4463993951083032,1.3759502,1.3050582355370426,1.8342,1.4074200258773082
2010-04-13 10:00:00,1.5381355932203389,1.4810638460175138,1.5143899,1.256314694192728,2.0290169491525423,1.4341198913694648
2010-04-13 11:00:00,1.6634509803921569,1.3159132153248378,1.3076172,1.3607334705733434,1.9221333333333335,1.3519892068408852
2010-04-13 12:00:00,1.422135593220339,1.301630864496694,1.1329204,1.4840959341867466,1.5308135593220338,1.2164006298311627
2010-04-13 13:00:00,1.5160357142857142,1.4071538379008148,1.3161837,1.579247112411979,1.5611186440677964,1.142647105978781
2010-04-13 14:00:00,0.8865999999999999,1.2134449537817067,1.1212142,1.2078804385684392,1.9942666666666666,1.2173336272723099
2010-04-13 15:00:00,0.4253666666666666,1.1252016799592894,1.1780137,0.9213604802964235,1.9803,1.278335271026851
2010-04-13 16:00:00,1.0045,0.9465458429177684,0.897188,0.9757385953712561,0.7770333333333334,0.9459497364133241
2010-04-13 17:00:00,0.9540333333333334,0.990045431042858,0.91044694,0.9530488836503962,0.7379666666666667,0.9076574094213163
2010-04-13 18:00:00,0.6030333333333334,0.7407338704252578,0.8844164,0.8135507367261063,0.7172999999999999,0.9074984536532418
2010-04-13 19:00:00,1.5709830508474576,1.031383430207384,1.0419108,0.7007799331658058,0.8582,0.9771908451161274
2010-04-13 20:00:00,1.3364666666666667,1.688149809883296,1.5974215,1.681304531479591,2.604139534883721,1.5542361273556438
2010-04-13 21:00:00,1.6567857142857143,1.626925752184321,1.4302027,2.232297510859567,2.2441176470588236,1.851737356840875
2010-04-13 22:00:00,0.6505964912280703,1.5191827078342826,1.2888637,1.3125661110846447,1.8924074074074073,1.5158757773551172
2010-04-13 23:00:00,0.34476666666666667,0.8208673557968548,0.7689202,0.8421827587088127,0.8292631578947368,0.8854569346943448
2010-04-14 00:00:00,0.3592666666666667,0.5394202239657886,0.48883152,0.35163851291089443,0.3444333333333333,0.451783500814234
2010-04-14 01:00:00,0.3298333333333333,0.617957568286,0.4793668,0.45320920247052554,0.36466666666666664,0.4310079834477203
2010-04-14 02:00:00,0.2924333333333333,0.5950485169548849,0.50870514,0.5167108059143719,0.9345333333333333,0.5540446846221505
2010-04-14 03:00:00,0.3695333333333333,0.5823018101845056,0.54067785,0.3390708833213174,0.47866666666666663,0.5723548492890885
2010-04-14 04:00:00,0.38656666666666667,0.6515950575674964,0.51687163,0.3353109380171657,0.3989333333333333,0.520915426961521
2010-04-14 05:00:00,1.0016666666666667,0.7011260450304885,0.61531854,0.5397612084318544,0.4297333333333333,0.7097572404232732
2010-04-14 06:00:00,0.6009454545454546,0.8961867838149925,0.86900723,0.7385284967360137,0.8216071428571429,0.8012028336513934
2010-04-14 07:00:00,2.4332363636363636,1.937342616433163,1.7410165,2.0183709736515616,2.360188679245283,1.3939133925667155
2010-04-14 08:00:00,1.4331333333333334,1.4247045002357839,1.6101853,1.3921250496401505,1.405457627118644,1.2908289837483369
2010-04-14 09:00:00,1.4665666666666666,1.393515631640382,1.4526777,1.1903948492300946,1.3653666666666666,1.3068674320363374
2010-04-14 10:00:00,1.5498666666666667,1.2370586820673675,1.2364635,1.3649969486344318,1.4034137931034483,1.226692245920586
2010-04-14 11:00:00,1.620186046511628,1.1405590186143915,1.1144212,1.3456782531839666,1.5211999999999999,1.3061973979907497
2010-04-14 12:00:00,0.40651724137931033,1.181507464791164,1.1501764,1.2479083014284245,1.5271636363636363,1.1928618174350007
2010-04-14 13:00:00,1.822177777777778,1.1786771042999866,1.0982233,0.8004573427194628,1.6148,1.2319553818954905
2010-04-14 14:00:00,1.8470666666666666,1.1713830054950611,0.9936304,1.2131525743566514,2.0127333333333333,1.0568379252109432
2010-04-14 15:00:00,1.4554137931034483,1.0266053218371305,0.94174856,1.1419383475803064,0.6387666666666667,0.9730965215979107
2010-04-14 16:00:00,0.40856666666666663,1.193549663295794,1.0236655,0.8147448276501414,0.4307666666666667,0.8874406395114584
2010-04-14 17:00:00,0.3639,0.7400692921731142,0.7044683,0.5136199222833877,0.3765,0.7291985482060961
2010-04-14 18:00:00,0.37646666666666667,0.9349092303436748,0.84664387,0.7580835887719072,0.43633333333333335,0.832264872630681
2010-04-14 19:00:00,1.0858620689655172,1.2055965530113635,1.3220145,1.6557371900822386,0.7996,1.0815965012055644
2010-04-14 20:00:00,2.2884814814814813,1.906781157106918,1.8622975,2.212861688809979,2.175111111111111,1.7124737488022506
2010-04-14 21:00:00,1.5223396226415093,1.9296226493029291,1.8914406,1.9442411793375838,1.6384912280701756,1.8233333213275729
2010-04-14 22:00:00,0.9043749999999999,1.1859691629139357,1.1137065,0.819392875275609,1.3279666666666665,1.20448591193911
2010-04-14 23:00:00,0.4111333333333333,0.8010337333732335,0.70088696,0.6128432899019411,0.35996666666666666,0.7828180668368228
2010-04-15 00:00:00,0.39459999999999995,0.5477120660344142,0.50423825,0.4429759751266019,0.4013333333333334,0.469375526307248
2010-04-15 01:00:00,0.3522,0.5382066105979806,0.4405561,0.3870789956466486,0.9679666666666666,0.6238852065239401
2010-04-15 02:00:00,0.8861000000000001,0.5711286024233839,0.5589209,0.6241448864678831,0.4642413793103448,0.5857586920441695
2010-04-15 03:00:00,0.4234666666666667,0.4876246483618248,0.5111785,0.344650551700978,0.34426666666666667,0.5028704823146235
2010-04-15 04:00:00,0.2987666666666667,0.4785150410624289,0.51002693,0.38915503140153385,0.30563333333333337,0.52264336252332
2010-04-15 05:00:00,0.3627333333333333,0.5013859475751716,0.4935306,0.48511038412547625,0.36313333333333336,0.7247063524172812
2010-04-15 06:00:00,0.9345862068965517,0.8143318866051164,0.798413,0.6986639564633655,0.6800333333333334,0.8098190328715258
2010-04-15 07:00:00,1.9865,1.806422780303144,1.8894503,1.7859343466969189,1.9363859649122805,1.526223577497607
2010-04-15 08:00:00,1.8451525423728814,1.5474497127254054,1.5344692,1.535100815593711,1.8477241379310343,1.4983157988930336
2010-04-15 09:00:00,1.3820333333333332,1.2714111593953135,1.3701278,1.1834295729741113,1.4497966101694915,1.3186916763010654
2010-04-15 10:00:00,1.378,1.253538612931244,1.2770579,1.3699030767326936,1.4527666666666665,1.286816912013213
2010-04-15 11:00:00,1.3643666666666665,1.1874981477462692,1.1688281,1.43890819996167,1.4484333333333332,1.2582621264827076
2010-04-15 12:00:00,1.5093999999999999,1.1870244310085012,1.0551391,1.2135638038365821,1.5466101694915255,1.240883948379952
2010-04-15 13:00:00,1.7104,1.0483678574492885,1.0758454,1.0672194459766067,1.5657,1.2567641513585155
2010-04-15 14:00:00,1.6693793103448276,1.0844573873478736,0.97844434,0.6468279954425159,1.2318666666666667,1.2195563838221872
2010-04-15 15:00:00,1.4267666666666665,0.7496776654202977,0.61064875,0.5284618225151634,0.40376666666666666,0.791589007551005
2010-04-15 16:00:00,1.2602413793103446,0.48749615161243454,0.58932656,0.45149394249531394,0.35683333333333334,0.6277128674032991
2010-04-15 17:00:00,0.9111,0.6690244021293975,0.65765125,0.574177640690997,0.5580666666666667,0.685648824537594
2010-04-15 18:00:00,1.1346333333333334,0.762416634412797,0.8515624,0.5868148519748762,0.8494666666666667,0.8668341798974841
2010-04-15 19:00:00,1.7434035087719297,1.6096024779709923,1.5724548,1.2789489944868846,1.4901379310344827,1.3142667115730855
2010-04-15 20:00:00,1.8887272727272726,2.1235470652612105,1.964974,2.089966618894673,2.296625,1.9090366140002912
2010-04-15 21:00:00,2.3620952380952382,1.8913187908540292,1.8283468,1.410437296086519,2.508542372881356,1.926625101882959
2010-04-15 22:00:00,2.246363636363636,1.2772591587480913,1.2608826,1.1192661906914643,1.9635,1.5706118964924949
2010-04-15 23:00:00,0.6762333333333334,0.8494396729005753,0.7915961,0.7284219702996082,0.38908771929824565,0.9033889273517992
2010-04-16 00:00:00,0.39333333333333337,0.57677794916224,0.48672983,0.26105252492148745,0.3154333333333333,0.421404140498459
2010-04-16 01:00:00,0.3726333333333333,0.600375901658004,0.5029763,0.5345844657192886,0.3314666666666667,0.47853949685180097
2010-04-16 02:00:00,0.39286666666666664,0.5755038981829356,0.5143961,0.4387987169220441,0.28536666666666666,0.4822176959332427
2010-04-16 03:00:00,0.4246666666666667,0.6683813560803972,0.5027015,0.3647910703331325,0.3654,0.5043234890835526
2010-04-16 04:00:00,0.3111666666666667,0.6347973510148446,0.4779877,0.4233804071622669,0.35596666666666665,0.5570163229297358
2010-04-16 05:00:00,0.3560666666666667,0.7155559762185105,0.5857533,0.42687115090463956,0.3725,0.6499220084869107
2010-04-16 06:00:00,1.2841,0.9100877950380916,0.8732917,0.8457592819159896,0.7728275862068965,0.8848928618280036
2010-04-16 07:00:00,1.567375,1.7247665760980508,1.648172,1.6515101822999592,1.775622641509434,1.5321104769065954
2010-04-16 08:00:00,1.8254,1.6072334062945968,1.5637722,1.4282056189609682,1.905132075471698,1.519520646350317
2010-04-16 09:00:00,1.7574222222222222,1.521662276991107,1.4480116,1.357412436654096,1.421191489361702,1.3673656607531235
2010-04-16 10:00:00,1.1840000000000002,1.1668544606372122,1.1360124,1.1661458935186595,1.4441666666666668,1.2790826051394895
2010-04-16 11:00:00,0.3980666666666667,1.039631028761696,1.0887395,1.0512614543269978,1.4466206896551723,1.2342057424847113
2010-04-16 12:00:00,2.0859666666666667,1.0814925343069235,1.0044525,1.0842667157859167,1.2059666666666666,1.1686704110499766
2010-04-16 13:00:00,1.4597666666666667,0.8044449316649938,0.7687431,0.716023514099911,0.33653333333333335,0.8117155306541655
2010-04-16 14:00:00,0.662595744680851,0.9329482642938263,0.84328717,1.1668674562482622,0.315,0.7631953344651629
2010-04-16 15:00:00,1.0736206896551723,0.717890653932119,0.7483005,0.7349903028752118,0.3685818181818182,0.7886668522961222
2010-04-16 16:00:00,1.5212142857142859,1.1966234501146014,1.0614705,0.7736540088876647,1.3990666666666667,1.0464871870780077
2010-04-16 17:00:00,1.4293,1.1876026813393215,1.091999,1.0735966366099896,1.2937666666666667,1.1263637352581035
2010-04-16 18:00:00,1.5834237288135593,0.8833177562438711,0.91260195,0.9208246885759687,0.42966101694915254,0.9071444028846093
2010-04-16 19:00:00,1.981107142857143,1.404003086919588,1.3334515,1.2907521387678087,0.5301333333333333,1.1042864206609446
2010-04-16 20:00:00,0.6919333333333333,1.688431972202953,1.6562709,1.794750622933492,0.4002,1.4021122707015015
2010-04-16 21:00:00,0.9129,1.4418175623897418,1.5179629,1.3175003655938846,0.5481999999999999,1.3384319120370094
2010-04-16 22:00:00,0.3702,1.295289991989633,1.0811595,1.0448883304944747,1.1524745762711863,1.3058190682798214
2010-04-16 23:00:00,0.5907,0.6860279242006823,0.6187722,0.377514411745287,0.4424406779661017,0.8173969287871192
2010-04-17 00:00:00,0.39136666666666664,0.5532527964386698,0.56850404,0.2639571473934288,0.4239,0.7264029071486804
2010-04-17 01:00:00,0.38830000000000003,0.4775275386436166,0.54091,0.1676430252262222,0.3226333333333333,0.7004054549047555
2010-04-17 02:00:00,0.8707666666666666,0.4916315888814152,0.5354153,0.2751968335655708,0.33673333333333333,0.6447300558283343
2010-04-17 03:00:00,0.5235254237288135,0.5078997547483275,0.5325184,0.3468652640597084,0.29036666666666666,0.6631017840833477
2010-04-17 04:00:00,0.3529666666666667,0.5242979995515216,0.5389389,0.4612847926720872,0.3520333333333333,0.6813154453415333
2010-04-17 05:00:00,0.30106666666666665,0.6586495825378847,0.53790313,0.47384487309599366,0.8264333333333334,0.8408122910100099
2010-04-17 06:00:00,0.6469666666666666,0.938472617359272,0.80330724,0.681448939739514,0.782,0.9189271222702826
2010-04-17 07:00:00,2.014448275862069,1.5571124205090519,1.6968662,1.5307221970352813,1.9609473684210526,1.6639373137713596
2010-04-17 08:00:00,1.5640363636363637,1.4275444423891412,1.5087138,1.7376936809314105,1.467627118644068,1.526377820183361
2010-04-17 09:00:00,1.576452830188679,1.4166287995613243,1.4220389,1.314634901735862,1.37664406779661,1.3487482752715267
2010-04-17 10:00:00,2.2906666666666666,1.315185128742451,1.3569597,1.293934729602318,1.5510357142857143,1.4235097212855932
2010-04-17 11:00:00,1.2060677966101696,1.1356162889103794,1.2579885,1.3542255565398644,0.5234666666666666,1.2181380582274801
2010-04-17 12:00:00,0.9131999999999999,1.1626367118328615,1.2624477,1.4933161155449848,0.5199,1.1189213759976073
2010-04-17 13:00:00,0.6005333333333333,0.9745904047935254,1.08769,0.5673614070834705,0.38399999999999995,0.9367549685416047
2010-04-17 14:00:00,1.3891851851851853,0.8693336886785908,0.94657594,0.6034070067426711,0.2967666666666667,0.8896326940928234
2010-04-17 15:00:00,1.6395000000000002,0.8543392153796606,0.9476564,0.933933859052366,0.3648,0.8928107330163783
2010-04-17 16:00:00,1.5345,1.0170401113148544,1.1546806,1.1965435581980686,0.4707857142857143,1.0876493721677973
2010-04-17 17:00:00,1.4321428571428572,1.155168142016409,1.254105,1.05114096854432,1.0831428571428572,1.2735029278056749
2010-04-17 18:00:00,1.4724,1.3875962885827926,1.366876,1.167395596222165,1.6491304347826088,1.3377741452153646
2010-04-17 19:00:00,0.7461333333333333,1.4299902477457516,1.4444132,1.3343361046454238,1.3529666666666667,1.378214680569628
2010-04-17 20:00:00,0.3707333333333333,1.3634827489744843,1.2415645,0.8139568496928264,0.7757000000000001,1.1985016426723916
2010-04-17 21:00:00,0.3261,1.0336356124640134,1.200223,1.6086889901570836,0.3561333333333333,1.1319441106868031
2010-04-17 22:00:00,0.38320000000000004,1.1806858887972467,1.1673477,1.844483329649143,0.7550344827586207,1.1550727247686248
2010-04-17 23:00:00,0.6707,0.8900616686360425,0.7006827,1.330514930226806,0.5782333333333334,0.9379078850864104
2010-04-18 00:00:00,0.6803333333333333,1.0333907061406733,0.58088034,0.37222875866467175,1.3165,0.8580944960888314
2010-04-18 01:00:00,0.3280333333333333,0.5904641838554238,0.6732322,0.36647076360484665,0.3274666666666667,0.627385939586976
2010-04-18 02:00:00,0.7702666666666667,0.4820014817509164,0.5828468,0.5372585967011498,0.31936666666666663,0.649778871268559
2010-04-18 03:00:00,0.8058,0.4487739456854186,0.5267742,0.5083141096701538,0.3242333333333333,0.5934342602473941
2010-04-18 04:00:00,0.36493333333333333,0.4799429909628905,0.49724993,0.5270799718669823,0.2939666666666667,0.5966264671332642
2010-04-18 05:00:00,0.4153333333333334,0.5802552037593867,0.5284153,0.47261132716392806,0.37720000000000004,0.7045159738547278
2010-04-18 06:00:00,0.31826666666666664,0.8751040136886908,0.6477659,0.5093696322246118,0.35350000000000004,0.7637403809199076
2010-04-18 07:00:00,0.5133666666666666,0.8999220875792611,0.88075465,0.8157697968037919,0.36621052631578943,1.0963217261795433
2010-04-18 08:00:00,0.4019333333333333,1.0596749461680648,1.0259956,1.287663636763806,0.6519999999999999,1.1199889234236344
2010-04-18 09:00:00,0.40873333333333334,1.5166535781696273,1.4636714,1.6087635202896289,2.0326,1.5354012810891604
2010-04-18 10:00:00,1.4427826086956521,1.435471102916975,1.3996593,1.6788991611881818,1.1592666666666667,1.4640535418828633
2010-04-18 11:00:00,1.8874237288135594,1.4052824121618293,1.222502,1.4453397716375038,1.2629152542372881,1.194735603651291
2010-04-18 12:00:00,1.7877391304347827,1.3870836927979837,1.2940792,1.3224127836239548,1.588140350877193,1.345381227787293
2010-04-18 13:00:00,1.485728813559322,1.3528504712336298,1.2718867,1.444530437597876,1.5185333333333333,1.1602608560955714
2010-04-18 14:00:00,1.4144666666666665,0.9808194096009869,1.0809666,1.295548729289342,0.37255172413793103,0.8369235216995642
2010-04-18 15:00:00,1.1272881355932205,0.9435164801273962,0.8953999,0.7041890780194049,0.3291,0.8798874860326364
2010-04-18 16:00:00,0.4060333333333333,1.0768079378145956,0.9864641,1.1268238013199143,0.5385084745762712,1.0668811592974388
2010-04-18 17:00:00,0.39476666666666665,1.2516619327455478,1.2733647,1.0813640878522532,0.42546666666666666,1.1597431718179694
2010-04-18 18:00:00,1.233220338983051,1.0670860213906743,1.0945727,1.186346610448671,0.71255,1.1602421917337664
2010-04-18 19:00:00,1.6654000000000002,1.1500062913383056,1.1369128,0.6186215079518689,1.0537435897435896,1.2202545750130285
2010-04-18 20:00:00,1.8225666666666667,1.4562393905754418,1.3506492,1.4829605343897292,1.5513939393939393,1.32096672489245
2010-04-18 21:00:00,2.1953,1.2887660443161102,1.3516728,0.9983028414650521,1.693,1.2263414669946675
2010-04-18 22:00:00,1.1287999999999998,1.0165824655343167,1.002029,1.0787857549384754,0.8607555555555556,1.1072069687100892
2010-04-18 23:00:00,0.5014,0.8581493148548387,0.6838713,0.7148756933458777,0.3440666666666667,0.8869319252555661
2010-04-19 00:00:00,0.3788,0.5665792560447025,0.5260452,0.7349638771573912,0.38966666666666666,0.6042752609546336
2010-04-19 01:00:00,0.36163333333333336,0.5430479558851734,0.5198001,0.4668347376845958,0.36163333333333336,0.46966936620117483
2010-04-19 02:00:00,0.44126666666666664,0.4457459682300341,0.4624973,0.38371200592897314,0.35344827586206895,0.4763184078077013
2010-04-19 03:00:00,0.3892,0.42811369022378765,0.494471,0.4077939388915257,0.7748,0.6325614409540795
2010-04-19 04:00:00,0.3544333333333333,0.530855637660027,0.5333955,0.37148208971925734,0.38636666666666664,0.5657739088684187
2010-04-19 05:00:00,0.31926666666666664,0.6149234393819626,0.59539276,0.5169188788628456,0.3044,0.619941109847785
2010-04-19 06:00:00,1.0650666666666666,0.7973891260776576,0.7377044,0.7498200423383952,0.8105666666666667,0.7143866738784082
2010-04-19 07:00:00,0.5800333333333333,1.441974163482034,1.4856403,1.3675781595501615,1.9969999999999999,1.2167871122865275
2010-04-19 08:00:00,0.3746333333333334,1.2956852711551579,1.275807,1.3949059857901218,1.448456140350877,1.087394827483563
2010-04-19 09:00:00,1.0735999999999999,1.2470230210042876,1.2808844,1.4433720440146667,1.4050666666666667,1.248473655018682
2010-04-19 10:00:00,1.9002916666666667,1.1769805822113435,1.1362089,1.282200160515925,1.4629,1.1136193495937572
2010-04-19 11:00:00,1.7815862068965518,1.1698415710006722,1.0765452,1.1056819977810812,1.385265306122449,1.0871326745211993
2010-04-19 12:00:00,1.6346415094339621,1.0612213836461457,1.0881876,0.8461162946944831,1.522076923076923,1.0550068840134883
2010-04-19 13:00:00,1.5056271186440677,0.9060043678143014,0.8619163,0.8269956547679161,1.4684333333333333,0.9939361602526204
2010-04-19 14:00:00,1.4145333333333334,0.7146956414704768,0.66148376,0.4303590445316626,1.3401333333333334,0.7980455173052399
2010-04-19 15:00:00,1.430206896551724,0.5885280160272834,0.5341834,0.31036615491138353,0.33140000000000003,0.6254769101102078
2010-04-19 16:00:00,1.440842105263158,0.6442621295548893,0.5888461,0.3269660837110312,0.2936666666666667,0.5881238841704989
2010-04-19 17:00:00,1.6274857142857144,0.7674953108413963,0.6303045,0.47821754526253757,0.5500333333333334,0.6881587417923141
2010-04-19 18:00:00,1.9538,0.8830132659943548,0.82811683,0.793250372735458,0.7074237288135593,0.9098561783536916
2010-04-19 19:00:00,1.8500425531914892,1.1643330981400237,1.1846049,1.4963749578465038,1.3557192982456139,1.1006163948230703
2010-04-19 20:00:00,1.3258695652173913,1.511198683913248,1.4685903,1.5039869089902878,2.2655000000000003,1.4637820095684062
2010-04-19 21:00:00,1.28816,1.61952233775523,1.7033275,1.81343361218813,1.3209824561403507,1.4760499967494816
2010-04-19 22:00:00,0.6129333333333332,0.9321918096705042,0.95673525,1.050203369463946,0.6724,0.9387001717592701
2010-04-19 23:00:00,0.3441666666666666,0.6191920173381654,0.6347291,0.37533504547670116,0.3317,0.6564578056254615
2010-04-20 00:00:00,1.0682666666666667,0.5653591833282886,0.5242048,0.4341626634243473,0.9846440677966102,0.6620857329925601
2010-04-20 01:00:00,0.3926315789473684,0.5012849132213915,0.5093843,0.33774279272882246,0.30716666666666664,0.4732213500722656
2010-04-20 02:00:00,0.4137,0.586189632078103,0.5423551,0.3922702233977988,0.4012333333333334,0.4828397921750718
2010-04-20 03:00:00,0.35103333333333336,0.6434319627586342,0.48073193,0.5197802654501034,0.34886666666666666,0.5610300724347909
2010-04-20 04:00:00,0.3545,0.5188833819045638,0.53813976,0.4213678017805169,0.3176666666666667,0.5383786616465731
2010-04-20 05:00:00,0.3012666666666667,0.516996319583318,0.53340673,0.49654771005957954,0.27880000000000005,0.6364876417942817
2010-04-20 06:00:00,0.44443333333333335,0.8234273476346852,0.8250415,0.7077835224086815,0.8944210526315789,0.7955442219277121
2010-04-20 07:00:00,1.6594545454545453,1.991253409393878,1.7685269,2.107763574334893,2.116,1.3676337789472082
2010-04-20 08:00:00,1.4556,1.4574594679871529,1.5087752,1.608839311475299,1.8964347826086958,1.4054120647494805
2010-04-20 09:00:00,1.8679655172413794,1.3806352861998983,1.3853323,1.0819700055898664,1.4886666666666666,1.377348799394498
2010-04-20 10:00:00,1.72544,1.3422907198121568,1.2858615,1.273835518102449,1.5381355932203389,1.305514798027281
2010-04-20 11:00:00,1.5693793103448277,1.3414164013087373,1.3153249,1.4806941952571349,1.6634509803921569,1.2669011348461425
2010-04-20 12:00:00,1.5499310344827586,1.2622198534682405,1.1676236,1.20832857331159,1.422135593220339,1.1861042696096151
2010-04-20 13:00:00,1.6598666666666666,1.1473665147336078,1.0411725,1.2149592228795643,1.5160357142857142,1.1673415906046083
2010-04-20 14:00:00,1.4659655172413792,0.9899612388997138,0.9946425,0.9332776274221947,0.8865999999999999,0.9967595583689406
2010-04-20 15:00:00,1.430793103448276,0.9166192223591669,0.7730662,0.7308026706274044,0.4253666666666666,0.7806289540098112
2010-04-20 16:00:00,1.5280333333333334,0.7652217391185968,0.74161124,0.904583244173403,1.0045,0.6299934897010264
2010-04-20 17:00:00,1.5517627118644068,0.8264886901292319,0.9163135,1.5111864504967865,0.9540333333333334,0.697097037371424
2010-04-20 18:00:00,1.2556333333333332,0.8683364328561674,0.8496105,0.5952465561689694,0.6030333333333334,0.8370886389996492
2010-04-20 19:00:00,1.023591836734694,1.3581918707037637,1.3294512,1.4529356539569696,1.5709830508474576,1.2216690868786333
2010-04-20 20:00:00,2.06508,1.6301455508240221,1.7087915,1.9820620722158826,1.3364666666666667,1.6423026125537086
2010-04-20 21:00:00,2.1549473684210527,1.3698918984905668,1.5031624,1.0595918466542014,1.6567857142857143,1.5397410626228187
2010-04-20 22:00:00,1.3057543859649123,0.9468412213801364,0.93439525,0.6832037183847215,0.6505964912280703,1.0717257082226004
2010-04-20 23:00:00,0.4561333333333334,0.6823693221926491,0.63205105,0.19790856031393833,0.34476666666666667,0.6770494003718548
2010-04-21 00:00:00,0.9508333333333333,0.5691644325975916,0.5646753,0.5187395848085845,0.3592666666666667,0.507281730691493
2010-04-21 01:00:00,0.700551724137931,0.4751154291316807,0.5209791,0.46880285023152324,0.3298333333333333,0.45498922392774555
2010-04-21 02:00:00,0.3236140350877193,0.4531462673097609,0.45745805,0.38033495981715804,0.2924333333333333,0.5431181353583128
2010-04-21 03:00:00,0.31770000000000004,0.44855728252728144,0.47283894,0.4453416682472491,0.3695333333333333,0.5472615318281545
2010-04-21 04:00:00,0.41733333333333333,0.558544586219183,0.5560697,0.4898177762067316,0.38656666666666667,0.604641799432576
2010-04-21 05:00:00,0.4200666666666667,0.5736169764666306,0.61366254,0.7669129339819487,1.0016666666666667,0.7395834831795894
2010-04-21 06:00:00,0.47276666666666667,0.925070046824258,0.8798443,0.8366492299132815,0.6009454545454546,0.8070376151821084
2010-04-21 07:00:00,1.1233333333333335,1.949161587694463,1.9682797,1.914205360725577,2.4332363636363636,1.6930066551213017
2010-04-21 08:00:00,1.4863728813559323,1.2562218139602683,1.3458742,1.5406719125255781,1.4331333333333334,1.3223828067716197
2010-04-21 09:00:00,1.2514333333333334,1.0811072012814167,1.1785362,1.2237774609409353,1.4665666666666666,1.2021671670644682
2010-04-21 10:00:00,1.7597857142857143,0.9803564362118256,1.0087609,1.285072392724419,1.5498666666666667,1.1589018358198322
2010-04-21 11:00:00,1.6869824561403508,0.8899649134475776,0.9426964,0.9749293236903561,1.620186046511628,1.2131059779773712
2010-04-21 12:00:00,1.4616333333333331,0.8982389377783888,0.87977195,1.0436466945691978,0.40651724137931033,0.9322917188205813
2010-04-21 13:00:00,1.4333448275862068,1.068861276925315,0.8810508,0.9809445969468255,1.822177777777778,1.0376068857481369
2010-04-21 14:00:00,1.5014137931034481,1.2460450194382948,1.0139542,0.4284957626957866,1.8470666666666666,1.1557210931763626
2010-04-21 15:00:00,0.9395,0.9367908027195432,0.76811284,-0.007867483716463619,1.4554137931034483,0.8226605654437089
2010-04-21 16:00:00,0.4578333333333333,0.6924457388831737,0.68555313,0.6271344976870201,0.40856666666666663,0.7159914230005178
2010-04-21 17:00:00,1.254103448275862,0.6928338694551526,0.6360171,0.5154044305897811,0.3639,0.6872589304386667
2010-04-21 18:00:00,1.2800350877192983,0.7113622746975925,0.68686914,0.6831985380710996,0.37646666666666667,0.6942328354861327
2010-04-21 19:00:00,0.5687796610169491,1.1139809807145789,1.125319,1.7562865064032982,1.0858620689655172,1.1053890866969374
2010-04-21 20:00:00,1.2490999999999999,1.7980146582692853,1.7793264,1.5498802467696855,2.2884814814814813,1.6657936081386184
2010-04-21 21:00:00,1.6814666666666667,1.387571010781723,1.5917037,2.141016214672663,1.5223396226415093,1.4934716179132848
2010-04-21 22:00:00,1.5153333333333334,1.087957307546768,1.0104908,1.0415354783956572,0.9043749999999999,1.0501900214127557
2010-04-21 23:00:00,1.7973103448275862,0.7462041937532123,0.6376894,0.8035311801523093,0.4111333333333333,0.69956978347031
2010-04-22 00:00:00,0.6506000000000001,0.5690492087889051,0.4804291,0.6544807760884439,0.39459999999999995,0.522768184280054
2010-04-22 01:00:00,0.36979999999999996,0.5053960570076207,0.50160843,0.47060577142071114,0.3522,0.5548644576081874
2010-04-22 02:00:00,0.4421,0.515440498553268,0.4977086,0.482901014408595,0.8861000000000001,0.5949506956786912
2010-04-22 03:00:00,0.41696666666666665,0.6000819637204509,0.5299834,0.5828011545648799,0.4234666666666667,0.5819756919225136
2010-04-22 04:00:00,0.9284333333333333,0.5457971677623125,0.50532955,0.5961235105009799,0.2987666666666667,0.5388184372377371
2010-04-22 05:00:00,0.4116666666666667,0.5918282360078724,0.5315662,0.6849708020467966,0.3627333333333333,0.6565256091686389
2010-04-22 06:00:00,0.3484,0.8539122052174085,0.8736455,0.883469933477893,0.9345862068965517,0.8611258283025708
2010-04-22 07:00:00,0.4264912280701754,1.7189215204405042,1.8434677,1.769775919016033,1.9865,1.5866991780119126
2010-04-22 08:00:00,0.8830666666666667,1.4179099613197321,1.4107817,1.4812722768967364,1.8451525423728814,1.469527708946385
2010-04-22 09:00:00,1.7017627118644068,1.2349415239341865,1.3007375,1.227705083099459,1.3820333333333332,1.2689117735225999
2010-04-22 10:00:00,1.8761379310344828,1.0762641548619336,1.153606,1.2967837732705765,1.378,1.2022425554014835
2010-04-22 11:00:00,2.027076923076923,0.9547076037331437,1.083877,1.306057120824363,1.3643666666666665,1.196748100566015
2010-04-22 12:00:00,1.6900000000000002,0.9817443698719545,1.0028403,1.1339911809367778,1.5093999999999999,1.0710513871618648
2010-04-22 13:00:00,1.57668,0.9122940097262072,0.88843155,0.7997565264056181,1.7104,1.2848563420112273
2010-04-22 14:00:00,1.4522545454545455,0.9712013738778146,0.9356827,0.751658928673276,1.6693793103448276,1.2176410388837522
2010-04-22 15:00:00,1.4151333333333334,0.8346642648825876,0.83951145,0.5408661948200748,1.4267666666666665,0.9709375812615699
2010-04-22 16:00:00,1.444551724137931,0.7232276638979517,0.7410665,0.581852242940593,1.2602413793103446,0.8153663993768422
2010-04-22 17:00:00,1.0311071428571428,0.8111556142915284,0.7144014,0.8988130051953312,0.9111,0.6743474422037461
2010-04-22 18:00:00,0.48183050847457626,0.8735150133034264,0.83300114,1.114737194240653,1.1346333333333334,0.8089285888603475
2010-04-22 19:00:00,0.49141379310344824,1.1120160194368902,1.1915706,1.0157777677106137,1.7434035087719297,1.0748933131999254
2010-04-22 20:00:00,0.8746333333333334,1.4836552126812534,1.6378946,1.7265395088717361,1.8887272727272726,1.6128843460030708
2010-04-22 21:00:00,1.4799,1.5899239853516953,1.5712732,1.35605489622012,2.3620952380952382,1.6742283871518402
2010-04-22 22:00:00,0.3690333333333333,1.3134578829219534,1.378116,1.2324658427846507,2.246363636363636,1.4368191573955116
2010-04-22 23:00:00,0.41846666666666665,0.8247854516700762,0.8424287,0.5765251042505222,0.6762333333333334,0.7118319093517589
2010-04-23 00:00:00,0.3996,0.6423026807070822,0.58109355,0.3177456088963242,0.39333333333333337,0.32527457083001
2010-04-23 01:00:00,0.3092333333333333,0.5691438299033631,0.47724473,0.47875322685177923,0.3726333333333333,0.3175760492710782
2010-04-23 02:00:00,0.3478,0.5569579431707973,0.51983315,0.5647040868549327,0.39286666666666664,0.4133016003519967
2010-04-23 03:00:00,0.3451666666666667,0.5476055448102005,0.47094426,0.48565656928284573,0.4246666666666667,0.42058025571317603
2010-04-23 04:00:00,0.369,0.48733610101635966,0.5227737,0.5165421730334969,0.3111666666666667,0.43113755859225633
2010-04-23 05:00:00,0.35025,0.5136456672591908,0.5098424,0.5255215842159705,0.3560666666666667,0.5693556001077802
2010-04-23 06:00:00,1.3516271186440678,0.932720085767157,0.839339,0.874235397745251,1.2841,0.889512066815554
2010-04-23 07:00:00,0.8757333333333333,1.418865075619841,1.747276,1.7363122662774106,1.567375,1.4296421206163097
2010-04-23 08:00:00,1.5632,1.3460953543015437,1.4390844,1.155308115530969,1.8254,1.4531990154925887
2010-04-23 09:00:00,1.4953103448275862,1.2603738701370126,1.3671436,1.2901049807613245,1.7574222222222222,1.2884899736788138
2010-04-23 10:00:00,1.5241785714285714,1.254795734416449,1.265738,1.378795820435852,1.1840000000000002,1.1482390163410305
2010-04-23 11:00:00,1.4243050847457628,1.1112452430668218,1.1215513,1.1469836571559844,0.3980666666666667,0.9190732678272799
2010-04-23 12:00:00,1.4431666666666667,1.386544638223293,1.1464247,1.664586549463105,2.0859666666666667,0.9682111315395245
2010-04-23 13:00:00,1.4491186440677968,1.02324901581692,0.92115015,1.01379881900252,1.4597666666666667,1.07005210861268
2010-04-23 14:00:00,1.4779622641509433,0.9308203709091245,0.7535842,0.5372697683624887,0.662595744680851,0.8643351681843343
2010-04-23 15:00:00,0.6672592592592593,0.8637158695135467,0.85688937,0.7408436606664388,1.0736206896551723,0.8975703998890258
2010-04-23 16:00:00,0.4193,1.1625999798739266,0.95818615,1.0767258875475347,1.5212142857142859,1.0838022855102178
2010-04-23 17:00:00,0.4064333333333333,1.230846900738358,1.1463399,0.9757271515489745,1.4293,1.0408878412458968
2010-04-23 18:00:00,0.3511666666666667,1.0057680239421911,0.95034844,0.36153384017174894,1.5834237288135593,0.9794594341295673
2010-04-23 19:00:00,0.8211034482758621,1.224954246446925,1.2716877,0.7982586794818967,1.981107142857143,1.2231545934120334
2010-04-23 20:00:00,0.6341,1.2403056402580923,1.0986042,1.2366824667776986,0.6919333333333333,1.0727279807948777
2010-04-23 21:00:00,0.4007457627118644,1.1530318564098487,1.194922,0.9041793217982046,0.9129,1.0350069614405233
2010-04-23 22:00:00,0.36393333333333333,0.7469073086292233,0.8473056,0.677109865675196,0.3702,0.9959919323110273
2010-04-23 23:00:00,0.3407796610169492,0.6936038887984525,0.545511,0.35176546664764263,0.5907,0.7332532137044199
2010-04-24 00:00:00,0.3025333333333334,0.5271401210061155,0.50946,0.35170562570599695,0.39136666666666664,0.5478524563553234
2010-04-24 01:00:00,0.39263333333333333,0.6447424671932233,0.5461234,0.42708083549470566,0.38830000000000003,0.5814926814297917
2010-04-24 02:00:00,0.4345666666666667,0.5829112226033752,0.49810332,0.2691018135686982,0.8707666666666666,0.7428094688516926
2010-04-24 03:00:00,0.37710000000000005,0.5862685917504192,0.52595276,0.26650493017627774,0.5235254237288135,0.6802919414312436
2010-04-24 04:00:00,0.3519,0.6145925660912543,0.5951672,0.4556482868120515,0.3529666666666667,0.6425935300503167
2010-04-24 05:00:00,1.0910333333333333,0.4871109255224775,0.5670852,0.4421912376858004,0.30106666666666665,0.7115482057906238
2010-04-24 06:00:00,0.3794666666666667,1.019661777588331,0.8803051,0.8215993885139414,0.6469666666666666,0.9372114454712452
2010-04-24 07:00:00,0.37750877192982457,1.6563539009376365,1.6511426,1.323607548171377,2.014448275862069,1.567539997976841
2010-04-24 08:00:00,0.34476666666666667,1.4016341559148433,1.3511949,1.2289285392066376,1.5640363636363637,1.452380436724331
2010-04-24 09:00:00,0.35433333333333333,1.2314534224953455,1.2177184,1.305948590235329,1.576452830188679,1.3960223603310193
2010-04-24 10:00:00,0.3441,1.4987804322025007,1.5283351,1.889815535872422,2.2906666666666666,1.4267619274533399
2010-04-24 11:00:00,0.34335593220338984,1.1143156281320827,1.1667404,1.297006315699114,1.2060677966101696,0.9984722293262158
2010-04-24 12:00:00,0.4624,1.1631925859532668,1.1088206,1.5181195108402012,0.9131999999999999,1.0575105919869632
2010-04-24 13:00:00,0.5907586206896552,0.9232491666395061,0.98924136,1.2628918029094625,0.6005333333333333,0.9087682984597116
2010-04-24 14:00:00,0.5429999999999999,1.0035416538943727,1.0947106,1.196107020852204,1.3891851851851853,0.987537103241408
2010-04-24 15:00:00,1.2421333333333335,1.0908905268634739,1.0962261,1.0081060688824492,1.6395000000000002,1.1091289551897348
2010-04-24 16:00:00,0.60708,1.0861504650732008,1.2396916,0.9653043959715569,1.5345,1.1969987865376464
2010-04-24 17:00:00,0.76712,1.1680402823634726,1.0903989,1.0794146286325048,1.4321428571428572,1.2228473373529112
2010-04-24 18:00:00,2.265542857142857,1.1463703403957013,1.1830003,1.178546953023588,1.4724,1.3568940393189657
2010-04-24 19:00:00,1.914780487804878,1.3010861737022146,1.419034,1.5481590356003099,0.7461333333333333,1.2961627050496627
2010-04-24 20:00:00,1.749,0.7981251046795143,1.2295585,1.2837936959197158,0.3707333333333333,0.9170730073138925
2010-04-24 21:00:00,2.354695652173913,0.690543891369189,1.1469483,1.5153595654503613,0.3261,0.9167167835026726
2010-04-24 22:00:00,2.7603999999999997,0.6806352053477844,1.1987268,1.5342603697523853,0.38320000000000004,0.9614155462340483
2010-04-24 23:00:00,1.6676296296296296,0.9650049658558305,0.74187064,1.3537530064026264,0.6707,0.9690331799485455
2010-04-25 00:00:00,1.59632,0.6019644724085377,0.54301894,0.4072679036159824,0.6803333333333333,0.8217478838828786
2010-04-25 01:00:00,2.6176800000000005,0.6162984388625511,0.6058717,0.31804719002053516,0.3280333333333333,0.6477287508330292
2010-04-25 02:00:00,1.7063555555555556,0.5861827787170895,0.6287716,0.39887957626588577,0.7702666666666667,0.7851352383701014
2010-04-25 03:00:00,1.6196170212765957,0.5775198907111558,0.49198854,0.4069365526087567,0.8058,0.7922934219255201
2010-04-25 04:00:00,1.837551724137931,0.6038768882006724,0.5717278,0.3557991034794977,0.36493333333333333,0.6653512409314415
2010-04-25 05:00:00,1.7689152542372881,0.5766238682027882,0.54829496,0.45197172543888975,0.4153333333333334,0.6813601392418678
2010-04-25 06:00:00,0.398271186440678,0.6507619530916198,0.688403,0.6310079778235782,0.31826666666666664,0.7667169394473731
2010-04-25 07:00:00,0.41663333333333336,0.9216989331925858,0.92075306,0.7286274782766226,0.5133666666666666,1.0039549361505253
2010-04-25 08:00:00,0.42106666666666664,0.8249501578951824,0.99131143,0.8937144549743203,0.4019333333333333,0.9893563098862153
2010-04-25 09:00:00,0.42003333333333337,1.3523702124313528,1.3826526,1.5060200870516738,0.40873333333333334,1.223797600088759
2010-04-25 10:00:00,1.9056666666666666,1.3883373085563295,1.3220862,1.353964653194081,1.4427826086956521,1.4067611623343044
2010-04-25 11:00:00,1.6035185185185186,1.3715128211619023,1.4017575,1.7967671722532836,1.8874237288135594,1.3695838756552874
2010-04-25 12:00:00,1.9839666666666667,1.3509673097827835,1.2856839,1.5757873299483633,1.7877391304347827,1.4839531420994296
2010-04-25 13:00:00,1.9141333333333332,1.2730072482733876,1.356171,1.4708894763492701,1.485728813559322,1.2551786027240803
2010-04-25 14:00:00,0.7066,1.0753328527895183,1.1465969,1.0572328526551578,1.4144666666666665,1.119304101566123
2010-04-25 15:00:00,0.4285333333333333,1.0087805879518703,1.0463506,1.2024780187769355,1.1272881355932205,1.1005263508146312
2010-04-25 16:00:00,0.44393333333333335,0.8659516314529765,0.94389176,1.255184335682972,0.4060333333333333,0.975944139078898
2010-04-25 17:00:00,0.3283,0.9264721005698163,1.1213933,1.368148272442149,0.39476666666666665,0.9336084172618601
2010-04-25 18:00:00,0.3827666666666667,1.2511891536712816,1.2860612,1.007296932310266,1.233220338983051,1.2259667829028318
2010-04-25 19:00:00,0.3925714285714286,1.2346371701605579,1.4047738,0.738293189021267,1.6654000000000002,1.4114566108720294
2010-04-25 20:00:00,0.36833333333333335,1.2791574651024207,1.4509289,1.0716585893843869,1.8225666666666667,1.3498428344135402
2010-04-25 21:00:00,0.36783333333333335,1.7246502511000046,1.7419658,1.619898497944899,2.1953,1.4822808374973595
2010-04-25 22:00:00,0.9214333333333333,1.0324590971235623,1.146257,1.0166885810249506,1.1287999999999998,1.1249398456295905
2010-04-25 23:00:00,0.39616666666666667,0.9128507713806533,0.8222371,0.6294013104215956,0.5014,0.8762422181655634
2010-04-26 00:00:00,0.37157142857142855,0.587390050852676,0.46798068,0.5289148397632266,0.3788,0.47158235005132976
2010-04-26 01:00:00,0.3576,0.4393111720065796,0.44031566,0.36416025220398607,0.36163333333333336,0.4138542641735432
2010-04-26 02:00:00,0.3525,0.5914267103296426,0.5162981,0.5296663099703744,0.44126666666666664,0.5401804889027084
2010-04-26 03:00:00,0.36146666666666666,0.5089884650856721,0.49463576,0.4587371594411225,0.3892,0.6167807142357492
2010-04-26 04:00:00,0.3989333333333333,0.48820375728285453,0.5087788,0.40598873294278837,0.3544333333333333,0.5745072574961909
2010-04-26 05:00:00,0.3567,0.5478037646880303,0.53742945,0.3521492583319429,0.31926666666666664,0.6033737708368633
2010-04-26 06:00:00,0.3332758620689655,0.9601362154862128,0.8223635,0.7567833827233866,1.0650666666666666,0.8469820616851395
2010-04-26 07:00:00,0.35833333333333334,1.445567973961551,1.3183632,1.7357428903396959,0.5800333333333333,1.095191806829191
2010-04-26 08:00:00,1.1722333333333335,1.2691856695756258,1.2828473,1.2652162620234866,0.3746333333333334,0.9386650415799394
2010-04-26 09:00:00,0.5755666666666667,1.2863209850095678,1.2532371,1.3376517296146946,1.0735999999999999,1.0654219385631738
2010-04-26 10:00:00,0.399,1.3801195200103193,1.4564627,1.4818240820009945,1.9002916666666667,1.4270798339031632
2010-04-26 11:00:00,0.5157666666666667,1.4405677506630428,1.2886965,1.4437358360260113,1.7815862068965518,1.4250053754862497
2010-04-26 12:00:00,0.41466666666666663,1.2509868759169673,1.182517,1.299828976049259,1.6346415094339621,1.3243958971285346
2010-04-26 13:00:00,0.4985090909090909,1.1252640222747679,1.0235158,1.4127287921073073,1.5056271186440677,1.1962485949533674
2010-04-26 14:00:00,0.4247666666666667,1.1726537574147453,1.031428,1.2969428507251946,1.4145333333333334,1.1743045560059526
2010-04-26 15:00:00,1.3664313725490196,0.9881923533628902,0.84471595,0.8065912922672029,1.430206896551724,1.0091129332435302
2010-04-26 16:00:00,0.9776,0.8906382523406493,0.79077077,0.7982848590082166,1.440842105263158,0.8901999059743503
2010-04-26 17:00:00,0.376,0.9512717403977987,0.9587948,0.26180492157190083,1.6274857142857144,0.9874887692390963
2010-04-26 18:00:00,0.48513333333333336,1.0092613405774358,0.8424469,0.5158716179806089,1.9538,1.1533550120923775
2010-04-26 19:00:00,1.4728474576271187,1.1875368626161849,1.1944463,0.8856042747181183,1.8500425531914892,1.2381558306953786
2010-04-26 20:00:00,1.4387017543859648,1.4246154934873727,1.1127061,1.0121624227003536,1.3258695652173913,1.3264964272249673
2010-04-26 21:00:00,1.405448275862069,1.1761715823624233,1.0890344,1.159312313255703,1.28816,1.2133202351253605
2010-04-26 22:00:00,2.1546896551724135,0.8774732704893125,0.9198745,0.26501229061612763,0.6129333333333332,0.862546363305672
2010-04-26 23:00:00,0.8843,0.5258217932110615,0.62972337,0.10776069676151045,0.3441666666666666,0.646100728871375
2010-04-27 00:00:00,0.9056666666666667,0.5276131142638414,0.50729305,0.39623738533487185,1.0682666666666667,0.6855329565373971
2010-04-27 01:00:00,0.8449333333333333,0.6033371690629341,0.5004827,0.4429001443817393,0.3926315789473684,0.4894441329199861
2010-04-27 02:00:00,0.8372666666666666,0.5599292835659919,0.52258575,0.4204975236438432,0.4137,0.5474167523007798
2010-04-27 03:00:00,0.7849333333333333,0.5600847074651024,0.5243831,0.3566239064071566,0.35103333333333336,0.5441482598156496
2010-04-27 04:00:00,0.8844333333333334,0.6037973871570235,0.555859,0.4632705660356108,0.3545,0.5540069349531328
2010-04-27 05:00:00,0.8394999999999999,0.5951956333562504,0.5532212,0.6158841800964608,0.3012666666666667,0.5750177699525743
2010-04-27 06:00:00,0.8296666666666667,0.9481639469029859,0.9623881,0.8724759304094749,0.44443333333333335,0.7814486804148948
2010-04-27 07:00:00,0.8049999999999999,1.6276035672695417,1.5218539,1.5412831543258407,1.6594545454545453,1.195883421073602
2010-04-27 08:00:00,2.1433846153846154,1.5342817505343376,1.6074849,1.8117197510662755,1.4556,1.169500476780447
2010-04-27 09:00:00,1.4472857142857143,1.3768808097627772,1.2441694,1.5530166321096222,1.8679655172413794,1.2272371515806824
2010-04-27 10:00:00,1.4717288135593218,1.2730546557933262,1.216158,1.4771089807571087,1.72544,1.348707732957481
2010-04-27 11:00:00,1.4381355932203388,1.260997338827281,1.2514129,1.2674592261876716,1.5693793103448277,1.3367823435024504
2010-04-27 12:00:00,1.4875357142857142,1.1328550338649976,1.0558658,1.3523700107452177,1.5499310344827586,1.2362610837220578
2010-04-27 13:00:00,1.0180333333333333,1.1340945191976564,0.96000886,0.916418140319669,1.6598666666666666,1.2050293365078657
2010-04-27 14:00:00,0.5066,1.0816035300881572,0.94216645,0.8670161050194246,1.4659655172413792,1.0568176376827063
2010-04-27 15:00:00,0.4452333333333333,1.0128544327488427,0.93361676,0.8777877689232989,1.430793103448276,0.987628033574306
2010-04-27 16:00:00,0.43160000000000004,1.0384780884523743,0.88721836,0.9051159754120595,1.5280333333333334,1.0434387007376527
2010-04-27 17:00:00,0.33816666666666667,0.9554030480388566,0.87634164,0.8794882858372419,1.5517627118644068,1.1071264198239723
2010-04-27 18:00:00,0.41353333333333336,1.0458055922845735,0.99214256,0.5876758882997413,1.2556333333333332,1.1508152786774846
2010-04-27 19:00:00,0.3387,1.2976900468722954,1.3369129,1.0595641474684228,1.023591836734694,1.2398978799078766
2010-04-27 20:00:00,0.4153,1.8460480461766633,1.6469876,1.5567758379247683,2.06508,1.3989891313772027
2010-04-27 21:00:00,0.3497,1.7782871776772016,1.6632546,1.4592361355301335,2.1549473684210527,1.5777675027977411
2010-04-27 22:00:00,0.4431333333333333,1.1841583924314256,1.190929,1.6935163405270974,1.3057543859649123,1.0170805314687088
2010-04-27 23:00:00,1.1423508771929825,0.629703616036741,0.62281024,0.36948678058349915,0.4561333333333334,0.7090677771000164
2010-04-28 00:00:00,0.41583333333333333,0.5779771717198027,0.50465417,0.43040925288604437,0.9508333333333333,0.6193322469287489
2010-04-28 01:00:00,0.3376666666666666,0.5440227680763166,0.50429654,0.26143871891121084,0.700551724137931,0.5135789010668612
2010-04-28 02:00:00,0.351,0.5395474730777047,0.54796684,0.41352991787267546,0.3236140350877193,0.38864490084483305
2010-04-28 03:00:00,0.32276666666666665,0.46001248114185445,0.5108836,0.4037704980021324,0.31770000000000004,0.4205771388289732
2010-04-28 04:00:00,0.4040666666666667,0.5446774137249287,0.49208382,0.4846569975247502,0.41733333333333333,0.5390977489655319
2010-04-28 05:00:00,0.3438,0.6326443361740872,0.5832785,0.5761435060246063,0.4200666666666667,0.6775569251910447
2010-04-28 06:00:00,0.3529333333333333,0.709287684469249,0.7572434,0.4734067100457994,0.47276666666666667,0.6757075513216347
2010-04-28 07:00:00,0.36983333333333335,1.4659389867407462,1.4636496,1.5819291379871732,1.1233333333333335,1.2096546747092973
2010-04-28 08:00:00,0.381,1.4254451738777103,1.5347854,1.5472434246660307,1.4863728813559323,1.1767931475114537
2010-04-28 09:00:00,0.7454333333333333,1.3521809157170563,1.481708,1.7899320526002072,1.2514333333333334,1.2359644441685906
2010-04-28 10:00:00,1.4031578947368422,1.286452858676351,1.2572588,1.4664793193309815,1.7597857142857143,1.3691295783272874
2010-04-28 11:00:00,0.9773793103448276,1.3251536678573779,1.2644542,1.432086667572876,1.6869824561403508,1.3237018951541715
2010-04-28 12:00:00,0.43593220338983046,1.0428648261731563,1.1091998,1.184312271468336,1.4616333333333331,1.0919022848869964
2010-04-28 13:00:00,0.3248666666666667,1.0259322298002354,1.0583122,1.3410605760955825,1.4333448275862068,1.2334447038833238
2010-04-28 14:00:00,0.3882333333333333,0.9800431036680941,0.95614266,1.1308687786225007,1.5014137931034481,1.2285686639234568
2010-04-28 15:00:00,0.3867333333333333,1.1159491900546838,0.9621542,0.8050892597844612,0.9395,1.0694983796633937
2010-04-28 16:00:00,0.4086666666666667,0.8265541244012015,0.7481354,0.5290299828029565,0.4578333333333333,0.7934618129369546
2010-04-28 17:00:00,0.37943333333333334,0.996232347647881,0.9767191,1.0439983401071278,1.254103448275862,0.9680891000420582
2010-04-28 18:00:00,0.43687719298245614,1.1195191264587756,1.0857215,0.8924117912869446,1.2800350877192983,1.020254500925776
2010-04-28 19:00:00,1.3055087719298246,1.1139125296964179,1.150844,0.9460709379682838,0.5687796610169491,1.0034843926107324
2010-04-28 20:00:00,1.8017692307692306,1.4935397075588401,1.5519906,1.913310550042921,1.2490999999999999,1.4280459709897841
2010-04-28 21:00:00,1.0706,1.3663923965592455,1.4121498,1.6899175980541337,1.6814666666666667,1.4926874597436337
2010-04-28 22:00:00,0.3947,1.301628248886515,1.2617397,0.692008570526051,1.5153333333333334,1.236536784208024
2010-04-28 23:00:00,0.4299322033898305,0.9808830164711766,0.8043736,-0.1633711510260858,1.7973103448275862,1.0238217485134857
2010-04-29 00:00:00,1.3857551020408163,0.5923447499103319,0.6318446,0.6385939657949286,0.6506000000000001,0.7013430330353307
2010-04-29 01:00:00,0.7933666666666668,0.5701780636100978,0.5770091,0.7514054207392196,0.36979999999999996,0.5229473371024256
2010-04-29 02:00:00,0.7035666666666667,0.5317225051476975,0.54272807,0.5900195470039886,0.4421,0.5278183044287162
2010-04-29 03:00:00,0.7016333333333333,0.5274726612412832,0.5213935,0.42050690702952287,0.41696666666666665,0.4722013762705356
2010-04-29 04:00:00,0.7249333333333333,0.5497476423003609,0.51359254,0.4524263133077132,0.9284333333333333,0.6003076993569237
2010-04-29 05:00:00,0.571,0.5733665098014569,0.59327215,0.6241727936472912,0.4116666666666667,0.5772185691902945
2010-04-29 06:00:00,0.7003571428571428,0.8293666918720145,0.7746336,0.49655625125557834,0.3484,0.6534016897831265
2010-04-29 07:00:00,1.4103571428571429,1.3570602464287689,1.381417,1.2984727714889748,0.4264912280701754,1.0053603914594489
2010-04-29 08:00:00,1.5057500000000001,1.354024892605611,1.4360417,1.4657802024509903,0.8830666666666667,1.1202693200066778
2010-04-29 09:00:00,1.8020344827586208,1.4124942543937866,1.3896315,1.5607461032336567,1.7017627118644068,1.2857084131382261
2010-04-29 10:00:00,1.2387586206896553,1.4700025875530633,1.404259,1.813694779476835,1.8761379310344828,1.421553967582462
2010-04-29 11:00:00,0.35363333333333336,1.45061074374295,1.471299,1.7498603027700865,2.027076923076923,1.4977509180149777
2010-04-29 12:00:00,0.3387,1.2263370447478927,1.0561597,1.4161734807184394,1.6900000000000002,1.3150290942041551
2010-04-29 13:00:00,0.3834,1.241002611694844,1.0932443,1.2940346974915826,1.57668,1.2916736010845624
2010-04-29 14:00:00,0.41854237288135593,1.107677708368377,1.1171136,1.330380262810055,1.4522545454545455,1.1893131747175107
2010-04-29 15:00:00,0.3749333333333333,0.9251501442150629,0.9844033,1.1188719857126759,1.4151333333333334,1.076205274058223
2010-04-29 16:00:00,0.3500666666666667,0.9200135310729981,0.94195735,1.0960806290906904,1.444551724137931,1.017227722654083
2010-04-29 17:00:00,0.5626,1.0336231229522588,0.98936296,0.5679097143774652,1.0311071428571428,0.9827763327468638
2010-04-29 18:00:00,0.8042666666666667,0.8543457320103102,0.9148954,0.48866088311738887,0.48183050847457626,0.9031456206256268
2010-04-29 19:00:00,1.2416896551724137,1.2370765047916752,1.3106066,0.7625149824881938,0.49141379310344824,0.93801514559583
2010-04-29 20:00:00,0.37853333333333333,1.4261085477558704,1.5312833,1.255778693550813,0.8746333333333334,1.222977846146346
2010-04-29 21:00:00,0.34723333333333334,1.5712890239560173,1.698251,1.7736997482651318,1.4799,1.552604934726281
2010-04-29 22:00:00,0.3579,1.2619297599172554,1.3279232,1.5100861408249946,0.3690333333333333,1.2267349481159604
2010-04-29 23:00:00,0.4215666666666667,0.8932969616308494,0.8355939,1.089883424626923,0.41846666666666665,0.9660421101957897
2010-04-30 00:00:00,0.4155666666666667,0.6318356320117523,0.52736455,0.6116011478769547,0.3996,0.6233935344571364
2010-04-30 01:00:00,0.34750000000000003,0.5031354071009729,0.5380473,0.6345903327413267,0.3092333333333333,0.5602104986233808
2010-04-30 02:00:00,0.36446666666666666,0.4613139209919263,0.50229514,0.4732491772465237,0.3478,0.5151799136242075
2010-04-30 03:00:00,0.35,0.49100983041735724,0.4847434,0.4827154736810789,0.3451666666666667,0.5327904954977342
2010-04-30 04:00:00,0.9902105263157894,0.6223897377326728,0.53969383,0.5609562890561158,0.369,0.6604680109330687
2010-04-30 05:00:00,0.5292666666666667,0.5600515783380626,0.5022417,0.42043693029018825,0.35025,0.6247540224547152
2010-04-30 06:00:00,0.3448333333333334,1.0270082533724014,0.9148667,0.9013948161695214,1.3516271186440678,0.9236978156188052
2010-04-30 07:00:00,0.33043333333333336,1.3664383665486568,1.2147143,1.2245547670189976,0.8757333333333333,1.0113311520863268
2010-04-30 08:00:00,0.3597,1.3750235833099986,1.3758855,1.1559097848047428,1.5632,1.214211688567383
2010-04-30 09:00:00,0.9356140350877192,1.3278785474461015,1.2515137,1.338593813106875,1.4953103448275862,1.3079712186528303
2010-04-30 10:00:00,1.2111578947368422,1.2236289559170022,1.1650125,1.3206623337063612,1.5241785714285714,1.274232889310198
2010-04-30 11:00:00,0.6157666666666667,1.0840287082833397,1.1179324,1.2121410207898602,1.4243050847457628,1.1426256515387365
2010-04-30 12:00:00,1.75332,1.0044679150673306,1.0238057,0.9579917264828934,1.4431666666666667,1.300177496441092
2010-04-30 13:00:00,0.8785818181818182,0.9497329870342339,0.97630304,0.9669088204533084,1.4491186440677968,1.1830485872790315
2010-04-30 14:00:00,0.8892857142857143,0.8154991864928001,0.7708422,0.2727707875720037,1.4779622641509433,1.0481726778558484
2010-04-30 15:00:00,0.57188,1.0451876298304237,0.85078835,0.5100282705306669,0.6672592592592593,0.9227919353998486
2010-04-30 16:00:00,0.9906,1.0863621764567262,1.0397146,1.1767930412255518,0.4193,0.8915747340425805
2010-04-30 17:00:00,2.3614615384615387,1.104444865607578,1.1094359,0.9776757816014876,0.4064333333333333,0.8779634737107493
2010-04-30 18:00:00,0.6512592592592592,1.1397337775915823,1.1828579,0.7254474465434634,0.3511666666666667,0.8641610575863305
2010-04-30 19:00:00,0.3636333333333333,1.36555981252873,1.3032537,0.952683416427163,0.8211034482758621,1.0045939383921252
2010-04-30 20:00:00,0.3505333333333333,1.1512899139071524,1.258308,1.285320116575256,0.6341,0.9625480957066097
2010-04-30 21:00:00,0.35133333333333333,1.1563523278677688,1.385064,1.3101535244979723,0.4007457627118644,1.0986444142212959
2010-04-30 22:00:00,0.38571428571428573,0.8251138098442872,1.0420191,0.9862363338659772,0.36393333333333333,0.8486564017285838
2010-04-30 23:00:00,0.3841,0.888758076153629,0.87045854,1.0408279494736332,0.3407796610169492,0.8978997825258994
2010-05-01 00:00:00,0.34959999999999997,0.46356781013722204,0.5078749,0.35191992416309503,0.3025333333333334,0.6283829412077802
2010-05-01 01:00:00,0.3898947368421053,0.528995442461662,0.5392598,0.26797519263764724,0.39263333333333333,0.6285993102122157
2010-05-01 02:00:00,0.7753,0.5742904768529753,0.5696741,0.4365265678595318,0.4345666666666667,0.7293773282452778
2010-05-01 03:00:00,0.3889333333333333,0.5459417746174251,0.5678716,0.31133923617848014,0.37710000000000005,0.6470313143605904
2010-05-01 04:00:00,0.35083333333333333,0.5159921167769035,0.54035455,0.4010969301010968,0.3519,0.6592696275996417
2010-05-01 05:00:00,0.3363,0.5891031436656496,0.5726713,0.5101573484836448,1.0910333333333333,0.7915121707129407
2010-05-01 06:00:00,0.3731666666666667,0.9282468404406807,0.81956017,0.5827216382491128,0.3794666666666667,0.8388730049482149
2010-05-01 07:00:00,0.41573333333333334,1.3002928345211788,1.2501723,1.1035539770026732,0.37750877192982457,0.9773154881200234
2010-05-01 08:00:00,0.31133333333333335,1.2634467636879083,1.2461332,0.9880450000730993,0.34476666666666667,1.0209906131588238
2010-05-01 09:00:00,0.3417,1.2957325036744103,1.2204701,1.2711032189972387,0.35433333333333333,1.092801581331451
2010-05-01 10:00:00,1.195728813559322,1.4253852010721713,1.2986388,1.5407093595911419,0.3441,1.2268019408461452
2010-05-01 11:00:00,2.042222222222222,1.0886274989499107,1.0480328,1.2091517557855351,0.34335593220338984,1.067180456689202
2010-05-01 12:00:00,0.9674999999999999,0.9696133120065292,0.94269764,1.137345883938714,0.4624,1.0821149500265577
2010-05-01 13:00:00,0.5086,1.0895610363486814,1.0815316,1.189414985206819,0.5907586206896552,1.065372029613136
2010-05-01 14:00:00,2.0198695652173915,1.2546145107978015,1.1504587,1.2085183925651064,0.5429999999999999,1.1839668124147382
2010-05-01 15:00:00,1.1692333333333333,1.2434256222233786,1.2875223,0.9350318626812469,1.2421333333333335,1.2398265588193063
2010-05-01 16:00:00,0.4612857142857143,1.1972606037941829,1.1686021,1.0941014680775614,0.60708,1.1364708973841895
2010-05-01 17:00:00,0.41509999999999997,1.1975471969088922,1.2225174,1.129252244751437,0.76712,1.0761674291241323
2010-05-01 18:00:00,0.3371,1.383493125694537,1.3979863,1.3936142820780564,2.265542857142857,1.1628536796633253
2010-05-01 19:00:00,0.5240333333333334,1.1736929396766707,1.4036763,1.7361404197377381,1.914780487804878,1.292498176596882
2010-05-01 20:00:00,0.8496206896551723,1.1810702535426498,1.340046,1.1892987142566809,1.749,1.2477886384110541
2010-05-01 21:00:00,0.7536666666666667,1.4616676457380258,1.2977338,1.6678045974975255,2.354695652173913,1.3295798836012074
2010-05-01 22:00:00,2.4450980392156865,1.3945285350611192,1.4270446,2.0400537708081945,2.7603999999999997,1.3400221710745215
2010-05-01 23:00:00,1.3806785714285714,1.0511666453624873,1.2514296,1.7440465349499212,1.6676296296296296,1.2810604161489338
2010-05-02 00:00:00,0.35856666666666664,0.9655083549657598,0.8065563,1.4001659192531448,1.59632,0.9021584907913935
2010-05-02 01:00:00,0.3565333333333333,1.1883189622002934,0.99787384,0.917638993913107,2.6176800000000005,1.0927991496459357
2010-05-02 02:00:00,0.3908333333333333,1.009210823960966,0.9692458,1.0877732972584717,1.7063555555555556,1.0148500859171978
2010-05-02 03:00:00,0.38360000000000005,0.9856070713515663,0.82821226,1.1160153707974358,1.6196170212765957,0.9657859729660705
2010-05-02 04:00:00,0.327859649122807,0.9426671325355975,0.75879973,0.5744445070097899,1.837551724137931,0.9136681089047715
2010-05-02 05:00:00,0.3622666666666667,1.0822522330219688,0.90022945,0.5916438139051722,1.7689152542372881,1.0162847953483085
2010-05-02 06:00:00,0.3500333333333333,0.715142662129637,0.9021968,1.1337198032287903,0.398271186440678,0.7130078939339453
2010-05-02 07:00:00,1.485896551724138,0.6985745258013438,0.9057948,0.9654525292121855,0.41663333333333336,0.6340722624543009
2010-05-02 08:00:00,1.5325423728813559,0.7081062428801371,0.7924878,1.2283537482673945,0.42106666666666664,0.7342813180207756
2010-05-02 09:00:00,1.6168275862068966,0.6960634708506482,0.8815252,0.7647091360453397,0.42003333333333337,0.7806670850841512
2010-05-02 10:00:00,0.8335333333333333,1.242184264456956,1.2770514,1.458068426187196,1.9056666666666666,1.2017728056315828
2010-05-02 11:00:00,1.5862807017543858,1.3594822340739878,1.66736,0.8156249476665172,1.6035185185185186,1.4201271326617526
2010-05-02 12:00:00,1.7417333333333331,1.5972362951184969,1.6398071,1.3735272833249192,1.9839666666666667,1.475884540614024
2010-05-02 13:00:00,2.1901818181818182,1.3395674495869219,1.2586179,1.7562082806534154,1.9141333333333332,1.4240530937299216
2010-05-02 14:00:00,1.8038775510204081,1.1833494225028462,1.1630306,1.5141971112561765,0.7066,1.0736736789963113
2010-05-02 15:00:00,2.1069795918367347,0.9775466464191611,0.9771673,0.9573159027289823,0.4285333333333333,0.8869263517826013
2010-05-02 16:00:00,1.7672758620689655,0.739862948995538,0.7936614,0.7967377224956904,0.44393333333333335,0.6821984808870056
2010-05-02 17:00:00,1.765017543859649,0.7202124382997721,0.93739426,1.1836195989785594,0.3283,0.7612561288587454
2010-05-02 18:00:00,1.7770344827586206,0.9313496306531038,1.1451641,1.8869619795149317,0.3827666666666667,1.0251538886712848
2010-05-02 19:00:00,1.50575,1.237407031933473,1.5812441,1.8150345553134242,0.3925714285714286,1.1396332648827956
2010-05-02 20:00:00,1.6217073170731706,1.4345489266399158,1.5512114,0.9865160541998962,0.36833333333333335,1.1795381496203776
2010-05-02 21:00:00,1.6946470588235294,1.6431744617362423,1.7044212,1.2006448084673018,0.36783333333333335,1.3672399293506197
2010-05-02 22:00:00,0.5131724137931034,1.1663729394616054,1.0875896,1.3359624821029648,0.9214333333333333,1.383818270586042
2010-05-02 23:00:00,0.3918666666666667,0.8240939531965945,0.6605635,0.9026980475108848,0.39616666666666667,1.0585658189029659
2010-05-03 00:00:00,0.37835087719298244,0.6582272807979248,0.6135436,0.8883084402519213,0.37157142857142855,0.7109028672641282
2010-05-03 01:00:00,0.3512758620689655,0.6096197526636614,0.5683701,0.9667217394862281,0.3576,0.8705029182603405
2010-05-03 02:00:00,0.3439,0.501589179951529,0.5394594,0.7614278385560055,0.3525,0.762473040474742
2010-05-03 03:00:00,0.3406333333333333,0.5229535144904901,0.52339715,0.7898007396479645,0.36146666666666666,0.7540192788153989
2010-05-03 04:00:00,1.0286785714285716,0.6119284972959654,0.47548684,0.737953265027956,0.3989333333333333,0.8202705673342484
2010-05-03 05:00:00,0.3263,0.6554118493167691,0.5714458,0.8971345479177798,0.3567,0.8778885047321927
2010-05-03 06:00:00,0.6845172413793104,0.7311474632689032,0.7175362,0.5729517276675602,0.3332758620689655,0.7552605866951252
2010-05-03 07:00:00,2.060964285714286,0.7712981550859332,0.8474043,0.4715708343174976,0.35833333333333334,0.7123894897124312
2010-05-03 08:00:00,1.3975555555555557,0.9553405160862521,0.91092986,0.4856229056434911,1.1722333333333335,0.8736926679990569
2010-05-03 09:00:00,1.3637333333333335,1.0039214838675858,1.0873096,0.637693082578338,0.5755666666666667,0.9104047494326638
2010-05-03 10:00:00,1.3711666666666666,1.4704069591271698,1.4160386,1.5898572834797635,0.399,1.1171370800388363
2010-05-03 11:00:00,1.3226333333333333,1.3369476796782709,1.308726,1.4452250845611214,0.5157666666666667,1.072912720999295
2010-05-03 12:00:00,0.9827666666666667,1.2719382071023728,1.1407232,1.2690333432406542,0.41466666666666663,1.0956600297912364
2010-05-03 13:00:00,0.37520000000000003,1.1725851077550034,1.1304435,0.9806279917469115,0.4985090909090909,1.0984979261834555
2010-05-03 14:00:00,0.34176666666666666,0.9696548076076512,0.89344215,0.6457435967012868,0.4247666666666667,0.873114734573061
2010-05-03 15:00:00,0.3117142857142857,1.2423113668625503,1.0415723,0.8199847982919235,1.3664313725490196,1.1263258912430756
2010-05-03 16:00:00,0.3529333333333333,1.1511643404451457,0.88424927,0.6895239855012507,0.9776,0.9976470653450156
2010-05-03 17:00:00,0.36813559322033895,1.1532056980808312,0.9950852,0.6506832271472061,0.376,0.9615670190114591
2010-05-03 18:00:00,0.5388999999999999,1.328718928629715,1.3258415,1.499028524094057,0.48513333333333336,1.0989976277298554
2010-05-03 19:00:00,2.0803859649122804,1.3635607693663732,1.4428716,0.8376098712552829,1.4728474576271187,1.2826264111502763
2010-05-03 20:00:00,2.256340425531915,1.2318947112151555,1.2458271,0.6504288259080625,1.4387017543859648,1.2662952452508622
2010-05-03 21:00:00,2.038,1.1690524118323675,1.1851807,0.48242148673728413,1.405448275862069,1.269418419486068
2010-05-03 22:00:00,1.2234583333333333,1.4230244132806604,1.1942337,0.8859597036885308,2.1546896551724135,1.4435889016555952
2010-05-03 23:00:00,0.36029999999999995,1.01619453802812,0.730255,1.0436676296525877,0.8843,1.04373168177953
2010-05-04 00:00:00,0.3779,0.7380863934324269,0.58386105,0.7566873889334224,0.9056666666666667,0.814078792307787
2010-05-04 01:00:00,0.33353333333333335,0.74304008011686,0.6123201,0.6292897284173566,0.8449333333333333,0.7979931267923723
2010-05-04 02:00:00,0.3046,0.6192527870021581,0.49852794,0.5142978127520518,0.8372666666666666,0.7190392207295789
2010-05-04 03:00:00,0.3792666666666667,0.6245773019659683,0.5139417,0.6467114659478521,0.7849333333333333,0.7091007276708247
2010-05-04 04:00:00,0.3393333333333333,0.6834897168266921,0.48217294,0.5274560433985018,0.8844333333333334,0.7691872832609206
2010-05-04 05:00:00,0.2929333333333333,0.657720317355275,0.545288,0.49333406007661096,0.8394999999999999,0.7959594614791455
2010-05-04 06:00:00,0.8967666666666666,0.8886680471498312,0.7211795,0.40259240276470587,0.8296666666666667,0.7007356000924279
2010-05-04 07:00:00,1.1859,1.1022635283875546,1.2348105,0.6453805474161974,0.8049999999999999,0.8788491102412694
2010-05-04 08:00:00,1.7623265306122449,1.5509652016028173,1.5574385,1.8551403723757414,2.1433846153846154,1.284216236689395
2010-05-04 09:00:00,1.915050847457627,1.4106763718360904,1.5014149,1.429676684170515,1.4472857142857143,1.1281786059624768
2010-05-04 10:00:00,1.6677777777777778,1.363540924157113,1.4407971,1.492935574324878,1.4717288135593218,1.1416074247404338
2010-05-04 11:00:00,1.4492542372881356,1.0514100641133155,1.1047482,1.327974506020867,1.4381355932203388,1.0771562796618628
2010-05-04 12:00:00,1.3913000000000002,1.0145730208516812,1.0226257,0.8235808807303773,1.4875357142857142,1.1075553198082846
2010-05-04 13:00:00,1.3236333333333334,1.0885638065944514,0.9925307,1.2234720301775177,1.0180333333333333,0.9985200548444635
2010-05-04 14:00:00,1.3724,0.9372427808772474,0.87087095,0.6561252597115432,0.5066,0.7406833027215629
2010-05-04 15:00:00,1.3889666666666665,0.9876369367596658,0.9732682,0.755339165505637,0.4452333333333333,0.7980913409247755
2010-05-04 16:00:00,0.7543333333333334,1.1118619931088596,0.8744611,0.9547505594444378,0.43160000000000004,0.8051015770267407
2010-05-04 17:00:00,0.5214,1.003316289879667,0.9718653,0.5377265912442564,0.33816666666666667,0.7498207635602632
2010-05-04 18:00:00,0.7041000000000001,0.8078876105192583,0.761466,0.6315861510179201,0.41353333333333336,0.7716187615026489
2010-05-04 19:00:00,1.2454285714285716,0.8553342928913775,1.0157273,0.9061966139032164,0.3387,0.8950265766973908
2010-05-04 20:00:00,1.934,1.2638943077395963,1.4156564,1.332239174806396,0.4153,1.108695402147573
2010-05-04 21:00:00,1.4108,1.2252605434658468,1.270756,1.121218425937361,0.3497,1.0912071901256613
2010-05-04 22:00:00,1.1497499999999998,1.0060235452911908,1.1806641,0.8338382672749646,0.4431333333333333,1.1051922145118496
2010-05-04 23:00:00,0.5607000000000001,0.7997191410293811,0.7425435,0.4697278995427998,1.1423508771929825,0.964122342047101
2010-05-05 00:00:00,0.36133333333333334,0.5882430456392,0.59350544,0.8290606778698242,0.41583333333333333,0.7169179581321234
2010-05-05 01:00:00,0.2986333333333333,0.4831086983399235,0.57348305,0.5677959974585991,0.3376666666666666,0.609533324592114
2010-05-05 02:00:00,0.3786333333333333,0.5075837805070933,0.5551627,0.501506707287155,0.351,0.5578773067092817
2010-05-05 03:00:00,0.8437666666666667,0.48202406040784423,0.56897765,0.5148491921351375,0.32276666666666665,0.5665994516507317
2010-05-05 04:00:00,0.5700000000000001,0.5600241195186166,0.5340875,0.6104256500863368,0.4040666666666667,0.6481303041977904
2010-05-05 05:00:00,0.2920333333333333,0.5352493484081183,0.5559731,0.605199957616628,0.3438,0.6502154230983219
2010-05-05 06:00:00,0.6113666666666667,0.7626909083122355,0.7235325,0.5804338766018384,0.3529333333333333,0.6893601338532627
2010-05-05 07:00:00,1.5222962962962963,0.7595703121225844,0.9437754,0.654707788568202,0.36983333333333335,0.7832907854246141
2010-05-05 08:00:00,1.1769545454545456,1.1625029815010857,1.0963748,1.4071316883725236,0.381,1.083533442110722
2010-05-05 09:00:00,1.902595744680851,1.0426146177691933,1.1299098,1.1561464139314108,0.7454333333333333,1.025140466755385
2010-05-05 10:00:00,1.6381818181818182,1.2214167967426492,1.2356993,1.036012440221291,1.4031578947368422,1.1961798122740532
2010-05-05 11:00:00,1.4933898305084745,1.261088865678665,1.2469875,1.1590993951348414,0.9773793103448276,1.150017350279083
2010-05-05 12:00:00,1.4798666666666667,1.2059219429855643,1.0749699,0.9780467014659728,0.43593220338983046,0.9580514917316508
2010-05-05 13:00:00,1.4481428571428572,0.9991692375754876,0.93612874,0.7522764386634844,0.3248666666666667,0.8237231810530582
2010-05-05 14:00:00,1.693142857142857,0.9182866372969138,0.8616802,0.6378316676356717,0.3882333333333333,0.7951399864479763
2010-05-05 15:00:00,1.8067777777777778,0.8492282919283489,0.74452883,0.5335545388663471,0.3867333333333333,0.7941068634790848
2010-05-05 16:00:00,0.4544666666666667,0.8400582255856365,0.58244395,0.3565237162300594,0.4086666666666667,0.7200261833843665
2010-05-05 17:00:00,0.5845333333333333,0.783362378860547,0.83637416,0.5792074434639949,0.37943333333333334,0.8127322701450511
2010-05-05 18:00:00,0.7685666666666666,0.8917109320903467,0.8553824,0.6090354252201222,0.43687719298245614,0.8815915102883798
2010-05-05 19:00:00,1.1766666666666665,1.0450175041571894,1.1124269,0.7572467608102635,1.3055087719298246,1.0593499561095978
2010-05-05 20:00:00,1.8165283018867924,1.2296945917599604,1.2069975,0.1949067214544704,1.8017692307692306,1.3078516626707795
2010-05-05 21:00:00,2.1595714285714283,1.1302819156312296,1.1781408,0.6575426287140798,1.0706,1.2268307440906305
2010-05-05 22:00:00,1.3390212765957445,1.0180936574072137,0.93617845,0.8697541591479923,0.3947,1.0370678499507175
2010-05-05 23:00:00,0.6451333333333333,0.9837026605793956,0.8535818,0.7878204699576121,0.4299322033898305,1.0347809412677365
2010-05-06 00:00:00,0.3465,0.7017196124365721,0.649015,0.21064727615955914,1.3857551020408163,0.8019527105850022
2010-05-06 01:00:00,0.39196610169491525,0.5239846910877897,0.52627975,0.20402201170820888,0.7933666666666668,0.6678588981161715
2010-05-06 02:00:00,0.3371,0.4856212174918356,0.5181948,0.5793514579991275,0.7035666666666667,0.6259916886402574
2010-05-06 03:00:00,0.6174999999999999,0.4575870843214186,0.5137787,0.37795622791802785,0.7016333333333333,0.6366308345069793
2010-05-06 04:00:00,0.7809,0.4623487405919879,0.5623763,0.41693933392814153,0.7249333333333333,0.7517052670831054
2010-05-06 05:00:00,0.3232666666666667,0.5012517637460939,0.5620394,0.4363720235412647,0.571,0.653495210075124
2010-05-06 06:00:00,0.5272,0.8736912711991317,0.7216939,0.4341952291567224,0.7003571428571428,0.6165176305565254
2010-05-06 07:00:00,1.2249333333333332,0.9642615534694435,1.1505718,0.6600379606727117,1.4103571428571429,0.8608336896381994
2010-05-06 08:00:00,1.6681333333333332,1.1562806059097759,1.2169237,1.0205899445034912,1.5057500000000001,1.1027991569697941
2010-05-06 09:00:00,1.3930666666666667,1.1789723563928047,1.172025,0.8579833981222595,1.8020344827586208,1.259633886645599
2010-05-06 10:00:00,1.3138965517241379,1.1339175262622228,1.0967913,1.0813234095440998,1.2387586206896553,1.2394564434023625
2010-05-06 11:00:00,1.404734693877551,1.108416052737402,1.0907426,1.094432384331265,0.35363333333333336,0.9621853728862817
2010-05-06 12:00:00,1.4989333333333335,0.8915050899127768,0.9826234,0.6627396789860283,0.3387,0.7899184678043258
2010-05-06 13:00:00,1.2481666666666666,0.9805772417691707,0.79414916,0.5416407318922816,0.3834,0.7261999581981021
2010-05-06 14:00:00,0.43545762711864405,1.043985031818938,0.79972845,0.5860994527487557,0.41854237288135593,0.7433014027072485
2010-05-06 15:00:00,0.5316,0.9151212590138975,0.7765455,0.5457723900780416,0.3749333333333333,0.7239178770220791
2010-05-06 16:00:00,0.3471666666666666,0.8553688393075014,0.84513116,0.6092942033798423,0.3500666666666667,0.7496229976951928
2010-05-06 17:00:00,0.45180000000000003,0.8055847629727438,0.81281817,0.7671188856443891,0.5626,0.77957171348265
2010-05-06 18:00:00,1.2337,0.8262395452047593,0.8251357,0.7658278101931668,0.8042666666666667,0.8254227445185783
2010-05-06 19:00:00,1.6891272727272728,1.0651003814117372,1.189544,0.8114494667358156,1.2416896551724137,1.0325755405712902
2010-05-06 20:00:00,1.4060666666666668,1.1137110537933155,1.1093622,0.7972779589940403,0.37853333333333333,0.9730936698353326
2010-05-06 21:00:00,0.9249333333333334,1.1898701767075388,1.2192881,0.830593366284162,0.34723333333333334,0.9373487704657684
2010-05-06 22:00:00,0.8786666666666666,0.7544709945003599,0.8070859,0.5300960303556248,0.3579,0.6565490148831372
2010-05-06 23:00:00,0.445,0.7222634709523941,0.73191625,0.6122581376023276,0.4215666666666667,0.7344095685445468
2010-05-07 00:00:00,0.3311,0.5868968873045093,0.5606471,0.656080726727013,0.4155666666666667,0.6123643767977115
2010-05-07 01:00:00,0.3270508474576271,0.5053260338525583,0.5169606,0.5172663584370599,0.34750000000000003,0.5114850188305078
2010-05-07 02:00:00,0.34290000000000004,0.5499642542418537,0.5783839,0.5513933146340813,0.36446666666666666,0.5984162949243341
2010-05-07 03:00:00,0.36046666666666666,0.5366898367561022,0.5679502,0.5429747517972368,0.35,0.6042510483898329
2010-05-07 04:00:00,1.0356,0.6156770714016431,0.5598952,1.05186569737791,0.9902105263157894,0.781111853658286
2010-05-07 05:00:00,0.36173333333333335,0.5291922701632885,0.5913617,0.6784073165189444,0.5292666666666667,0.6919820153787333
2010-05-07 06:00:00,1.0354285714285714,0.9846986547828029,0.7776215,0.7499002722741384,0.3448333333333334,0.7302183794014915
2010-05-07 07:00:00,1.5994871794871794,1.0105968045895868,1.1335467,0.7833145517910842,0.33043333333333336,0.7602518216693408
2010-05-07 08:00:00,1.7512777777777777,1.2789236687509606,1.2115967,1.097750542674611,0.3597,0.9155102888727886
2010-05-07 09:00:00,1.3402307692307693,1.2196636991660652,1.1208901,1.2957082931156338,0.9356140350877192,1.1162171801840697
2010-05-07 10:00:00,1.3217666666666665,1.198540018503556,1.2028143,1.1062455165773217,1.2111578947368422,1.1328758035873538
2010-05-07 11:00:00,1.3786333333333334,1.1054790081526218,1.0216705,0.9224824024980747,0.6157666666666667,0.8980163094747412
2010-05-07 12:00:00,1.5363636363636364,1.2558776223260317,1.0600042,0.8653761539148764,1.75332,0.9860508323471301
2010-05-07 13:00:00,0.5825283018867924,1.2004710014816868,1.0120054,0.7335560178197862,0.8785818181818182,0.8472725017993936
2010-05-07 14:00:00,0.643728813559322,1.202695040788859,0.96764433,1.135076707054403,0.8892857142857143,0.8952538759021711
2010-05-07 15:00:00,1.3448666666666669,0.938287777248143,0.8402551,0.7585962763205774,0.57188,0.6685959567787104
2010-05-07 16:00:00,0.9093666666666667,0.8948688135452187,0.79058194,0.6199268935763445,0.9906,0.7077442139484971
2010-05-07 17:00:00,0.36963333333333337,1.1331015499673978,0.940739,0.8123130693905402,2.3614615384615387,0.9545626648549628
2010-05-07 18:00:00,0.5626,0.9491425865575747,0.96502626,-0.12757334004540066,0.6512592592592592,0.8319640106275381
2010-05-07 19:00:00,1.2315,1.0032818269570851,1.0415089,0.8165450475930631,0.3636333333333333,0.8567916083147951
2010-05-07 20:00:00,2.1623636363636365,0.7980292700299505,0.878213,0.6480399655691866,0.3505333333333333,0.738993106540584
2010-05-07 21:00:00,2.206392857142857,0.7504690396799542,0.829254,0.7022294003125104,0.35133333333333333,0.735773236403056
2010-05-07 22:00:00,1.4369122807017543,0.7416518292915282,0.85373414,0.25956098730441934,0.38571428571428573,0.6820559146242543
2010-05-07 23:00:00,1.3100666666666667,0.7125513770638541,0.5631972,0.29059136487347637,0.3841,0.6579066131742319
2010-05-08 00:00:00,1.0309333333333333,0.6041493603056546,0.54266447,0.5101475056709912,0.34959999999999997,0.6645921690507085
2010-05-08 01:00:00,1.6515744680851063,0.5452828622583453,0.61204696,0.36390693276557473,0.3898947368421053,0.7003519370080966
2010-05-08 02:00:00,1.2079,0.537538808806921,0.49158326,0.40315518965654706,0.7753,0.7849725153122764
2010-05-08 03:00:00,0.9025,0.5725747655800906,0.5250469,0.344762317495275,0.3889333333333333,0.7073173068398239
2010-05-08 04:00:00,0.31920000000000004,0.5414832790607907,0.5423673,0.6301909704516584,0.35083333333333333,0.7465808588052656
2010-05-08 05:00:00,0.3907666666666667,0.5104927275291368,0.51203835,0.745537810703525,0.3363,0.813868918861337
2010-05-08 06:00:00,0.33366666666666667,0.6842175584784036,0.5701721,0.4452489853605506,0.3731666666666667,0.7031273949897425
2010-05-08 07:00:00,0.3592,0.717909900036815,0.80199486,0.5450799497585568,0.41573333333333334,0.7920921865821579
2010-05-08 08:00:00,0.5013333333333333,0.7324639113470554,0.8235319,0.6484304340396366,0.31133333333333335,0.7554913319665459
2010-05-08 09:00:00,1.2557837837837837,0.8116039552552757,0.78551304,0.9044728527085826,0.3417,0.8578922847186662
2010-05-08 10:00:00,1.704315789473684,0.9220657187647403,1.066889,0.938765716619488,1.195728813559322,1.0881845409268096
2010-05-08 11:00:00,1.6019574468085107,1.2747851366835539,1.2157001,1.1953548977762671,2.042222222222222,1.0932079963036874
2010-05-08 12:00:00,1.4395172413793105,1.0868355880584333,1.1941321,1.0365478520111497,0.9674999999999999,1.1140090676948105
2010-05-08 13:00:00,1.4142807017543861,0.9479107959937367,1.0516834,0.7852468097133489,0.5086,0.8378666580366758
2010-05-08 14:00:00,1.4543,1.1455856787262224,1.0399562,1.2202781825190765,2.0198695652173915,1.0162581752176436
2010-05-08 15:00:00,0.6082333333333333,1.219296762945882,1.0253543,1.536640184671945,1.1692333333333333,0.9931879086067368
2010-05-08 16:00:00,0.35373333333333334,0.8419731771193912,0.9422547,0.8289006007906605,0.4612857142857143,0.8438993965592075
2010-05-08 17:00:00,0.3550666666666667,0.9159171387293579,0.91196364,0.8971242212601328,0.41509999999999997,1.0001881995360473
2010-05-08 18:00:00,0.3776,1.1720851868080566,1.1887991,0.755453110014148,0.3371,1.0541541189893184
2010-05-08 19:00:00,0.3263666666666667,1.117013530952151,1.2564927,0.7527519433877143,0.5240333333333334,1.0749751707269213
2010-05-08 20:00:00,0.4219,1.1488754657032993,1.2697369,0.18959842185677045,0.8496206896551723,1.056355500715165
2010-05-08 21:00:00,2.088222222222222,1.1701091205639793,1.3321534,1.1907679544322611,0.7536666666666667,1.1883683339561155
2010-05-08 22:00:00,0.5932999999999999,1.4043368792865738,1.389653,1.256098058614903,2.4450980392156865,1.5574585466839042
2010-05-08 23:00:00,0.4527,1.2406162873864013,1.1467257,0.9584395774035828,1.3806785714285714,1.2961991450778547
2010-05-09 00:00:00,0.4184333333333333,0.7566284744514198,0.8167559,1.0603712995821648,0.35856666666666664,0.7137582884207985
2010-05-09 01:00:00,0.5043333333333333,0.6785393445957939,0.7244321,0.6559422256618065,0.3565333333333333,0.8169045885486905
2010-05-09 02:00:00,0.40513333333333335,0.5808455204990228,0.60216594,0.6151005109010406,0.3908333333333333,0.7707727818755606
2010-05-09 03:00:00,0.4043,0.5251224298731079,0.44502062,0.5743228603607882,0.38360000000000005,0.708913518249293
2010-05-09 04:00:00,0.3339,0.5427499386770731,0.52299875,0.40240911912924004,0.327859649122807,0.7351240224989746
2010-05-09 05:00:00,0.34136666666666665,0.5035815797993323,0.46640804,0.28209281735346015,0.3622666666666667,0.7713848514477639
2010-05-09 06:00:00,0.9118666666666667,0.6093246314719125,0.47013414,0.25202275254326945,0.3500333333333333,0.6125083239324332
2010-05-09 07:00:00,0.5297241379310345,0.8259239710882257,0.657971,0.6834154943159719,1.485896551724138,0.900867419364334
2010-05-09 08:00:00,0.47590000000000005,0.8414594134274419,0.6886857,0.9440210768156814,1.5325423728813559,0.9815994125250725
2010-05-09 09:00:00,0.5000357142857143,0.8649557868122032,0.8085337,0.839548441821568,1.6168275862068966,0.9791892205078739
2010-05-09 10:00:00,2.1127179487179486,1.0186141263794195,0.8483696,0.6589878849173298,0.8335333333333333,1.1236452359329778
2010-05-09 11:00:00,1.93568,1.1484917567023252,1.1169903,1.1536271594483503,1.5862807017543858,1.287293073111261
2010-05-09 12:00:00,1.282301886792453,0.9611343975316439,1.0022792,0.5018180797013878,1.7417333333333331,1.3935242433695052
2010-05-09 13:00:00,1.4711379310344825,1.12466125053268,1.0169518,0.7830958950023899,2.1901818181818182,1.2697400667051175
2010-05-09 14:00:00,1.6441052631578947,1.0008254710393794,0.8317082,0.6082563345790073,1.8038775510204081,1.2415833084889374
2010-05-09 15:00:00,0.9791000000000001,1.1383799813769044,0.98125666,0.8556912279213572,2.1069795918367347,1.1570598639396437
2010-05-09 16:00:00,0.5596666666666666,0.9084287463838087,1.0344859,0.9896099752344591,1.7672758620689655,1.0327756437426874
2010-05-09 17:00:00,0.9974642857142857,0.9522324661571286,1.1460662,1.0376898688642087,1.765017543859649,1.087097736371346
2010-05-09 18:00:00,0.5003076923076923,0.9387153115621625,0.89272904,1.0497316888369637,1.7770344827586206,0.97480656964566
2010-05-09 19:00:00,1.581076923076923,0.9679359330309183,0.91563797,1.010749008429681,1.50575,0.9502357160076894
2010-05-09 20:00:00,1.3457948717948718,0.9244140029987032,0.8199271,0.525703747930105,1.6217073170731706,0.9981258489815961
2010-05-09 21:00:00,1.5238695652173913,0.9278266207842227,0.7447452,1.1240335803618922,1.6946470588235294,0.8925280909266059
2010-05-09 22:00:00,1.1152333333333333,0.8870569677199296,0.6618834,0.6034688675840532,0.5131724137931034,0.9927530552382604
2010-05-09 23:00:00,0.40800000000000003,0.6857275948996362,0.5092914,0.04057729541678945,0.3918666666666667,0.7174185410476887
2010-05-10 00:00:00,0.4233,0.6204477680004638,0.44726118,0.2968801539490926,0.37835087719298244,0.3286613404002645
2010-05-10 01:00:00,0.34986666666666666,0.584659510320004,0.48153606,0.31490139150819785,0.3512758620689655,0.3700403972227957
2010-05-10 02:00:00,0.41043333333333337,0.6120815219039659,0.46756002,0.35875228800062375,0.3439,0.42047693054907964
2010-05-10 03:00:00,0.3747,0.5818547066792779,0.47498277,0.3767407998375599,0.3406333333333333,0.4497558683036941
2010-05-10 04:00:00,0.359,0.6614635868414018,0.52931976,0.5708872768603737,1.0286785714285716,0.6644097459036638
2010-05-10 05:00:00,0.817728813559322,0.6016583879343803,0.530126,0.45427391854549537,0.3263,0.5315889375216589
2010-05-10 06:00:00,0.4686315789473684,0.8512046655515871,0.7809436,0.946009036049601,0.6845172413793104,0.6013380199985486
2010-05-10 07:00:00,1.8424406779661016,1.6149461858899283,1.4740654,1.7870440176204632,2.060964285714286,1.1342292509888894
2010-05-10 08:00:00,1.443859649122807,1.219583151780684,1.217175,1.5033151382102656,1.3975555555555557,1.1606672502246544
2010-05-10 09:00:00,1.3697000000000001,1.1654537515338328,1.1271182,1.3387552062359571,1.3637333333333335,1.025273443033652
2010-05-10 10:00:00,1.4473684210526316,0.8560001719496819,0.76852995,0.556989108972137,1.3711666666666666,0.9149552926360524
2010-05-10 11:00:00,1.4366440677966101,1.0781709279571656,0.9385155,0.45022977219107674,1.3226333333333333,1.0765785090508555
2010-05-10 12:00:00,1.1581333333333332,0.8902541133053312,0.75416374,0.7867283510908668,0.9827666666666667,0.9093222284999338
2010-05-10 13:00:00,0.3968333333333333,0.6554790487983673,0.5164986,0.48466099384067796,0.37520000000000003,0.7928420629998666
2010-05-10 14:00:00,0.6421666666666667,0.5789674023281346,0.47067097,0.2419274786239054,0.34176666666666666,0.8842086461343397
2010-05-10 15:00:00,0.4062,0.9480540735904134,0.8333155,0.6471437683033912,0.3117142857142857,1.0309237268854767
2010-05-10 16:00:00,0.37503571428571425,0.7931588212588739,0.6732502,0.8456142852785911,0.3529333333333333,0.9300072435707992
2010-05-10 17:00:00,0.41973333333333335,0.5772028456131439,0.5499444,0.7244782518833564,0.36813559322033895,0.8771236811207024
2010-05-10 18:00:00,0.43106666666666665,0.7912007650912812,0.7333799,0.8422462592152615,0.5388999999999999,0.971876901987526
2010-05-10 19:00:00,1.1090877192982456,1.6069912571041807,1.4579444,0.8835559104805213,2.0803859649122804,1.5236075152244188
2010-05-10 20:00:00,2.3481071428571427,1.5586028983890787,1.6246608,1.635655191138845,2.256340425531915,1.6239240298270214
2010-05-10 21:00:00,2.3881860465116276,1.5452331855844776,1.3987467,1.1289100254736755,2.038,1.5979712648462274
2010-05-10 22:00:00,1.6342758620689655,1.32243538354905,1.0279365,1.222399226169386,1.2234583333333333,1.406330573230433
2010-05-10 23:00:00,1.412,0.7859251611726314,0.7799208,0.633749062420491,0.36029999999999995,0.8487101181971188
2010-05-11 00:00:00,1.445859649122807,0.6000607459914536,0.47912365,0.6708012869899586,0.3779,0.5310219394949448
2010-05-11 01:00:00,1.4114035087719299,0.5250772789235233,0.45918173,0.30839161527255987,0.33353333333333335,0.5098115809740176
2010-05-11 02:00:00,1.4576666666666667,0.5290901229498854,0.50532997,0.3260727239553405,0.3046,0.541093322002105
2010-05-11 03:00:00,0.39540000000000003,0.545860913503734,0.49741518,0.3437207201834829,0.3792666666666667,0.5979660521550852
2010-05-11 04:00:00,0.37287719298245614,0.5862716872442874,0.56584936,0.471136304249283,0.3393333333333333,0.7433129016916842
2010-05-11 05:00:00,0.3084,0.5399557227802405,0.64160967,0.4603738813420636,0.2929333333333333,0.6996416172953913
2010-05-11 06:00:00,0.7299333333333333,0.8601281561457693,0.85225505,0.7792941874784932,0.8967666666666666,0.8956296493735747
2010-05-11 07:00:00,1.5916086956521738,1.1813899079767396,1.3110173,1.6031299955826632,1.1859,1.257808413191082
2010-05-11 08:00:00,1.9275200000000001,1.4312792505840395,1.4529868,1.2996136939739023,1.7623265306122449,1.482663819295331
2010-05-11 09:00:00,1.4030545454545453,1.3175541196929748,1.3202925,1.2939094108405764,1.915050847457627,1.4469331503626615
2010-05-11 10:00:00,1.4827755102040818,1.3112422099125611,1.271358,0.9307311991155269,1.6677777777777778,1.3551155167221616
2010-05-11 11:00:00,1.5166296296296295,1.072574150182173,1.0875382,0.7394750154728742,1.4492542372881356,1.2850644597769052
2010-05-11 12:00:00,1.2492542372881357,1.0284889077055603,1.0519378,0.9982729088425499,1.3913000000000002,1.1859296012585774
2010-05-11 13:00:00,1.0311,0.9389304842853902,0.7683202,0.7121583791489363,1.3236333333333334,1.0766458716513585
2010-05-11 14:00:00,0.46913333333333335,0.8478043277207832,0.63171226,0.8442204347887741,1.3724,0.9592152327681744
2010-05-11 15:00:00,0.4855,0.8554989180663088,0.69035053,0.5546422518005516,1.3889666666666665,0.9804240538798246
2010-05-11 16:00:00,0.7601666666666667,0.8049957772143608,0.6246165,0.4171199641433243,0.7543333333333334,0.8534362093618033
2010-05-11 17:00:00,0.8795000000000001,0.7326670745963618,0.60960895,0.42448380638144456,0.5214,0.7733042510221861
2010-05-11 18:00:00,1.1376333333333333,0.8461902415114886,0.69319004,0.4014113466111311,0.7041000000000001,0.8674392165629488
2010-05-11 19:00:00,1.8545,1.0924880417909333,1.0398979,0.7138956235509732,1.2454285714285716,1.1726310832837987
2010-05-11 20:00:00,1.0880666666666667,1.3444888880144044,1.4199759,1.5898194153953247,1.934,1.4336171548036543
2010-05-11 21:00:00,0.5558666666666666,1.2383219828935896,1.1836945,1.2617526556695309,1.4108,1.3996096394527981
2010-05-11 22:00:00,0.44420000000000004,0.9940741142365952,1.0008755,0.708573575776831,1.1497499999999998,1.0987924876356527
2010-05-11 23:00:00,0.5756,0.8680901971379132,0.6857558,0.28578050617563244,0.5607000000000001,0.8995855263596457
2010-05-12 00:00:00,0.32639999999999997,0.5332834032957589,0.5275123,0.5696945793509333,0.36133333333333334,0.5076828070992639
2010-05-12 01:00:00,0.9861666666666667,0.6673393448788577,0.5423927,0.5695191753847719,0.2986333333333333,0.4826653796226462
2010-05-12 02:00:00,0.5014666666666667,0.6372931570934736,0.4562182,0.564537127442761,0.3786333333333333,0.5074993492305105
2010-05-12 03:00:00,0.3152280701754386,0.6144312772739169,0.5374046,0.6922644399539915,0.8437666666666667,0.6341331426062938
2010-05-12 04:00:00,0.31489999999999996,0.5505602732594579,0.5383197,0.5811945182554292,0.5700000000000001,0.6678838709760468
2010-05-12 05:00:00,0.31976666666666664,0.5895067368040705,0.5830917,0.48481728904085963,0.2920333333333333,0.5545369917698797
2010-05-12 06:00:00,0.9432542372881356,0.8962563204969339,0.8795293,0.970139971550467,0.6113666666666667,0.7288211053163539
2010-05-12 07:00:00,2.0164347826086955,1.2705958848540708,1.2140973,1.5813677002371853,1.5222962962962963,1.127557272812024
2010-05-12 08:00:00,1.608086956521739,1.1926938490232077,1.2094301,1.666783758732827,1.1769545454545456,1.132748415902404
2010-05-12 09:00:00,1.6493793103448275,1.2682334200235266,1.1723053,1.6761827586491937,1.902595744680851,1.2861203519885844
2010-05-12 10:00:00,1.4962413793103448,1.2101769229430026,1.124706,1.041427537605912,1.6381818181818182,1.2986965506586547
2010-05-12 11:00:00,1.5890196078431373,1.1108815020004528,1.0470628,0.7356189469940313,1.4933898305084745,1.1918072998899114
2010-05-12 12:00:00,1.7325454545454546,0.9687542672491124,0.9984974,0.7096832256001551,1.4798666666666667,1.021046432093561
2010-05-12 13:00:00,1.4408333333333334,0.84060131323655,0.8448224,0.9313346185782084,1.4481428571428572,0.9386489504721417
2010-05-12 14:00:00,2.1055428571428574,0.9031799374639653,0.89619815,0.9801959222336455,1.693142857142857,1.0413665115442885
2010-05-12 15:00:00,1.8541999999999998,0.9691732638104531,0.820648,0.6912933888210698,1.8067777777777778,1.0440742434768775
2010-05-12 16:00:00,1.4497966101694915,0.778108845554111,0.6709847,1.051544132840052,0.4544666666666667,0.7537950370933209
2010-05-12 17:00:00,2.5224761904761905,0.7224392170346627,0.651514,0.6478309456843545,0.5845333333333333,0.6836910317308398
2010-05-12 18:00:00,0.6898367346938775,0.7401315547857559,0.82791907,0.6581337652908317,0.7685666666666666,0.8050977610599804
2010-05-12 19:00:00,0.5411666666666667,1.1977011609927917,1.1320785,1.423419882622948,1.1766666666666665,1.1883774455928788
2010-05-12 20:00:00,1.6959661016949152,1.5787841327584347,1.3951845,1.8373144774705301,1.8165283018867924,1.5118310087908133
2010-05-12 21:00:00,1.7869,1.7563877447496479,1.6479439,1.3981465353986666,2.1595714285714283,1.6166800788822724
2010-05-12 22:00:00,1.561,1.1144780741438283,1.1066653,1.1091918381028663,1.3390212765957445,1.189959957215084
2010-05-12 23:00:00,1.5277241379310345,0.8281192201468254,0.7638642,0.3341338392743066,0.6451333333333333,0.8423592796927477
2010-05-13 00:00:00,0.3472,0.4937907622315485,0.50396997,0.5658627473572511,0.3465,0.6250220418162017
2010-05-13 01:00:00,0.3643,0.594590394501795,0.45349455,0.6781580271957683,0.39196610169491525,0.569821845858826
2010-05-13 02:00:00,0.3389,0.48153943733334215,0.4699604,0.5473544052860004,0.3371,0.5419409805891144
2010-05-13 03:00:00,0.3558,0.49068750573620057,0.574555,0.6452670591142383,0.6174999999999999,0.6939213406006134
2010-05-13 04:00:00,0.34986666666666666,0.5169147099078327,0.5450614,0.6829507827990211,0.7809,0.7408602532577079
2010-05-13 05:00:00,0.3187,0.5191943354435248,0.5235252,0.5763381514010295,0.3232666666666667,0.6345307973941969
2010-05-13 06:00:00,0.36946666666666667,0.9707152391839428,0.8426315,1.0299339807218486,0.5272,0.7851415426993078
2010-05-13 07:00:00,0.3028666666666667,1.311638847405039,1.3256136,1.738102729511621,1.2249333333333332,1.1793041494661753
2010-05-13 08:00:00,1.4486551724137933,1.4692355866594085,1.3155159,1.748805260532468,1.6681333333333332,1.3708558109082307
2010-05-13 09:00:00,0.36616666666666664,1.470281599254751,1.2998973,1.1891750997506445,1.3930666666666667,1.4609551326396393
2010-05-13 10:00:00,1.4454385964912282,1.1363191128048877,1.1008492,1.0001313003688672,1.3138965517241379,1.2858983275720004
2010-05-13 11:00:00,1.5206382978723405,1.0948422789667895,0.95009506,0.786213398698408,1.404734693877551,1.1168006627739435
2010-05-13 12:00:00,1.4796170212765958,0.9343256733532407,0.85933506,0.7851733654731378,1.4989333333333335,1.1075348419838154
2010-05-13 13:00:00,1.4075666666666666,0.9334961303295013,0.77713203,0.8044727667425252,1.2481666666666666,1.0533301838331046
2010-05-13 14:00:00,1.4641724137931034,0.7733526756252711,0.7185391,0.9419378391905348,0.43545762711864405,0.941448106679335
2010-05-13 15:00:00,1.0083333333333333,0.836209509618094,0.75873315,1.114431617427149,0.5316,0.9295591595264528
2010-05-13 16:00:00,0.6708,0.6955282881542013,0.6974229,0.7770914017781039,0.3471666666666666,0.6923472116124936
2010-05-13 17:00:00,0.8728070175438597,0.8213640628964225,0.7098804,0.8968059545255216,0.45180000000000003,0.7811238375914693
2010-05-13 18:00:00,1.601047619047619,0.9632885739226661,0.83020496,1.020926117640121,1.2337,1.0948152202827832
2010-05-13 19:00:00,1.3617333333333332,1.204546986013215,1.2127166,1.682412912567303,1.6891272727272728,1.4029778349972983
2010-05-13 20:00:00,1.399795918367347,1.3009250392301006,1.308178,1.8668799116933,1.4060666666666668,1.375864614512991
2010-05-13 21:00:00,1.5287692307692307,1.178339168849603,1.104602,1.7785914417590263,0.9249333333333334,1.2737582638934233
2010-05-13 22:00:00,1.774093023255814,1.1656322707083908,1.0256442,1.0808584433335413,0.8786666666666666,1.0786662836922898
2010-05-13 23:00:00,0.3865862068965517,0.984602245848027,0.73985016,0.7103916722821382,0.445,0.8443842832205217
2010-05-14 00:00:00,0.37629999999999997,0.47754887917758254,0.52873194,0.6337578506861652,0.3311,0.5075438499330137
2010-05-14 01:00:00,0.3972333333333333,0.4863627186774994,0.49304,0.6751483107296299,0.3270508474576271,0.5354474875999615
2010-05-14 02:00:00,0.38223333333333337,0.44409004994102813,0.5311308,0.47100424905280824,0.34290000000000004,0.5327805275909162
2010-05-14 03:00:00,0.385,0.5067454292718956,0.62916905,0.5356203698190076,0.36046666666666666,0.6473962759407259
2010-05-14 04:00:00,0.37953333333333333,0.5180785438318019,0.65068275,1.0487698326013126,1.0356,0.9019042613958855
2010-05-14 05:00:00,0.33636666666666665,0.5175374438183672,0.53869903,0.523860420721146,0.36173333333333335,0.6945211698916347
2010-05-14 06:00:00,1.0338,0.9586872091310643,1.0088944,1.2223602578808441,1.0354285714285714,0.8162368688494881
2010-05-14 07:00:00,1.5476785714285715,1.1639200923608484,1.1657993,1.5390787926497473,1.5994871794871794,1.15413505039515
2010-05-14 08:00:00,1.8337333333333334,1.3162923396780954,1.1934153,1.6898028184352203,1.7512777777777777,1.2639684043435846
2010-05-14 09:00:00,1.9147999999999998,1.2089912763238606,1.1897613,0.787723640172946,1.3402307692307693,1.2715358309229177
2010-05-14 10:00:00,1.4895666666666665,1.018372378739289,1.0963023,0.948254338076438,1.3217666666666665,1.199184690580974
2010-05-14 11:00:00,1.5004406779661017,1.0553385274894869,0.94542235,0.773743991006076,1.3786333333333334,1.1490330101840087
2010-05-14 12:00:00,1.5526666666666669,0.9949129747979082,0.9636312,1.0444846753784005,1.5363636363636364,1.3386719036902632
2010-05-14 13:00:00,1.5399298245614035,0.961539941701455,0.966476,0.9141214404580648,0.5825283018867924,0.9687344619395262
2010-05-14 14:00:00,1.4748363636363637,0.9405398875896815,0.9334873,0.7089385238767707,0.643728813559322,0.8358208761188255
2010-05-14 15:00:00,1.4700350877192983,1.0163323587756368,0.8633782,0.609711198642839,1.3448666666666669,0.9973195030513728
2010-05-14 16:00:00,1.4937254901960786,1.1021217026807957,1.0017654,1.080130194637898,0.9093666666666667,0.9451949262568936
2010-05-14 17:00:00,1.5977333333333334,1.3353077895075942,1.0804385,1.3211752663911616,0.36963333333333337,0.9738098569995778
2010-05-14 18:00:00,1.5839999999999999,1.149272458432092,0.9396907,1.0630210838228988,0.5626,0.8531393679668362
2010-05-14 19:00:00,1.7856666666666667,1.1718704084012144,1.2737408,1.4057429216808268,1.2315,1.138725806763964
2010-05-14 20:00:00,1.6372666666666666,1.4238461884973013,1.3531296,1.6982145465738372,2.1623636363636365,1.387843525648453
2010-05-14 21:00:00,0.6121333333333333,1.7042831964339102,1.5670911,1.8588083263899668,2.206392857142857,1.4384155008956045
2010-05-14 22:00:00,0.38326666666666664,1.0928336992263679,1.1519017,1.083264722453497,1.4369122807017543,1.1733903670768864
2010-05-14 23:00:00,0.39309999999999995,0.8590733869072874,0.6936205,0.42275381793336453,1.3100666666666667,0.9800355888567386
2010-05-15 00:00:00,0.3943333333333333,0.6345389041903458,0.5091371,0.07840146877462095,1.0309333333333333,0.6918615704461106
2010-05-15 01:00:00,0.354,0.6126793732932834,0.55435073,0.20917255818376557,1.6515744680851063,0.7906080175071069
2010-05-15 02:00:00,0.3796333333333333,0.580953797030731,0.6652536,0.5454879093950682,1.2079,0.6791869025370936
2010-05-15 03:00:00,0.34586666666666666,0.5688115453358882,0.51270735,0.6177426249319327,0.9025,0.5046334382759826
2010-05-15 04:00:00,0.3608,0.5750366132970677,0.57354796,0.6983431555971227,0.31920000000000004,0.5647916572246248
2010-05-15 05:00:00,1.1044333333333332,0.561842946924573,0.5590082,0.42994366710342047,0.3907666666666667,0.4737657203950387
2010-05-15 06:00:00,0.634909090909091,0.8612242008618776,0.71533185,0.44345688454358967,0.33366666666666667,0.5830137668284646
2010-05-15 07:00:00,1.9249473684210525,0.7230149304935095,0.9070333,0.4889332077030637,0.3592,0.7787445301138153
2010-05-15 08:00:00,1.4841224489795917,0.8160363813428336,0.97335243,0.7636550596778714,0.5013333333333333,0.9548269732546303
2010-05-15 09:00:00,1.5812444444444447,1.1459031616413815,1.1444023,0.7510695449998857,1.2557837837837837,1.0521940576989413
2010-05-15 10:00:00,1.2904406779661015,1.3855278230580728,1.2344254,1.3272026430367019,1.704315789473684,1.3017987471976857
2010-05-15 11:00:00,0.5046333333333333,1.4019446594834841,1.2892475,1.438015640579866,1.6019574468085107,1.441104796737804
2010-05-15 12:00:00,0.7856333333333333,1.305492289454599,1.2266115,1.5610838724148133,1.4395172413793105,1.2875094211552773
2010-05-15 13:00:00,1.6037857142857141,1.0356847269733611,1.0660976,1.1346128154455317,1.4142807017543861,1.045259804211288
2010-05-15 14:00:00,0.8854666666666666,1.1556767370726049,1.1291707,1.6226785325525346,1.4543,1.1469250998362213
2010-05-15 15:00:00,0.5612333333333334,0.9377696263780719,1.0206379,1.5153683108346012,0.6082333333333333,0.9370276584160769
2010-05-15 16:00:00,0.5042666666666666,0.7090796743479082,0.90688145,0.9396992360315131,0.35373333333333334,0.7167937805792184
2010-05-15 17:00:00,0.5530666666666667,0.6684089663495858,0.8212414,1.0709387693207415,0.3550666666666667,0.6945479244045193
2010-05-15 18:00:00,0.8153,0.6389292626701267,0.90098953,1.363887194901042,0.3776,0.8316973449157714
2010-05-15 19:00:00,1.8908076923076924,0.7681134601151436,1.1521316,1.5695544947962778,0.3263666666666667,0.9796612304123236
2010-05-15 20:00:00,2.5489473684210524,0.8099334908063234,1.1144031,1.5358005489129116,0.4219,1.1596905522993124
2010-05-15 21:00:00,2.5753333333333335,1.5807088998901921,1.4500896,0.6785010448302262,2.088222222222222,1.539118555351166
2010-05-15 22:00:00,2.7033199999999997,1.3196383442656658,1.477532,1.2786564175085835,0.5932999999999999,1.4582257744768468
2010-05-15 23:00:00,3.0643225806451615,1.124741001580011,1.0045565,1.2841480162173413,0.4527,1.1398551381288469
2010-05-16 00:00:00,1.8755333333333333,0.6592992373249179,0.6645218,0.24613570122692674,0.4184333333333333,0.6909488476016671
2010-05-16 01:00:00,1.7676666666666667,0.5681609251119035,0.66877896,0.2905384888233461,0.5043333333333333,0.7795990178112919
2010-05-16 02:00:00,1.64452,0.5356265047249252,0.6339458,0.488262810112559,0.40513333333333335,0.675334245870007
2010-05-16 03:00:00,1.4462000000000002,0.5121969427934466,0.5266031,0.4253200542863057,0.4043,0.645050641726204
2010-05-16 04:00:00,0.3499333333333333,0.4927960219692193,0.4681072,0.21646989365949,0.3339,0.6781887488547289
2010-05-16 05:00:00,0.4307666666666667,0.4496497207066104,0.4701921,0.2850397284848344,0.34136666666666665,0.6693274427694579
2010-05-16 06:00:00,0.34326666666666666,0.8615319607539682,0.63113075,0.3385794336644893,0.9118666666666667,0.8235307415074047
2010-05-16 07:00:00,0.37526666666666664,1.2751232330495534,1.0483073,0.7803918912456165,0.5297241379310345,1.0158985067576976
2010-05-16 08:00:00,0.4897,1.2962989898249386,1.1625911,1.2294099463946122,0.47590000000000005,1.0570458259127273
2010-05-16 09:00:00,1.7399310344827585,1.4373446124492602,1.2798988,1.2399040530773717,0.5000357142857143,1.1496956936136145
2010-05-16 10:00:00,0.9038750000000001,1.4404033056267362,1.2837313,0.8595468095745679,2.1127179487179486,1.3395566034500832
2010-05-16 11:00:00,0.6514666666666666,1.4323920233393357,1.2406458,1.095470426110149,1.93568,1.49655132752361
2010-05-16 12:00:00,0.6923333333333334,1.3970167262641358,1.2201786,1.5142652927663363,1.282301886792453,1.4213675494793976
2010-05-16 13:00:00,1.7947636363636363,1.2718984321195206,1.1948031,1.4479578741491297,1.4711379310344825,1.3978923421127263
2010-05-16 14:00:00,1.7989696969696969,1.236547549057861,1.1828223,1.2571350950698497,1.6441052631578947,1.361239917928428
2010-05-16 15:00:00,1.1683636363636365,1.224530315040032,1.134667,1.3343201778637526,0.9791000000000001,1.2130952035611762
2010-05-16 16:00:00,0.4786,1.039707663482868,0.93277425,1.0676952499098162,0.5596666666666666,0.9393978742052757
2010-05-16 17:00:00,0.4880363636363636,1.2375691369723518,1.2046416,1.1295868887169167,0.9974642857142857,1.0136967566157924
2010-05-16 18:00:00,0.7360384615384615,1.2748388710331882,1.2290007,1.0379350712646267,0.5003076923076923,1.0077292980840746
2010-05-16 19:00:00,2.123466666666667,1.2549537507037287,1.3166453,0.8592123937502254,1.581076923076923,1.230730799809705
2010-05-16 20:00:00,1.8829268292682928,1.229042946929826,1.3514124,1.5170940968682625,1.3457948717948718,1.3107899876328686
2010-05-16 21:00:00,2.607490909090909,1.5073397359890002,1.6433955,1.644745536165578,1.5238695652173913,1.6178468971074564
2010-05-16 22:00:00,2.132078431372549,1.0852155137175257,0.9788191,1.0315158506181414,1.1152333333333333,1.0149320452272648
2010-05-16 23:00:00,1.5553684210526317,0.6391009266241364,0.6771209,1.1115451691030418,0.40800000000000003,0.8826692821655724
2010-05-17 00:00:00,0.9766,0.5541307804201022,0.5133366,0.5176012935776065,0.4233,0.4945578392071709
2010-05-17 01:00:00,0.3819,0.6703136515339807,0.51296616,0.3236149312387241,0.34986666666666666,0.5510436100152724
2010-05-17 02:00:00,0.4126,0.5842337110031044,0.47823998,0.4470695605128602,0.41043333333333337,0.5391552702367262
2010-05-17 03:00:00,0.3350666666666667,0.5613432999724735,0.4859402,0.36410823596751307,0.3747,0.5131305283984494
2010-05-17 04:00:00,0.4157,0.4740217325711638,0.5491017,0.3525952886567396,0.359,0.5956877698827168
2010-05-17 05:00:00,0.3313333333333333,0.5457047498140148,0.5768352,0.5042927387745503,0.817728813559322,0.6775252988865819
2010-05-17 06:00:00,0.794135593220339,0.8005040574197579,0.7331312,0.563532218520709,0.4686315789473684,0.7215358392012758
2010-05-17 07:00:00,1.946103448275862,1.5415539478547016,1.5073619,1.746695049973649,1.8424406779661016,1.213998831715006
2010-05-17 08:00:00,1.4573684210526314,1.3184994427901233,1.1960663,1.4726389318891535,1.443859649122807,1.0302563576094281
2010-05-17 09:00:00,1.4595438596491228,1.248920112637335,1.1938589,1.3147539765648804,1.3697000000000001,1.0361667669061938
2010-05-17 10:00:00,1.4925614035087718,1.2233103939896588,1.2363644,1.4314159315301695,1.4473684210526316,1.2229844238129433
2010-05-17 11:00:00,1.4351034482758622,1.0680232224254635,1.1128125,1.1123431403909994,1.4366440677966101,1.2016885631642182
2010-05-17 12:00:00,1.536736842105263,1.0203187915074192,0.9788689,0.9006336716517228,1.1581333333333332,1.024920170330682
2010-05-17 13:00:00,1.44875,0.6830945261386105,0.55598927,0.3947397332760193,0.3968333333333333,0.7501891350331635
2010-05-17 14:00:00,1.415,0.8494672323330401,0.68118566,0.5361555042036417,0.6421666666666667,0.8369711898516079
2010-05-17 15:00:00,1.4536896551724139,0.711133359760578,0.6584527,0.3129401716172019,0.4062,0.6338494160117163
2010-05-17 16:00:00,1.6582333333333332,0.6198651738354002,0.5562649,0.25177788725379924,0.37503571428571425,0.5946178928088325
2010-05-17 17:00:00,1.5831379310344829,0.7502580674291237,0.6756969,0.5867649461793258,0.41973333333333335,0.7273218189751609
2010-05-17 18:00:00,0.6601333333333332,0.7666800529025275,0.8587099,0.5281371714439123,0.43106666666666665,0.7408353110043072
2010-05-17 19:00:00,0.7111923076923077,1.4443078304494354,1.4768213,1.2878488426589856,1.1090877192982456,1.3060158374127018
2010-05-17 20:00:00,1.3782592592592593,1.6189839061215037,1.7874174,1.8525669472557806,2.3481071428571427,1.5822668546736194
2010-05-17 21:00:00,1.4406792452830188,1.8880645796786002,1.8823532,2.0755082725083636,2.3881860465116276,1.820497844749936
2010-05-17 22:00:00,0.8923214285714286,1.3891737557416415,1.2520626,1.6412272023526402,1.6342758620689655,1.310442751220341
2010-05-17 23:00:00,0.4251333333333333,0.8738723999603337,0.65903723,0.6312675971467436,1.412,0.9236963409023142
2010-05-18 00:00:00,0.3448,0.703689600799678,0.59229696,0.6489329170981885,1.445859649122807,0.6683995792036813
2010-05-18 01:00:00,0.3702456140350877,0.5604287530570735,0.6289844,0.5725300505571743,1.4114035087719299,0.6055781198833401
2010-05-18 02:00:00,0.3416666666666667,0.5888937656545129,0.5797165,0.13290247886593043,1.4576666666666667,0.5693069861234474
2010-05-18 03:00:00,0.4090666666666667,0.5641889118721324,0.49719483,0.21503334044918654,0.39540000000000003,0.368572976511939
2010-05-18 04:00:00,0.9626896551724138,0.5699331198438877,0.44004568,0.35628096814583654,0.37287719298245614,0.3584341706997166
2010-05-18 05:00:00,0.4423,0.5147733971707708,0.5235118,0.34570956396341235,0.3084,0.4258273834418156
2010-05-18 06:00:00,0.8207333333333333,0.8227190089699586,0.6864296,0.5221182238095368,0.7299333333333333,0.6779740754445924
2010-05-18 07:00:00,1.8772542372881356,1.3236325053729792,1.4013239,1.153941550495243,1.5916086956521738,1.117859778850554
2010-05-18 08:00:00,1.4316551724137931,1.5255611494891215,1.5628823,1.8977989005172824,1.9275200000000001,1.304985679115621
2010-05-18 09:00:00,1.4442033898305084,1.4476122823242639,1.4223448,1.4676896016881749,1.4030545454545453,1.1901844435488873
2010-05-18 10:00:00,1.4241851851851852,1.324171690482715,1.3753992,1.3232409422818288,1.4827755102040818,1.2782726029975886
2010-05-18 11:00:00,1.5365172413793102,1.2160583616410912,1.2249223,1.3943876559822654,1.5166296296296295,1.211528454914109
2010-05-18 12:00:00,1.4756,1.067415878831622,1.0619872,1.1472155653103182,1.2492542372881357,1.0304930816158044
2010-05-18 13:00:00,1.437438596491228,0.9845496401056418,0.9046021,0.6514511465636923,1.0311,0.9058197766620959
2010-05-18 14:00:00,1.1075,0.8869035215004152,0.82193106,0.7143884480520775,0.46913333333333335,0.7671918937531996
2010-05-18 15:00:00,0.6998333333333334,0.8243929622071546,0.785852,0.5126703122057541,0.4855,0.6952327050424889
2010-05-18 16:00:00,0.7251333333333334,0.7385583019893787,0.72305244,0.3856218200520003,0.7601666666666667,0.6965839168566096
2010-05-18 17:00:00,0.6493,0.7863228446894281,0.83438784,0.4903349366359604,0.8795000000000001,0.7872402974660937
2010-05-18 18:00:00,0.6107333333333334,0.8999413257380783,0.8864168,0.48198312724126946,1.1376333333333333,0.8971742381544368
2010-05-18 19:00:00,0.7840350877192982,1.3523488870870009,1.350164,1.59011218939929,1.8545,1.3319792283507825
2010-05-18 20:00:00,1.9411111111111112,1.4876141907843967,1.6704732,1.9314768581699688,1.0880666666666667,1.4515168043570426
2010-05-18 21:00:00,1.1104999999999998,1.3068120417270404,1.3331397,1.197251161738936,0.5558666666666666,1.1766420081994449
2010-05-18 22:00:00,0.7884333333333333,0.896386198102258,1.0720574,0.6458461251028766,0.44420000000000004,0.9306338823400082
2010-05-18 23:00:00,0.5401,0.8864753752340029,0.70643127,0.40034168270181025,0.5756,0.8157498996801531
2010-05-19 00:00:00,0.48050000000000004,0.5380602844956173,0.60534865,0.37204502884404866,0.32639999999999997,0.5643692408860855
2010-05-19 01:00:00,0.8956999999999999,0.5739331544307903,0.56474763,0.3608232235258301,0.9861666666666667,0.671138158001612
2010-05-19 02:00:00,0.7556666666666667,0.5242541357715711,0.56308097,0.38003624866382857,0.5014666666666667,0.6452635433560018
2010-05-19 03:00:00,0.4910333333333333,0.4723803274191172,0.5229615,0.27603843366121017,0.3152280701754386,0.5215318558915412
2010-05-19 04:00:00,0.45836666666666664,0.41656886279166727,0.5371136,0.2478952725897361,0.31489999999999996,0.49435282717310636
2010-05-19 05:00:00,0.4892,0.4576650441831248,0.5218751,0.3011803730252217,0.31976666666666664,0.5052991922575678
2010-05-19 06:00:00,0.5987666666666667,0.9241729820982455,0.86788684,0.826573252607701,0.9432542372881356,0.7447459272329153
2010-05-19 07:00:00,1.2334,1.4936196298672824,1.6539739,1.7917625040274041,2.0164347826086955,1.3991038011670787
2010-05-19 08:00:00,1.675298245614035,1.4201721105448788,1.5016757,1.577292441483222,1.608086956521739,1.29630134031276
2010-05-19 09:00:00,1.794982456140351,1.3490638470457594,1.3206233,1.1594289498330252,1.6493793103448275,1.297153071456684
2010-05-19 10:00:00,1.4854666666666667,1.2555366565679718,1.2500709,1.3588400965318759,1.4962413793103448,1.2240943630436663
2010-05-19 11:00:00,1.541692307692308,1.0284047208889895,1.1379958,1.1967398828602434,1.5890196078431373,1.2019796486637127
2010-05-19 12:00:00,1.5064285714285715,1.0422893536593882,0.9837612,1.2213825595044934,1.7325454545454546,1.1654467136291442
2010-05-19 13:00:00,0.34503333333333336,0.9591469979360897,0.8798829,1.0496395082366532,1.4408333333333334,0.9807388434548892
2010-05-19 14:00:00,0.9004333333333334,0.9440773863590958,0.8908611,0.26928390382019296,2.1055428571428574,1.0272804282419137
2010-05-19 15:00:00,0.9435333333333333,0.9776920648302394,1.0191318,0.5094862947409313,1.8541999999999998,1.044425606441099
2010-05-19 16:00:00,0.39920000000000005,0.8436445732637543,0.71002424,0.6345541289326844,1.4497966101694915,0.8529029041242918
2010-05-19 17:00:00,0.412,1.3462703944625303,1.200787,0.9720066031923443,2.5224761904761905,1.0306727031521854
2010-05-19 18:00:00,0.5127333333333334,1.072891879152206,1.1331348,0.6655038229419408,0.6898367346938775,0.8824781333108033
2010-05-19 19:00:00,0.9634716981132075,1.1418574502176493,1.1685883,0.6482572080281758,0.5411666666666667,1.0015759669889273
2010-05-19 20:00:00,1.8770204081632653,1.4000372061592739,1.4002212,1.5555926415514594,1.6959661016949152,1.3003985279942218
2010-05-19 21:00:00,1.1143666666666665,1.5256622300757505,1.4110836,1.4250199359691782,1.7869,1.4517496624767063
2010-05-19 22:00:00,0.7745,1.1824785644214846,1.129239,1.1217947588159045,1.561,1.2010092512844075
2010-05-19 23:00:00,1.1945714285714286,1.0435853009923566,0.7814244,0.48172326353399875,1.5277241379310345,1.0165919465902384
2010-05-20 00:00:00,0.40386666666666665,0.6878356262790928,0.5632704,0.39522436510603376,0.3472,0.540203249917917
2010-05-20 01:00:00,0.43953333333333333,0.595541114100882,0.5213797,0.6605444659462701,0.3643,0.5534050908460573
2010-05-20 02:00:00,0.3904333333333333,0.6318919492791171,0.4844231,0.4259336966691285,0.3389,0.4430309277288643
2010-05-20 03:00:00,0.4205666666666667,0.4499941351599767,0.4574033,0.40857582184390606,0.3558,0.4094929435279985
2010-05-20 04:00:00,0.32883333333333337,0.4712639247568742,0.44555447,0.3142834463489147,0.34986666666666666,0.47191099349124577
2010-05-20 05:00:00,0.3948135593220339,0.5924112209837422,0.47442168,0.5423855782133971,0.3187,0.4609923114894031
2010-05-20 06:00:00,0.5828965517241379,0.7150581084462445,0.69243103,0.33535137637273693,0.36946666666666667,0.6568179169382679
2010-05-20 07:00:00,1.659298245614035,0.8594923523242128,1.1816083,0.9447060661270199,0.3028666666666667,0.9686971245724728
2010-05-20 08:00:00,1.7639655172413793,1.399017697448515,1.3647598,1.5139226674327038,1.4486551724137933,1.286505307007667
2010-05-20 09:00:00,1.4224333333333334,1.2355064406444516,1.1786914,1.4446144144529955,0.36616666666666664,1.0456275448083643
2010-05-20 10:00:00,1.4447142857142856,1.3739618226956645,1.2378441,1.540857608108637,1.4454385964912282,1.2320570943392408
2010-05-20 11:00:00,1.4010357142857142,1.3179722919330255,1.1740911,1.3885318711788974,1.5206382978723405,1.271167457147627
2010-05-20 12:00:00,1.4332666666666667,1.3616351136794194,1.1641942,1.047460910116219,1.4796170212765958,1.2420713139000932
2010-05-20 13:00:00,0.8362758620689654,1.17448771844911,1.0896885,1.2132386782667322,1.4075666666666666,1.118751592228921
2010-05-20 14:00:00,0.6854,0.9147075290100877,0.64997596,0.32044464227530767,1.4641724137931034,1.0183352622315494
2010-05-20 15:00:00,0.36696666666666666,0.9666664985704949,0.8832154,0.5070967159756276,1.0083333333333333,0.9226627585326028
2010-05-20 16:00:00,0.42364912280701755,0.9125044155026252,0.78656167,0.30011254123025366,0.6708,0.7866581537033583
2010-05-20 17:00:00,0.41686666666666666,1.0156998792551513,0.8456416,0.6501380155739636,0.8728070175438597,0.9961297484667078
2010-05-20 18:00:00,1.4412631578947368,1.085793519160943,1.0481404,0.7871085004951097,1.601047619047619,1.1054662598251876
2010-05-20 19:00:00,0.8403666666666666,1.3016820233401947,1.2935462,0.8872929516482175,1.3617333333333332,1.2185039566042248
2010-05-20 20:00:00,0.4433666666666667,1.1878963642309814,1.1835741,1.2462792846024904,1.399795918367347,1.2501235975707137
2010-05-20 21:00:00,0.4269,1.1205760809520622,0.9884547,0.8833460031981852,1.5287692307692307,1.1854120510338553
2010-05-20 22:00:00,0.41386666666666666,1.200538694142507,0.9105775,0.5565565138300188,1.774093023255814,1.2044676193738018
2010-05-20 23:00:00,0.5691333333333334,0.8429572073986559,0.73435825,0.3913912166415632,0.3865862068965517,0.829103048443145
2010-05-21 00:00:00,0.41063333333333335,0.585542429110571,0.48023328,0.5600745792291897,0.37629999999999997,0.3709073975438375
2010-05-21 01:00:00,0.8209333333333333,0.5457125898619617,0.48812908,0.40846906132907335,0.3972333333333333,0.4583163310943862
2010-05-21 02:00:00,0.6970333333333334,0.5327771898013133,0.49077752,0.3919690315432649,0.38223333333333337,0.44297254202526304
2010-05-21 03:00:00,0.41910000000000003,0.5016270216527648,0.49333706,0.34057350529692954,0.385,0.4681288161405326
2010-05-21 04:00:00,0.3431666666666667,0.44980805394384,0.48259228,0.3091159053997161,0.37953333333333333,0.5982657564598713
2010-05-21 05:00:00,0.3883793103448276,0.5283443341909451,0.53481907,0.4053368324957124,0.33636666666666665,0.5663510913087804
2010-05-21 06:00:00,0.40800000000000003,1.019075393397532,0.84261674,0.6227524379378568,1.0338,0.8674090026097022
2010-05-21 07:00:00,1.3599298245614035,1.3400002785944276,1.2698799,1.3976436788108804,1.5476785714285715,1.1634666813277854
2010-05-21 08:00:00,1.6314468085106382,1.4974734065225126,1.4141165,1.47431194014955,1.8337333333333334,1.3807217786691053
2010-05-21 09:00:00,1.5113617021276597,1.3631554945177666,1.2227371,1.3481726435103796,1.9147999999999998,1.2113305431688581
2010-05-21 10:00:00,1.5185423728813559,1.2302127550375266,1.1751851,1.292422640671322,1.4895666666666665,1.2075897473089654
2010-05-21 11:00:00,1.52259649122807,1.0695617725617004,1.0974826,1.2025297484140711,1.5004406779661017,1.1777596455508046
2010-05-21 12:00:00,0.8231666666666667,1.0057379810697935,0.8936441,1.1172678889387035,1.5526666666666669,1.200524991736497
2010-05-21 13:00:00,0.3796610169491525,0.9223045716647555,0.84076476,0.6597194501036023,1.5399298245614035,1.003292036353769
2010-05-21 14:00:00,0.5426153846153846,0.9399345438427049,0.7579695,0.7359518030372368,1.4748363636363637,1.0094604949039532
2010-05-21 15:00:00,1.2892083333333333,0.8936350075729748,0.6810773,0.8420588250764254,1.4700350877192983,1.0724871265091587
2010-05-21 16:00:00,0.4810357142857143,0.6890541214615782,0.73199433,0.5379135791642626,1.4937254901960786,1.0009866923604194
2010-05-21 17:00:00,0.3586,0.7804340998305852,0.7588144,0.784080070667108,1.5977333333333334,1.117340463443656
2010-05-21 18:00:00,0.4476333333333333,0.9478971347109801,0.9366499,0.9691511094983823,1.5839999999999999,1.1161248409298639
2010-05-21 19:00:00,0.8801,0.9824735351734429,0.99006236,1.6358434796999206,1.7856666666666667,1.24730361139926
2010-05-21 20:00:00,1.6930714285714286,1.1133001034147312,1.2209109,1.2460970173028942,1.6372666666666666,1.413422651792309
2010-05-21 21:00:00,0.8241454545454546,1.5071443326857754,1.4651208,0.9639195210684447,0.6121333333333333,1.2430459341755482
2010-05-21 22:00:00,0.8829642857142856,1.03918454020979,1.1210293,0.6837967072800576,0.38326666666666664,1.0084910616030167
2010-05-21 23:00:00,0.44603333333333334,0.7556459817738476,0.792716,0.516155861644157,0.39309999999999995,0.8111096487531736
2010-05-22 00:00:00,0.4557333333333334,0.5194907837507298,0.5102377,0.2992116365547929,0.3943333333333333,0.5971527065366418
2010-05-22 01:00:00,0.4866440677966102,0.4930242818195854,0.55810934,0.28236673209804186,0.354,0.7035395405251035
2010-05-22 02:00:00,0.9549,0.4931163215832782,0.5008143,0.08815905533603818,0.3796333333333333,0.6446781298572125
2010-05-22 03:00:00,0.5759666666666666,0.47222711761154346,0.4698907,0.09304624696933639,0.34586666666666666,0.648834686591145
2010-05-22 04:00:00,0.43827586206896557,0.5882920922663074,0.5709861,0.33954245977084796,0.3608,0.5826951358127155
2010-05-22 05:00:00,0.4250666666666667,0.5434083966139172,0.48940584,0.39832250365316924,1.1044333333333332,0.7437727407844701
2010-05-22 06:00:00,0.8622333333333334,0.9558710517459288,0.88165927,0.5162662498978668,0.634909090909091,0.7774146949473293
2010-05-22 07:00:00,1.8368363636363636,1.3281294651885382,1.2914236,1.5222922106224503,1.9249473684210525,1.1674211158329115
2010-05-22 08:00:00,1.6765454545454546,1.3731772138552418,1.271381,1.2689383517650579,1.4841224489795917,1.256948091845035
2010-05-22 09:00:00,1.5632244897959184,1.3387058076607767,1.2544192,1.1223876067045435,1.5812444444444447,1.2222576484175858
2010-05-22 10:00:00,1.6471904761904763,1.293092531418724,1.2176738,1.519349323213706,1.2904406779661015,1.2311543827835558
2010-05-22 11:00:00,1.509857142857143,1.0054983041319456,1.1356381,1.401547384851919,0.5046333333333333,1.0572035559308768
2010-05-22 12:00:00,1.6788125,1.1646034458701333,1.1891239,1.443262320132671,0.7856333333333333,1.0969287696550243
2010-05-22 13:00:00,1.3232333333333335,1.2061431414639547,1.059579,0.8465478874608333,1.6037857142857141,1.2338592219105395
2010-05-22 14:00:00,1.6187058823529412,1.1963383317636858,1.2321839,1.1536480798692188,0.8854666666666666,1.170061663697278
2010-05-22 15:00:00,1.6345106382978725,0.9387204150387172,1.0095062,1.336147277173155,0.5612333333333334,0.9178387118096017
2010-05-22 16:00:00,1.6136949152542372,0.8080888820552496,0.96605253,1.1288650331295793,0.5042666666666666,0.8651650257033054
2010-05-22 17:00:00,1.309543859649123,1.0583523892309463,1.0492911,1.215304989438305,0.5530666666666667,0.9673299248568017
2010-05-22 18:00:00,0.5486,1.110253206387958,1.1783019,1.4257883542555136,0.8153,1.0929400914274532
2010-05-22 19:00:00,1.5072800000000002,1.3036610606075414,1.2027702,1.401466039261925,1.8908076923076924,1.3988895739670952
2010-05-22 20:00:00,2.0021463414634146,1.6976656551382943,1.7149813,1.377801847606823,2.5489473684210524,1.6053246029019952
2010-05-22 21:00:00,1.7068518518518518,1.7607471795923655,1.5993387,1.9008138382678095,2.5753333333333335,1.8722019873414042
2010-05-22 22:00:00,1.0661666666666667,1.7214979867622129,1.592757,1.9509762700736601,2.7033199999999997,1.6451399342503055
2010-05-22 23:00:00,0.5730909090909091,1.672578318759686,1.7787361,2.2135610584804892,3.0643225806451615,1.56094531890816
2010-05-23 00:00:00,0.6506000000000001,0.6745300851049465,0.9652502,1.1135824096452005,1.8755333333333333,1.0494628764827354
2010-05-23 01:00:00,0.5380666666666667,0.6641686569367384,0.7500846,0.8294405205363623,1.7676666666666667,0.925755272021225
2010-05-23 02:00:00,0.3660333333333333,0.6340260177744131,0.69040173,0.37344372107955626,1.64452,0.7502691555068315
2010-05-23 03:00:00,0.39207142857142857,0.5357089814038006,0.72005343,0.45729762881198666,1.4462000000000002,0.6021817584086278
2010-05-23 04:00:00,0.39053333333333334,0.735058662798846,0.72295135,0.5340701288402443,0.3499333333333333,0.4841510681377492
2010-05-23 05:00:00,1.060779661016949,0.7644661091785799,0.6720088,0.606965057895883,0.4307666666666667,0.5765105600658469
2010-05-23 06:00:00,0.4126333333333333,0.7657763623543852,0.83356947,0.9299965465033818,0.34326666666666666,0.6979696106606407
2010-05-23 07:00:00,0.5722,0.7925921228814484,0.92688084,0.5710307316303511,0.37526666666666664,0.9272981974840925
2010-05-23 08:00:00,0.5780333333333334,0.8958427872373821,0.8738116,0.7545907994894019,0.4897,1.0056136995358314
2010-05-23 09:00:00,1.6354,1.289670502780304,1.2886162,0.6067196293430368,1.7399310344827585,1.3788310389535603
2010-05-23 10:00:00,1.4661153846153847,1.5205229231132684,1.2795266,1.4543393015658577,0.9038750000000001,1.4083252760752003
2010-05-23 11:00:00,1.2072631578947368,1.424867256973531,1.3201447,1.1942414909663213,0.6514666666666666,1.2059475499259933
2010-05-23 12:00:00,0.6419285714285714,1.2637733618783882,1.1872194,1.919276887811355,0.6923333333333334,1.1132357236353216
2010-05-23 13:00:00,1.4372500000000001,1.373938313826044,1.3771186,1.7237299310765497,1.7947636363636363,1.4682434544752017
2010-05-23 14:00:00,1.8012857142857144,1.4103810804083465,1.3718256,1.4805860314426718,1.7989696969696969,1.3312130364836123
2010-05-23 15:00:00,1.7646315789473686,1.1283316066366966,1.1318669,1.4665265368452138,1.1683636363636365,0.9760067582282785
2010-05-23 16:00:00,1.7824313725490195,0.8352521749223691,1.043375,1.1415969540897888,0.4786,0.8431598652159663
2010-05-23 17:00:00,0.8318378378378378,0.8405917145920858,1.0361001,1.6998358115902443,0.4880363636363636,0.9118228705929069
2010-05-23 18:00:00,0.5625652173913044,0.8952175916120807,1.2612967,1.7369045606345885,0.7360384615384615,0.950614956835453
2010-05-23 19:00:00,0.6609666666666667,1.8324252024099306,1.5946741,0.9506869757747531,2.123466666666667,1.5409546384352408
2010-05-23 20:00:00,0.7286206896551723,1.3436166101889608,1.6061504,1.1044158054698494,1.8829268292682928,1.6590991031711673
2010-05-23 21:00:00,1.9061785714285713,1.8372088882104813,1.7703156,1.7703402198196199,2.607490909090909,1.8609995823716694
2010-05-23 22:00:00,1.5712000000000002,1.6922212061930066,1.4731078,1.121228115077406,2.132078431372549,1.697404942264619
2010-05-23 23:00:00,0.9247666666666667,1.1026583047273695,0.82385254,0.15030448033405075,1.5553684210526317,1.4043251159718877
2010-05-24 00:00:00,0.47476666666666667,0.5797912381278439,0.5587837,0.1493733045065867,0.9766,0.7683313280002901
2010-05-24 01:00:00,0.47303333333333336,0.5464384210454347,0.5203652,0.5070736071236058,0.3819,0.5797836496393787
2010-05-24 02:00:00,0.46336666666666665,0.5040235013146458,0.44509983,0.38147289706609344,0.4126,0.5783190757688546
2010-05-24 03:00:00,0.42996666666666666,0.46115941452845066,0.48459184,0.3489424201117386,0.3350666666666667,0.5715173958328065
2010-05-24 04:00:00,0.3994,0.4912540095261595,0.4606285,0.27450403399451007,0.4157,0.5490650807180635
2010-05-24 05:00:00,0.4326,0.4581689495283281,0.42374015,0.3241898862472379,0.3313333333333333,0.7004074623607909
2010-05-24 06:00:00,0.9431999999999999,0.8098698364373003,0.8051332,0.34729992942796506,0.794135593220339,0.7659251112339996
2010-05-24 07:00:00,0.5314545454545455,1.8607211666766714,1.8494256,2.04072527946828,1.946103448275862,1.400148903490657
2010-05-24 08:00:00,0.8345333333333333,1.4784947423033117,1.4695166,1.5365852589088604,1.4573684210526314,1.244180710905327
2010-05-24 09:00:00,0.6686,1.4285341243494072,1.4158075,1.404836306134367,1.4595438596491228,1.3337161888599032
2010-05-24 10:00:00,1.226690909090909,1.40775854740585,1.3712498,1.4308564591386277,1.4925614035087718,1.204319924911625
2010-05-24 11:00:00,0.5929,1.3399392644916146,1.1899654,1.5100263738349788,1.4351034482758622,1.0949131075226466
2010-05-24 12:00:00,1.3811851851851853,1.2952913692027694,1.0910932,1.25836973882314,1.536736842105263,1.0585825323971059
2010-05-24 13:00:00,0.47716666666666663,1.0625692337258372,0.8851021,0.5773711084583377,1.44875,1.1019257685376636
2010-05-24 14:00:00,0.45276666666666665,0.9430015268979112,0.81020224,0.4259992760848993,1.415,1.0711630717097436
2010-05-24 15:00:00,0.40053333333333335,0.8537679592001917,0.73209417,0.5985186584643208,1.4536896551724139,1.0053418319631282
2010-05-24 16:00:00,0.7056666666666667,0.7813902939938951,0.6585955,0.6542737865353885,1.6582333333333332,0.9829875592047427
2010-05-24 17:00:00,1.6975438596491228,0.8336046173033091,0.68981695,0.675137231051872,1.5831379310344829,0.9915133925282325
2010-05-24 18:00:00,1.6837090909090908,0.8811738268600372,0.77466863,0.09054694089420967,0.6601333333333332,0.8181617472556182
2010-05-24 19:00:00,1.046723404255319,1.2920419420340863,1.2053906,1.1287407497916742,0.7111923076923077,1.1960627828381256
2010-05-24 20:00:00,1.8725454545454545,1.574108832271469,1.5968994,1.9812528781976773,1.3782592592592593,1.5044160895236671
2010-05-24 21:00:00,1.91475,1.6137106680764421,1.6722829,1.753826620034069,1.4406792452830188,1.6808627695760987
2010-05-24 22:00:00,1.1011525423728814,1.1774530552019256,1.1764977,0.658957677450929,0.8923214285714286,1.3001800109639114
2010-05-24 23:00:00,0.37733333333333335,0.9315663474671925,0.79736215,0.8086628438354999,0.4251333333333333,1.162251111288071
2010-05-25 00:00:00,0.32733333333333337,0.6828239715965175,0.6613978,0.31637084860214815,0.3448,0.7889117148648623
2010-05-25 01:00:00,0.3351071428571428,0.5772819865115079,0.60108185,0.3122016531598345,0.3702456140350877,0.747176850236857
2010-05-25 02:00:00,0.3298,0.6331477502457821,0.6333323,0.35325758711045796,0.3416666666666667,0.7440816580129667
2010-05-25 03:00:00,0.3044363636363636,0.5678169961812533,0.55694497,0.3960829982921138,0.4090666666666667,0.6447003035096848
2010-05-25 04:00:00,0.3440333333333333,0.588947498458951,0.54118526,0.4853741714463785,0.9626896551724138,0.7390227713681032
2010-05-25 05:00:00,0.34303333333333336,0.5960176249686617,0.58638597,0.49890625275545164,0.4423,0.6527920601705417
2010-05-25 06:00:00,0.5341,0.8745943190473026,0.9431655,0.7472484536582468,0.8207333333333333,0.8107814335303364
2010-05-25 07:00:00,1.6328461538461538,1.4779924860587428,1.6077493,1.9821947051441038,1.8772542372881356,1.342273870232598
2010-05-25 08:00:00,1.6409056603773586,1.505984671163269,1.6568843,1.6250042071454223,1.4316551724137931,1.2888311937088108
2010-05-25 09:00:00,1.3413333333333333,1.3218648750890523,1.4429772,1.2200849876639401,1.4442033898305084,1.2821040334135012
2010-05-25 10:00:00,1.4914545454545454,1.2832626005675296,1.3079573,1.5559019959902403,1.4241851851851852,1.1618029439739637
2010-05-25 11:00:00,1.3756428571428572,1.227246543045096,1.2628227,1.5082851877812853,1.5365172413793102,1.1737445034526133
2010-05-25 12:00:00,0.7964666666666667,1.272916704501873,1.2130413,1.2754407252712248,1.4756,1.1001373811803974
2010-05-25 13:00:00,0.3499,1.0580982575027291,1.1413444,0.9316652329619903,1.437438596491228,1.1381439265483182
2010-05-25 14:00:00,0.33699999999999997,1.0232208492579105,0.94169146,0.7021950487921137,1.1075,1.0094237377204653
2010-05-25 15:00:00,0.3472,0.9558391462113012,0.93713254,0.5950237610263707,0.6998333333333334,0.8763161060407126
2010-05-25 16:00:00,0.4753,1.048146856759549,1.109246,0.7870172693788785,0.7251333333333334,0.9162416015737431
2010-05-25 17:00:00,0.5867666666666668,1.0672571583876673,1.157721,0.6173955441521966,0.6493,0.9251483416286022
2010-05-25 18:00:00,0.49133333333333334,1.0393434462535658,1.0603954,0.6916027938776554,0.6107333333333334,0.8979533967060649
2010-05-25 19:00:00,0.86252,1.507318988993367,1.5133051,1.4845070275293977,0.7840350877192982,1.201753897555533
2010-05-25 20:00:00,1.8393454545454546,1.3964874480440796,1.5540444,1.5004288751941228,1.9411111111111112,1.469529312519045
2010-05-25 21:00:00,1.8464363636363637,1.3389045197165592,1.512417,1.810585288825267,1.1104999999999998,1.3693314562108956
2010-05-25 22:00:00,0.5014736842105263,1.1598482072990293,1.1552529,1.2307934081535772,0.7884333333333333,1.093334338707805
2010-05-25 23:00:00,0.3288421052631579,1.0297463375255582,0.81882435,0.6944164744934511,0.5401,0.8855006831737442
2010-05-26 00:00:00,0.29232142857142857,0.5138334513454079,0.5462337,0.2474557234470236,0.48050000000000004,0.5584600095529897
2010-05-26 01:00:00,0.33646666666666664,0.4818138805168736,0.62411624,0.35477804944118985,0.8956999999999999,0.736609575693175
2010-05-26 02:00:00,0.3501,0.46962252585530906,0.53868383,0.4395384059597468,0.7556666666666667,0.6642400687763733
2010-05-26 03:00:00,0.3263,0.5742049543482476,0.5468398,0.3328065172571868,0.4910333333333333,0.612437549193306
2010-05-26 04:00:00,0.31413793103448273,0.600702551702265,0.59951276,0.5876401257250964,0.45836666666666664,0.686562269339848
2010-05-26 05:00:00,0.33626666666666666,0.5835264163297673,0.54814696,0.36754689883009295,0.4892,0.6059817697779489
2010-05-26 06:00:00,0.7976271186440679,0.9746948058386594,0.8750779,0.6839452987184127,0.5987666666666667,0.8357631014543467
2010-05-26 07:00:00,1.5104363636363636,1.4544293726607151,1.7282704,1.5458901605689932,1.2334,1.3686696205197393
2010-05-26 08:00:00,1.9082272727272729,1.432809334201659,1.4822024,1.5675385762749272,1.675298245614035,1.3417249201949002
2010-05-26 09:00:00,1.793170731707317,1.4212481956859495,1.3837601,1.4928871349182664,1.794982456140351,1.3636931828343433
2010-05-26 10:00:00,1.5736470588235294,1.4038512725334333,1.2964207,1.456380055088327,1.4854666666666667,1.2424303035234656
2010-05-26 11:00:00,1.3266530612244898,1.2699420805615749,1.3305107,1.4377693364732678,1.541692307692308,1.2482303071345133
2010-05-26 12:00:00,0.7216949152542372,1.2283958924031904,1.2794114,1.2716621476645227,1.5064285714285715,1.2295418927506945
2010-05-26 13:00:00,0.9477307692307692,1.060078233584472,1.0768837,0.8537232500554277,0.34503333333333336,0.9595056686530212
2010-05-26 14:00:00,0.38863333333333333,1.1117804561540188,1.1370636,0.6394507910384235,0.9004333333333334,0.9445931186602449
2010-05-26 15:00:00,0.3220363636363636,1.0784451776005506,0.98392653,0.6777790960185033,0.9435333333333333,0.9117228252276158
2010-05-26 16:00:00,0.3389666666666667,1.0327095399200765,0.9629942,0.8244227838987503,0.39920000000000005,0.9262837046895094
2010-05-26 17:00:00,0.4154,1.2488491921326947,1.1162457,0.9329592223795102,0.412,1.044056215510978
2010-05-26 18:00:00,0.5874,0.9100021601547509,0.91113013,0.6384647639493829,0.5127333333333334,0.7737979058442639
2010-05-26 19:00:00,2.0356170212765954,1.0738036662123123,1.2214644,1.0634767705558967,0.9634716981132075,0.9707813104007086
2010-05-26 20:00:00,1.6421395348837209,1.5953949422500895,1.4130094,1.0935084557785915,1.8770204081632653,1.3948613813174529
2010-05-26 21:00:00,0.7276,1.3976282118974455,1.508397,1.7457394100027477,1.1143666666666665,1.3936634273434916
2010-05-26 22:00:00,0.5349333333333333,1.1308468383770114,1.0228465,1.0187189131128767,0.7745,1.126750951065163
2010-05-26 23:00:00,0.32913333333333333,1.0777510612934145,0.65869474,0.5442905108056404,1.1945714285714286,1.0883351281708993
2010-05-27 00:00:00,0.3127666666666667,0.5238921397864618,0.53031766,0.2947077484031051,0.40386666666666665,0.518013712191168
2010-05-27 01:00:00,0.3091666666666667,0.5176855733238657,0.50768346,0.42202575894151906,0.43953333333333333,0.5296511651068857
2010-05-27 02:00:00,0.2914137931034483,0.5369123531316558,0.5114974,0.47805420096614526,0.3904333333333333,0.5095183779817846
2010-05-27 03:00:00,0.6005423728813559,0.4837492191749985,0.49837258,0.3267287788151375,0.4205666666666667,0.5630726577441663
2010-05-27 04:00:00,0.5943859649122808,0.45648178119353433,0.48917654,0.2516557913656746,0.32883333333333337,0.5941664735489707
2010-05-27 05:00:00,0.27793333333333337,0.4889562930072718,0.5132911,0.3300261955968956,0.3948135593220339,0.5820002584054067
2010-05-27 06:00:00,0.5009666666666667,0.8506229117439417,0.8051682,0.5505142859377598,0.5828965517241379,0.7137197051321151
2010-05-27 07:00:00,1.0825,1.1603007776806034,1.3689173,1.5243507619899492,1.659298245614035,1.1470784694633727
2010-05-27 08:00:00,1.6217454545454546,1.4765385267481776,1.415126,1.8151275743521047,1.7639655172413793,1.4394357289015933
2010-05-27 09:00:00,1.644107142857143,1.2379297802666303,1.244293,1.6020603742031385,1.4224333333333334,1.1600254042256442
2010-05-27 10:00:00,1.2945357142857143,1.2572786824289388,1.161005,1.3709087123690935,1.4447142857142856,1.2339535385332985
2010-05-27 11:00:00,1.288690909090909,1.1107121907638926,1.156134,1.3104124326605595,1.4010357142857142,1.2463174027669532
2010-05-27 12:00:00,1.3699199999999998,1.0272837982488607,0.9694322,1.1359677502504673,1.4332666666666667,1.2107712877564156
2010-05-27 13:00:00,1.5683636363636364,0.9820105081034914,0.9036226,0.6767896829937712,0.8362758620689654,0.9238684077236019
2010-05-27 14:00:00,0.45353333333333334,0.8785240575473058,0.9356235,0.7594125260908431,0.6854,0.9349238303655126
2010-05-27 15:00:00,0.7421,0.7708049601834928,0.81408745,0.6563384673213921,0.36696666666666666,0.7760056870250829
2010-05-27 16:00:00,0.2890344827586207,0.6712691703266228,0.70347714,0.4359365392052754,0.42364912280701755,0.6910041232948029
2010-05-27 17:00:00,0.47213333333333335,0.7472802333444412,0.72567487,0.5746022084822138,0.41686666666666666,0.7363582468119074
2010-05-27 18:00:00,0.6200666666666667,1.2467926519036587,1.1436309,0.9811721146001294,1.4412631578947368,1.096487986015451
2010-05-27 19:00:00,1.093653846153846,1.2671886432663597,1.2780064,1.2163532501657186,0.8403666666666666,1.094904244499149
2010-05-27 20:00:00,1.7684727272727274,1.3828144715085326,1.4249319,1.403650838147379,0.4433666666666667,1.2075766923780136
2010-05-27 21:00:00,1.4042333333333334,1.3085442975183543,1.4823622,0.9677568535564665,0.4269,1.0428376252080156
2010-05-27 22:00:00,0.8811525423728813,0.9138922383224091,1.1726624,0.8302665757807135,0.41386666666666666,1.0046306173280057
2010-05-27 23:00:00,0.7346785714285715,0.8980807962550827,0.7347169,0.5296587301140332,0.5691333333333334,0.8851732984048979
2010-05-28 00:00:00,0.5976,0.5068965844227841,0.5274119,0.3697254897697182,0.41063333333333335,0.5573633166205418
2010-05-28 01:00:00,0.3832333333333333,0.49141156404450403,0.53199106,0.30163125981641525,0.8209333333333333,0.7273943491685037
2010-05-28 02:00:00,0.30700000000000005,0.5213903694078829,0.5725159,0.3180190729017677,0.6970333333333334,0.6987582103804386
2010-05-28 03:00:00,0.3154,0.522069904588295,0.51328033,0.25231677097715133,0.41910000000000003,0.6178381531182654
2010-05-28 04:00:00,0.25553333333333333,0.45415232385835047,0.49400124,0.27362465181613593,0.3431666666666667,0.5711639580132113
2010-05-28 05:00:00,0.2720333333333333,0.46302528228406326,0.506329,0.3232502272113391,0.3883793103448276,0.5943756570539396
2010-05-28 06:00:00,0.9221428571428572,1.0040894075545372,0.80118775,0.5192852286995173,0.40800000000000003,0.7496650068763678
2010-05-28 07:00:00,1.2690175438596492,1.3090028932255044,1.4482352,1.3750054796565814,1.3599298245614035,1.2618019279542811
2010-05-28 08:00:00,1.5700701754385964,1.344872912695173,1.4210694,1.674953462710473,1.6314468085106382,1.4473776240990812
2010-05-28 09:00:00,1.7974137931034482,1.2705603262169074,1.1915921,1.337696862082606,1.5113617021276597,1.3835845553239765
2010-05-28 10:00:00,1.5225084745762711,1.2351136816619463,1.1016335,1.4625515003727758,1.5185423728813559,1.2340187068942086
2010-05-28 11:00:00,1.2296206896551725,1.122504782862368,1.029159,1.3935913408612135,1.52259649122807,1.243089330539509
2010-05-28 12:00:00,0.7979,1.1219496860982274,1.014565,1.3199764571218544,0.8231666666666667,1.1083432921022964
2010-05-28 13:00:00,0.7050545454545454,1.018301059031028,0.8706984,0.9970022027653382,0.3796610169491525,0.8202581846940606
2010-05-28 14:00:00,0.93875,1.0087310718188147,0.9473834,0.8307982090537139,0.5426153846153846,0.84310029965185
2010-05-28 15:00:00,1.3268148148148147,1.1560109522644972,1.0656304,0.8164813874306187,1.2892083333333333,0.9987784385713849
2010-05-28 16:00:00,1.419857142857143,1.0154854994862594,0.97486097,0.9685209189887997,0.4810357142857143,0.8635159830364125
2010-05-28 17:00:00,1.3106666666666666,1.150935306589364,0.99549955,0.7777980427189338,0.3586,0.8141278760733166
2010-05-28 18:00:00,0.8168571428571428,1.1960369387208076,1.1943012,1.440852930568333,0.4476333333333333,1.0199716289567382
2010-05-28 19:00:00,0.6323703703703705,1.368943640420246,1.4381875,1.1274527370512777,0.8801,1.1540885399339693
2010-05-28 20:00:00,0.6027666666666666,1.446876127904855,1.425129,1.0618944959481211,1.6930714285714286,1.3476923800215377
2010-05-28 21:00:00,0.8782333333333333,1.1681852780195212,1.317032,1.049072765194527,0.8241454545454546,1.0393988094510587
2010-05-28 22:00:00,1.3522909090909092,1.0381718590040983,0.97670627,0.644088282732405,0.8829642857142856,0.9471851593824491
2010-05-28 23:00:00,1.2086666666666668,0.917411258817518,0.69752324,0.6844995625467156,0.44603333333333334,0.8574517684893849
2010-05-29 00:00:00,0.5915,0.49187777372441,0.5409974,0.27171839917056584,0.4557333333333334,0.6152636509978208
2010-05-29 01:00:00,0.4802,0.5298434111644588,0.5417221,0.1496224556474547,0.4866440677966102,0.6892397951295092
2010-05-29 02:00:00,0.3274,0.5201056815870954,0.6166923,0.33380163068477864,0.9549,0.8047992318882411
2010-05-29 03:00:00,0.3001666666666667,0.5119708155261687,0.5916426,0.47051092663298044,0.5759666666666666,0.7736095067720901
2010-05-29 04:00:00,0.23386666666666667,0.5273748555270843,0.6011999,0.46249098724407345,0.43827586206896557,0.7030409562317842
2010-05-29 05:00:00,0.24756363636363635,0.4797881991497086,0.54481596,0.4687058621632254,0.4250666666666667,0.7946262987350561
2010-05-29 06:00:00,0.5123859649122807,0.9741980613498851,0.78925496,0.623021411759362,0.8622333333333334,0.8612119885212501
2010-05-29 07:00:00,1.7725714285714285,1.4056291844960116,1.4270748,1.2592446112133444,1.8368363636363636,1.4678626150349976
2010-05-29 08:00:00,1.3871228070175439,1.3351530194171313,1.2708131,1.2729736270101155,1.6765454545454546,1.4414372972813614
2010-05-29 09:00:00,1.3294333333333335,1.3292197852949321,1.2893895,1.3236887591332263,1.5632244897959184,1.3834748898238973
2010-05-29 10:00:00,2.028941176470588,1.2517729941980316,1.1329637,1.3599450848245527,1.6471904761904763,1.3337209280997306
2010-05-29 11:00:00,1.0861333333333334,1.0839650720912029,1.1264206,1.2393049029086682,1.509857142857143,1.2013283991058117
2010-05-29 12:00:00,1.6042222222222222,1.031176497411684,0.9811483,0.9340363767701678,1.6788125,1.1941239679538471
2010-05-29 13:00:00,1.6304912280701755,1.0109701661847803,0.8917871,1.426909394302564,1.3232333333333335,1.1250287044350389
2010-05-29 14:00:00,1.6435217391304349,0.9360950163622674,0.9292864,1.582915394764676,1.6187058823529412,1.0700102283251371
2010-05-29 15:00:00,1.0608,0.9802927001553572,0.9932418,1.2958652811781868,1.6345106382978725,1.1338592624190633
2010-05-29 16:00:00,0.8701000000000001,1.0130172793592072,0.9782622,1.5775458833937406,1.6136949152542372,1.0480803356120267
2010-05-29 17:00:00,0.5785641025641025,1.051112697257369,1.0168406,1.5435602398197275,1.309543859649123,1.0003753398209825
2010-05-29 18:00:00,2.764909090909091,1.026610344616182,1.0013993,1.3656424577128958,0.5486,0.9327538329743552
2010-05-29 19:00:00,1.8480952380952382,1.3650393581488942,1.3982296,1.8072945731077472,1.5072800000000002,1.2648077302754306
2010-05-29 20:00:00,1.6270877192982456,1.4363730641864896,1.5604987,2.2276251110706644,2.0021463414634146,1.5786645626994074
2010-05-29 21:00:00,2.221965517241379,1.4541382176477873,1.6261227,2.0495143794385626,1.7068518518518518,1.4574099490731882
2010-05-29 22:00:00,2.0489,1.2766868831856781,1.2825695,2.0675078527776907,1.0661666666666667,1.3231906326023406
2010-05-29 23:00:00,2.0785,1.0480588855685515,0.9032614,0.5670896610521166,0.5730909090909091,1.157449875060239
2010-05-30 00:00:00,0.8431636363636364,0.6809412351732499,0.70462483,0.7479901521127628,0.6506000000000001,0.7466694437959625
2010-05-30 01:00:00,1.380271186440678,0.6523478559284345,0.67447156,0.6006295345290363,0.5380666666666667,0.7520474043409126
2010-05-30 02:00:00,0.525,0.552417536545146,0.6331564,0.4624141967263815,0.3660333333333333,0.7353693351976345
2010-05-30 03:00:00,0.46496666666666664,0.4936254521136757,0.5813416,0.31220258577507687,0.39207142857142857,0.6815123067305668
2010-05-30 04:00:00,0.44920000000000004,0.5230538102394072,0.49233642,0.19595529243625087,0.39053333333333334,0.5777933566997551
2010-05-30 05:00:00,0.47576666666666667,0.5314263417972034,0.49186152,0.15839672397130844,1.060779661016949,0.7469508582122734
2010-05-30 06:00:00,0.46590000000000004,0.6996721957735456,0.6342981,0.16264765670085102,0.4126333333333333,0.6722297073170018
2010-05-30 07:00:00,0.7262666666666667,1.0205738168491723,0.94603217,0.8744921160381312,0.5722,0.9212306594560917
2010-05-30 08:00:00,1.2669473684210526,1.0750247662465433,0.96714306,0.9677309551021908,0.5780333333333334,0.9744425146211466
2010-05-30 09:00:00,0.6325666666666667,1.2368301367134438,1.1338264,0.9825932770535726,1.6354,1.3511280442032072
2010-05-30 10:00:00,1.4167692307692308,1.2008937879560682,1.2536151,1.231861200964009,1.4661153846153847,1.2834047511867013
2010-05-30 11:00:00,0.9474117647058823,1.0582017772928145,1.1512694,1.4731417357337957,1.2072631578947368,1.0705343475272553
2010-05-30 12:00:00,0.8259000000000001,1.0382102386479932,1.0450488,1.3682516984015178,0.6419285714285714,0.9846032660941605
2010-05-30 13:00:00,0.7111228070175438,1.1495545897683634,1.1441635,1.70223336771789,1.4372500000000001,1.2101148800119574
2010-05-30 14:00:00,0.40626666666666666,1.1617355481234068,1.1056186,1.4585727623955684,1.8012857142857144,1.3787199269117476
2010-05-30 15:00:00,1.2988627450980392,1.1007621095648934,1.003493,0.7886319326084642,1.7646315789473686,1.352873099564503
2010-05-30 16:00:00,1.0025,1.0570752189489963,1.0178052,0.6880191398065898,1.7824313725490195,1.2429310858574658
2010-05-30 17:00:00,1.9826829268292685,1.0234070875757606,1.0572988,0.8466322597670375,0.8318378378378378,1.0355409694049507
2010-05-30 18:00:00,1.8086666666666666,0.9392309181057186,0.8939019,0.7030448050176292,0.5625652173913044,0.8371455649451771
2010-05-30 19:00:00,1.7819166666666666,1.3104695234970338,1.3925481,1.5620870529296318,0.6609666666666667,1.1699574725509065
2010-05-30 20:00:00,1.99875,1.2721346663571935,1.4411302,1.6010267319264342,0.7286206896551723,1.2825065563239049
2010-05-30 21:00:00,2.2589655172413794,1.31433301560827,1.4315623,1.3541243954981943,1.9061785714285713,1.5767696986175666
2010-05-30 22:00:00,0.4955666666666667,1.2427193868845188,1.1563118,1.3470609253198391,1.5712000000000002,1.42560695170513
2010-05-30 23:00:00,0.3241,0.8971289432163551,0.7616866,0.9522979244146892,0.9247666666666667,1.0822802683891772
2010-05-31 00:00:00,0.2886666666666667,0.574981342325341,0.55132675,0.5971601109915396,0.47476666666666667,0.5546276243763808
2010-05-31 01:00:00,0.2657,0.5865953752406387,0.51801103,0.6172719481408923,0.47303333333333336,0.46760088958397494
2010-05-31 02:00:00,0.29440000000000005,0.5446042045678999,0.52117306,0.6733408428031037,0.46336666666666665,0.5170220684864152
2010-05-31 03:00:00,0.26416666666666666,0.6504514644149243,0.4945423,0.579925947794599,0.42996666666666666,0.46332817284149685
2010-05-31 04:00:00,0.2815333333333333,0.6282818474841502,0.4906705,0.5880079620801677,0.3994,0.4913307705604828
2010-05-31 05:00:00,0.26603333333333334,0.6028524055479355,0.6197201,0.48331291496705675,0.4326,0.6200039183000952
2010-05-31 06:00:00,1.2971333333333335,0.7898863711912809,0.86458254,0.4159262038101297,0.9431999999999999,0.7489332627396894
2010-05-31 07:00:00,1.7922758620689654,1.025124360230793,1.1588186,1.0042965555487566,0.5314545454545455,0.9469946712320445
2010-05-31 08:00:00,1.4917916666666666,0.9455763053339743,1.1043094,0.8856240992800375,0.8345333333333333,0.9334610727113651
2010-05-31 09:00:00,1.3465172413793103,1.1288469491557445,1.0380837,1.2015429887091795,0.6686,0.9908296234244676
2010-05-31 10:00:00,1.3382333333333334,1.140004121348773,1.2144452,1.106185479012368,1.226690909090909,1.0714332678820513
2010-05-31 11:00:00,1.334896551724138,0.9896266772650624,0.97875345,0.9934920082815724,0.5929,0.9783283613205016
2010-05-31 12:00:00,1.0731666666666666,0.7744090773805498,0.77519625,0.5959534667790933,1.3811851851851853,1.015043605163101
2010-05-31 13:00:00,0.32886666666666664,0.9030237750178004,0.86273825,0.9534385298298137,0.47716666666666663,0.9402593658346471
2010-05-31 14:00:00,0.27386666666666665,1.0292318903764788,0.7998493,0.9364635450350562,0.45276666666666665,0.9777402732116938
2010-05-31 15:00:00,0.48593333333333333,1.0784180664330836,0.8158398,1.05050914128098,0.40053333333333335,0.9425457073504431
2010-05-31 16:00:00,1.585,1.0764002380873399,0.6433382,1.11528239600906,0.7056666666666667,1.0586944204550315
2010-05-31 17:00:00,1.1943333333333332,0.8733259802812082,0.48162916,0.6418721823905924,1.6975438596491228,1.1024847373988351
2010-05-31 18:00:00,1.2065416666666666,0.7825157726791248,0.8361124,0.6695697626466559,1.6837090909090908,1.0321642046245851
2010-05-31 19:00:00,1.1222181818181818,0.788640140525293,0.9022548,0.7189127472057132,1.046723404255319,0.9890409079646958
2010-05-31 20:00:00,0.6001333333333334,0.8669092931569656,0.8406142,0.710078838263808,1.8725454545454545,1.223661089972629
2010-05-31 21:00:00,1.2517333333333334,1.2616699654255432,1.1742992,1.472230823496611,1.91475,1.4237818455754347
2010-05-31 22:00:00,1.3362105263157895,0.9322582940229865,0.7921905,1.023533984225401,1.1011525423728814,1.1060071390432094
2010-05-31 23:00:00,0.5011333333333333,0.6092009022356376,0.3792023,0.2031801410927262,0.37733333333333335,0.6613335098604999
2010-06-01 00:00:00,0.30033333333333334,0.5401695656101024,0.50068116,0.60122828941652,0.32733333333333337,0.3749569946791609
2010-06-01 01:00:00,0.3133666666666667,0.5083274681713255,0.4788695,0.3939581782223408,0.3351071428571428,0.40692295960255764
2010-06-01 02:00:00,0.25216666666666665,0.5137128191712653,0.47924075,0.40933897247325646,0.3298,0.3856348840254876
2010-06-01 03:00:00,0.31046666666666667,0.5387816325085296,0.4972046,0.3670954880330771,0.3044363636363636,0.42882710742780084
2010-06-01 04:00:00,0.2316,0.5121158534670648,0.503564,0.3179881413963652,0.3440333333333333,0.5850842945193677
2010-06-01 05:00:00,0.3000333333333333,0.5503662583475225,0.526093,0.7745592536953538,0.34303333333333336,0.6292868699732257
2010-06-01 06:00:00,0.6143666666666667,0.8712138720396638,0.8590529,0.8328646968610444,0.5341,0.7640194103664973
2010-06-01 07:00:00,1.588103448275862,1.098491717900432,1.1538099,1.5937162639790436,1.6328461538461538,1.1406116079235251
2010-06-01 08:00:00,1.6072083333333333,0.987180652843388,1.1400636,1.6235238433455237,1.6409056603773586,1.1881833780187718
2010-06-01 09:00:00,1.4607368421052633,0.797205416017053,1.0193108,1.114144312267986,1.3413333333333333,1.161292183367045
2010-06-01 10:00:00,1.3242456140350878,0.7103786974622633,0.8939652,1.2561647508949745,1.4914545454545454,1.1611211396469296
2010-06-01 11:00:00,1.3441666666666667,0.7997752996160942,0.70617557,1.093649433534396,1.3756428571428572,1.0420414435133365
2010-06-01 12:00:00,1.5762181818181817,0.9642817277982523,0.982544,0.9491109080963176,0.7964666666666667,0.9385373643554407
2010-06-01 13:00:00,1.5544399999999998,0.7721592074171513,0.7050577,0.4244562191767298,0.3499,0.7661750797202515
2010-06-01 14:00:00,1.445366666666667,0.860611074938109,0.70510846,0.44224522800086596,0.33699999999999997,0.7461569806892915
2010-06-01 15:00:00,1.4509122807017543,0.8327424621699971,0.6231195,0.44145509730673826,0.3472,0.705894212941086
2010-06-01 16:00:00,0.9093333333333332,0.7591189549015431,0.6303076,0.5527677516911145,0.4753,0.8039616046917348
2010-06-01 17:00:00,0.3416,0.8753623583097437,0.7587889,0.6865347258538015,0.5867666666666668,0.8962516436807992
2010-06-01 18:00:00,0.35233333333333333,0.782346162390346,0.721754,0.6252200942779389,0.49133333333333334,0.9184351866076276
2010-06-01 19:00:00,0.3855,0.9462636919694205,0.88968533,0.6413712748432628,0.86252,0.934874530615846
2010-06-01 20:00:00,0.5894999999999999,1.0592408417833021,1.2118661,1.5647461545462171,1.8393454545454546,1.4650978721189323
2010-06-01 21:00:00,0.5218333333333333,1.1730832540562415,1.2717475,1.590702959876724,1.8464363636363637,1.547379590108713
2010-06-01 22:00:00,0.6503,0.9526771665403602,1.0288885,1.2336059267825092,0.5014736842105263,1.0511859176753982
2010-06-01 23:00:00,0.6416333333333333,0.684638131006488,0.5839456,0.5288553699076564,0.3288421052631579,0.725572804096658
2010-06-02 00:00:00,0.3203,0.5009374435692651,0.51700884,0.4203128280624543,0.29232142857142857,0.453170850401297
2010-06-02 01:00:00,0.7598,0.4646388274295752,0.49384356,0.27035270540690415,0.33646666666666664,0.5554443935760244
2010-06-02 02:00:00,1.1001666666666667,0.48924872681093307,0.463148,0.2970222136086432,0.3501,0.5142543576506732
2010-06-02 03:00:00,0.2494333333333333,0.49060923441998555,0.47447166,0.3281583074773837,0.3263,0.4906633904276223
2010-06-02 04:00:00,0.28026666666666666,0.4806002732446845,0.50667125,0.3276115837133682,0.31413793103448273,0.5525014995804157
2010-06-02 05:00:00,0.2608,0.4474559301626301,0.5174502,0.35404860434691876,0.33626666666666666,0.5858922220672371
2010-06-02 06:00:00,0.5349285714285714,0.7884670830084288,0.72822756,0.6555964540795969,0.7976271186440679,0.8010535201222495
2010-06-02 07:00:00,1.7268620689655172,1.1785361535893728,1.1737007,1.671927677036292,1.5104363636363636,1.2075997915941536
2010-06-02 08:00:00,1.3471333333333333,1.1996908764861143,1.2278664,1.6023499348268198,1.9082272727272729,1.4090982004009935
2010-06-02 09:00:00,1.3210508474576272,1.1452609738875636,1.1484572,1.527119378948683,1.793170731707317,1.393496128370409
2010-06-02 10:00:00,1.137,1.1828445975865949,0.97542983,1.3834988259128758,1.5736470588235294,1.2902212414504655
2010-06-02 11:00:00,0.7223333333333334,0.9023602009579514,0.9173785,1.4251575220857626,1.3266530612244898,1.143508933457336
2010-06-02 12:00:00,0.4135666666666667,0.9236149364408862,0.7364277,0.6131317708225144,0.7216949152542372,0.9206315604529532
2010-06-02 13:00:00,0.4407,0.7111561211265185,0.58640623,0.09907519024348144,0.9477307692307692,0.6058021528005495
2010-06-02 14:00:00,0.27143333333333336,0.828869614901624,0.6341414,0.4745686839777187,0.38863333333333333,0.653928195505586
2010-06-02 15:00:00,1.0192982456140351,0.6974527012464427,0.6503828,0.3657770281009014,0.3220363636363636,0.626068886129313
2010-06-02 16:00:00,0.30226666666666663,0.6138431110530823,0.60435253,0.48548341425523556,0.3389666666666667,0.6453829378122129
2010-06-02 17:00:00,0.28379310344827585,0.7074542387031343,0.58644,0.44831411112884323,0.4154,0.8052438162529483
2010-06-02 18:00:00,0.2800333333333333,0.7559597440894116,0.71384615,0.7353602987418097,0.5874,0.9017949364811759
2010-06-02 19:00:00,0.3494333333333334,1.2118286428478682,1.1204385,0.5399353267309721,2.0356170212765954,1.2400244138590915
2010-06-02 20:00:00,0.894135593220339,1.2867684398211838,1.3872939,1.2447689038038185,1.6421395348837209,1.5209912040542384
2010-06-02 21:00:00,1.19340350877193,1.1527573648170848,1.2292242,1.675318372699557,0.7276,1.2707228037661717
2010-06-02 22:00:00,0.5892631578947368,0.9429584168183824,0.8978081,0.708824589478285,0.5349333333333333,0.8626804618196189
2010-06-02 23:00:00,0.2618,0.6971764003338583,0.56292737,0.40980744332712704,0.32913333333333333,0.7399292476013699
2010-06-03 00:00:00,0.44749090909090905,0.45023163871753324,0.4649889,0.40182214348933853,0.3127666666666667,0.4328131559112218
2010-06-03 01:00:00,0.2558666666666667,0.4938819380601583,0.44840097,0.43203964560205865,0.3091666666666667,0.46316919950576874
2010-06-03 02:00:00,0.2796206896551724,0.5282629881687141,0.46418345,0.40003458423504124,0.2914137931034483,0.4854327503068334
2010-06-03 03:00:00,1.0056333333333334,0.5498504681098246,0.5303441,0.4504328447292111,0.6005423728813559,0.5781459408992433
2010-06-03 04:00:00,0.21769999999999998,0.5819554912136176,0.5156895,0.4839339971190204,0.5943859649122808,0.6204174069000701
2010-06-03 05:00:00,0.3088666666666667,0.557362367459599,0.5477142,0.39350129508284915,0.27793333333333337,0.5712033536889619
2010-06-03 06:00:00,0.7489090909090909,0.7482128938005265,0.7198096,0.5776856188438148,0.5009666666666667,0.7067930770119303
2010-06-03 07:00:00,1.6653928571428571,1.1351339808236889,1.2500292,1.5556845320523127,1.0825,1.2157734553263753
2010-06-03 08:00:00,1.790888888888889,1.143150779624451,1.259898,1.355215015327801,1.6217454545454546,1.379728797556667
2010-06-03 09:00:00,1.4255416666666667,1.0924178034046568,1.0881257,1.37262568549554,1.644107142857143,1.3479138051627255
2010-06-03 10:00:00,1.3545862068965517,1.0155403770634914,0.92348605,1.094856397646168,1.2945357142857143,1.2189215278138752
2010-06-03 11:00:00,1.3196610169491525,0.8794050553938435,0.89224845,0.9025914418909221,1.288690909090909,1.143510554055541
2010-06-03 12:00:00,1.4862173913043477,0.7580958587803559,0.7863991,0.9671103437845495,1.3699199999999998,1.0350464122863543
2010-06-03 13:00:00,2.12136,0.7838080235330535,0.7593291,0.9443116789815018,1.5683636363636364,0.9536209952187498
2010-06-03 14:00:00,1.3756333333333333,0.7999827048155491,0.69225544,0.7166672523157864,0.45353333333333334,0.689082535824798
2010-06-03 15:00:00,1.3253333333333333,0.6762852316156786,0.6741844,0.9944406822939055,0.7421,0.5162691894206937
2010-06-03 16:00:00,0.29583333333333334,0.6335730035864627,0.6157231,0.49365913847797516,0.2890344827586207,0.5701879814407788
2010-06-03 17:00:00,0.30856666666666666,0.7587819895715964,0.6195239,0.40858438939912245,0.47213333333333335,0.631231435124955
2010-06-03 18:00:00,0.39896666666666664,0.9028615300329713,0.78863144,0.8329019908158438,0.6200666666666667,0.865411747743055
2010-06-03 19:00:00,1.2313898305084745,1.0836643173542166,1.0935313,1.22821005585252,1.093653846153846,1.1455302327735077
2010-06-03 20:00:00,0.39553333333333335,1.200782173362946,1.2121315,1.7918897149870179,1.7684727272727274,1.3778097905814284
2010-06-03 21:00:00,0.6004,0.9540059472369969,1.052436,1.0797448522483948,1.4042333333333334,1.2196421438211542
2010-06-03 22:00:00,0.5696610169491525,0.9291506702972295,0.9203239,0.47341284079008594,0.8811525423728813,0.9245454948405918
2010-06-03 23:00:00,0.3484,0.7521261272801357,0.5559475,0.24671873590842308,0.7346785714285715,0.7449955134049915
2010-06-04 00:00:00,0.2752758620689655,0.46020588147687397,0.48946497,0.5031542389463123,0.5976,0.4954672453639897
2010-06-04 01:00:00,1.3106071428571429,0.48705433324429726,0.45751333,0.5472368117807249,0.3832333333333333,0.5177542603631482
2010-06-04 02:00:00,0.3077333333333333,0.3972591280921911,0.5001108,0.4485502942291454,0.30700000000000005,0.4582314582885859
2010-06-04 03:00:00,0.25643333333333335,0.4375186328951613,0.5405648,0.49160178710294766,0.3154,0.5018568416042499
2010-06-04 04:00:00,0.28013333333333335,0.45546779994998554,0.4555701,0.41967880663243573,0.25553333333333333,0.5050014678891593
2010-06-04 05:00:00,0.3345666666666667,0.4480443706618522,0.52113557,0.43184379777387005,0.2720333333333333,0.5184849142713168
2010-06-04 06:00:00,1.127857142857143,0.7606197556301331,0.7610007,0.7450088692191473,0.9221428571428572,0.7422818210541673
2010-06-04 07:00:00,1.2338333333333333,1.0978019578796947,1.174308,1.4348605215837391,1.2690175438596492,1.115187042408458
2010-06-04 08:00:00,1.5442142857142858,1.219187332925272,1.3197988,1.556757864928993,1.5700701754385964,1.3775233336633965
2010-06-04 09:00:00,1.4275319148936172,1.1114805769305727,1.2398554,1.3708520188272457,1.7974137931034482,1.374087778214332
2010-06-04 10:00:00,1.3137241379310345,1.0275674422617704,1.0398641,1.2523364189323707,1.5225084745762711,1.2215177008077418
2010-06-04 11:00:00,1.1489122807017544,0.9747682420415847,1.0131971,1.203355683850094,1.2296206896551725,1.1271325895255437
2010-06-04 12:00:00,0.5640677966101695,0.8419052542909456,0.952811,0.8418419632513108,0.7979,0.8394119720008719
2010-06-04 13:00:00,0.6593333333333333,0.9007069109642215,0.8392768,0.7102325607309633,0.7050545454545454,0.797915437208263
2010-06-04 14:00:00,0.973017543859649,0.9064229149823069,0.80684644,0.6565058738656547,0.93875,0.7163984925977559
2010-06-04 15:00:00,1.3631228070175438,0.8841720891447261,0.72179896,0.9741784413964253,1.3268148148148147,0.9812188708267372
2010-06-04 16:00:00,1.431298245614035,0.8600313903494612,0.7414783,0.7224032312277414,1.419857142857143,0.865250089918403
2010-06-04 17:00:00,0.8026,0.7603892859081234,0.80334187,0.6188332914012278,1.3106666666666666,0.8672141678509571
2010-06-04 18:00:00,0.4485862068965517,0.927892618760928,0.81379706,0.6856501830805786,0.8168571428571428,0.8249089577129862
2010-06-04 19:00:00,0.3259655172413793,1.059731957473923,1.1161144,0.8724413317653973,0.6323703703703705,0.9851931689678337
2010-06-04 20:00:00,0.40549999999999997,1.093860271804016,1.1098132,1.0503086380393265,0.6027666666666666,1.1117756068750368
2010-06-04 21:00:00,1.1957272727272727,1.095446838936856,0.91367096,0.9386902765776134,0.8782333333333333,0.9817562582180995
2010-06-04 22:00:00,1.0038518518518518,0.7966795603396156,0.8499701,0.961657886278154,1.3522909090909092,0.9572204127045372
2010-06-04 23:00:00,1.3208666666666666,0.7526573766438677,0.5432537,1.064038768854893,1.2086666666666668,0.8365471918714922
2010-06-05 00:00:00,1.594470588235294,0.49345985854670643,0.5975339,0.3459175744555376,0.5915,0.6561075178552138
2010-06-05 01:00:00,0.9361999999999999,0.4816150441499348,0.56713325,0.30620325129810544,0.4802,0.5716294912492725
2010-06-05 02:00:00,0.35656666666666664,0.4267216663099547,0.5144278,0.307107987505189,0.3274,0.5849970224984105
2010-06-05 03:00:00,0.26943333333333336,0.40571027584542063,0.5124184,0.3663020953332411,0.3001666666666667,0.5570030956394385
2010-06-05 04:00:00,0.3643,0.42256704984253174,0.4470821,0.5060235334909823,0.23386666666666667,0.5331546377103038
2010-06-05 05:00:00,0.31786666666666663,0.4662982926123263,0.46451172,0.48571147391855407,0.24756363636363635,0.5415547275786248
2010-06-05 06:00:00,0.6622666666666667,0.8750624445699186,0.7250454,0.49799485102637076,0.5123859649122807,0.7914767356831129
2010-06-05 07:00:00,1.5520357142857144,1.2064448590277197,1.4765109,1.1668482519659182,1.7725714285714285,1.3421360802647246
2010-06-05 08:00:00,1.4498214285714286,1.1681877472332693,1.3727009,1.430841295461948,1.3871228070175439,1.3790840402831268
2010-06-05 09:00:00,1.39625,1.052073662023811,1.1230922,1.28768230321944,1.3294333333333335,1.3039193886011928
2010-06-05 10:00:00,1.0863214285714287,1.2282018409938928,1.1376022,0.9782354407867351,2.028941176470588,1.3919280191551024
2010-06-05 11:00:00,1.3884444444444446,1.2062844834136786,1.3159268,1.4836515311022722,1.0861333333333334,1.2323728410823624
2010-06-05 12:00:00,1.9948780487804876,0.8644679755991812,1.0990784,0.7371991478493871,1.6042222222222222,1.1914485409838673
2010-06-05 13:00:00,0.9036000000000001,0.832914695459247,0.8576653,0.794856525580825,1.6304912280701755,1.1408588696555289
2010-06-05 14:00:00,1.187095238095238,0.9527373442988573,1.0094835,1.020390916846595,1.6435217391304349,1.1250174985213526
2010-06-05 15:00:00,1.0546071428571429,0.8720206393755805,1.0171205,1.1984327023406658,1.0608,1.064523343278969
2010-06-05 16:00:00,1.5049302325581395,0.8556642849742885,0.75600666,0.6099142736659156,0.8701000000000001,0.9003283038864601
2010-06-05 17:00:00,0.7667636363636363,0.8754544915829796,0.9798685,1.0013121380996297,0.5785641025641025,0.9500204335381723
2010-06-05 18:00:00,1.6069090909090908,1.2801357852810813,1.2333785,1.9798262673532865,2.764909090909091,1.142767569607994
2010-06-05 19:00:00,1.468622222222222,1.2600688200371666,1.4036962,1.9517763416990785,1.8480952380952382,1.4323483322753008
2010-06-05 20:00:00,1.2686222222222223,1.4219364036613047,1.4813565,1.6946671977671894,1.6270877192982456,1.3838402331262158
2010-06-05 21:00:00,0.542896551724138,1.6372439677580886,1.5503402,1.6407600141976308,2.221965517241379,1.4720072391785661
2010-06-05 22:00:00,1.711142857142857,1.3957809831379708,1.3703333,1.4014621633764182,2.0489,1.373320874513438
2010-06-05 23:00:00,1.88125,1.3349222266019394,1.1003662,1.012646904797935,2.0785,1.225833072314606
2010-06-06 00:00:00,1.7860833333333332,0.7726017392418683,0.69112206,0.5877874944649302,0.8431636363636364,0.6690112628333386
2010-06-06 01:00:00,0.8253636363636364,0.6674302311989341,0.5954237,0.1769609309461445,1.380271186440678,0.6320110855037137
2010-06-06 02:00:00,0.36,0.5987854712341317,0.55524766,0.39851126655591074,0.525,0.5306265661456115
2010-06-06 03:00:00,0.39666666666666667,0.5215320936233724,0.49601147,0.528011120349855,0.46496666666666664,0.4459156031221633
2010-06-06 04:00:00,0.3471228070175439,0.5431793632631863,0.47390658,0.49388671386151584,0.44920000000000004,0.46416010970307386
2010-06-06 05:00:00,0.3293333333333333,0.4951487247475284,0.48950115,0.5327934185408303,0.47576666666666667,0.5964922311725528
2010-06-06 06:00:00,0.32080000000000003,0.6507034955363632,0.60166633,0.4691756425544532,0.46590000000000004,0.6792098175633304
2010-06-06 07:00:00,0.3721052631578948,1.065019960047455,0.92195493,0.5455535508675786,0.7262666666666667,0.9558487815509065
2010-06-06 08:00:00,0.4001034482758621,1.1378333116565358,1.068393,0.9854820945636353,1.2669473684210526,1.145364440205567
2010-06-06 09:00:00,0.9580000000000001,1.2739276317038675,1.1919545,1.4413951890497196,0.6325666666666667,1.176957527942672
2010-06-06 10:00:00,0.7921,1.1933155248067548,1.2282524,1.5228043642799962,1.4167692307692308,1.344015932357739
2010-06-06 11:00:00,0.34290000000000004,1.227754037422335,1.1885555,1.5829946923816736,0.9474117647058823,1.1368552209707872
2010-06-06 12:00:00,1.2036666666666667,1.1487473168066895,1.14117,1.1611493310070058,0.8259000000000001,0.9040562055403507
2010-06-06 13:00:00,1.661063829787234,1.0602514206886406,1.1072991,1.297009991442056,0.7111228070175438,1.0770260867087522
2010-06-06 14:00:00,1.4564000000000001,1.2212123965549007,1.249451,1.3686823001180328,0.40626666666666666,1.0694416851614712
2010-06-06 15:00:00,1.4075636363636364,1.2677621516630262,1.213668,1.172478619241523,1.2988627450980392,1.1975146624515467
2010-06-06 16:00:00,2.1194117647058826,1.1215024882518845,1.0008206,1.0963362177028326,1.0025,1.1087446296951606
2010-06-06 17:00:00,2.3061860465116277,1.1386107481695924,1.316964,1.686113528076439,1.9826829268292685,1.1387467808124376
2010-06-06 18:00:00,0.5058275862068966,1.3837701402417406,1.2018825,1.0518818015271436,1.8086666666666666,1.4604202766283754
2010-06-06 19:00:00,0.40873333333333334,1.184269802791739,1.321049,0.918514294508623,1.7819166666666666,1.3120650334457782
2010-06-06 20:00:00,0.4997,1.2357474345080417,1.3427047,1.0737604159335163,1.99875,1.3326279871186302
2010-06-06 21:00:00,2.078072727272727,1.8007251511347844,1.5766393,1.316876840523974,2.2589655172413794,1.6546498341487124
2010-06-06 22:00:00,2.5436785714285715,1.097819183896212,1.2421607,1.4047207343857029,0.4955666666666667,1.2506598645432798
2010-06-06 23:00:00,0.7141818181818183,0.7078898915781486,0.738564,0.36678678673971477,0.3241,0.9640273630991701
2010-06-07 00:00:00,0.2673666666666667,0.5081345594892882,0.3989907,0.4773635337266261,0.2886666666666667,0.41778438649451266
2010-06-07 01:00:00,0.3768,0.49813868029864417,0.39874092,0.34535636071994746,0.2657,0.5199460838906684
2010-06-07 02:00:00,0.3006101694915254,0.47493160222096364,0.42943415,0.41446810160571357,0.29440000000000005,0.45027967020732373
2010-06-07 03:00:00,0.36626666666666663,0.4722583172355586,0.46197143,0.4005958591515113,0.26416666666666666,0.4799680411345888
2010-06-07 04:00:00,0.3106333333333333,0.537218391564259,0.5381927,0.37301777737760433,0.2815333333333333,0.5627082096685829
2010-06-07 05:00:00,0.28093333333333337,0.5015985678730226,0.62639105,0.5907974103638388,0.26603333333333334,0.6151660842432178
2010-06-07 06:00:00,0.7907666666666666,1.0547162111120814,0.85477424,0.925439823132101,1.2971333333333335,0.9411360551574555
2010-06-07 07:00:00,1.6802545454545454,1.2733024411998053,1.3971927,1.7401934024922023,1.7922758620689654,1.1864505009568305
2010-06-07 08:00:00,1.3689787234042552,1.2319967748170695,1.2294368,1.4262392834987947,1.4917916666666666,1.1984835763191966
2010-06-07 09:00:00,1.4628,1.1282215204258887,1.0666325,1.2276402283811354,1.3465172413793103,1.0413726192222363
2010-06-07 10:00:00,0.7837142857142857,1.0978297781579345,1.058083,1.079924066951539,1.3382333333333334,1.1966689802249624
2010-06-07 11:00:00,0.3516666666666667,0.9046219818086434,0.95905584,0.9165100245604212,1.334896551724138,0.9615839306760895
2010-06-07 12:00:00,0.4172666666666667,0.8737564429849377,0.66765547,0.4957947847772681,1.0731666666666666,0.9872443243135437
2010-06-07 13:00:00,0.4156,0.5743740716312555,0.46785656,0.15666330521912752,0.32886666666666664,0.7006895836928008
2010-06-07 14:00:00,0.29886666666666667,0.5035787606308468,0.47366512,0.34092699252800684,0.27386666666666665,0.6295295268710517
2010-06-07 15:00:00,0.34903333333333336,0.6107863600724398,0.49141958,0.3699740450650425,0.48593333333333333,0.77867427004216
2010-06-07 16:00:00,0.3284,1.0537658253134092,0.82219654,0.9877436262315962,1.585,0.9325096553429228
2010-06-07 17:00:00,0.9752142857142857,1.2776193609268827,0.9822989,0.6029311872768773,1.1943333333333332,1.1879882184092647
2010-06-07 18:00:00,0.5738983050847457,1.3362173993254647,1.2842697,1.0551598128619195,1.2065416666666666,1.4143314010213723
2010-06-07 19:00:00,0.9065000000000001,1.1852856073869618,1.1020545,0.6536153247439839,1.1222181818181818,1.1445870133540526
2010-06-07 20:00:00,1.0365084745762712,1.4260456877133654,1.39681,1.3310240178929795,0.6001333333333334,1.2755138302923776
2010-06-07 21:00:00,0.9030666666666666,1.5792211251671942,1.5928792,1.7776710822404382,1.2517333333333334,1.4824183832730362
2010-06-07 22:00:00,0.8330000000000001,0.9483073840527058,1.0393414,0.6687152512138633,1.3362105263157895,1.1963870018355025
2010-06-07 23:00:00,0.38053333333333333,0.9028803277445709,0.792506,0.600662087298701,0.5011333333333333,0.8604202694138138
2010-06-08 00:00:00,0.6259,0.49091840861279623,0.4975056,0.3600974950874364,0.30033333333333334,0.4620513309534289
2010-06-08 01:00:00,0.8077142857142857,0.4868668507803969,0.47435078,0.2239860184520357,0.3133666666666667,0.5058724066908573
2010-06-08 02:00:00,0.24730000000000002,0.3949727206718737,0.43846056,0.30805218762501874,0.25216666666666665,0.46141646948656523
2010-06-08 03:00:00,0.33536666666666665,0.44887542342329767,0.48115045,0.36043135883629884,0.31046666666666667,0.470887378522328
2010-06-08 04:00:00,0.24716363636363636,0.4252243361234246,0.47599384,0.47869737834620407,0.2316,0.5035616127489142
2010-06-08 05:00:00,0.30610526315789477,0.5089136311937595,0.49543342,0.43138873875570805,0.3000333333333333,0.5595766809876005
2010-06-08 06:00:00,0.4595087719298246,0.9611984502767114,0.93891263,0.7745220075915162,0.6143666666666667,0.7908510131934793
2010-06-08 07:00:00,1.7925090909090908,1.3051248011223566,1.5678561,1.6905463703993662,1.588103448275862,1.3130464849083734
2010-06-08 08:00:00,1.833608695652174,1.254163307502159,1.3958188,1.2272809904158828,1.6072083333333333,1.3095036159636113
2010-06-08 09:00:00,1.4366363636363637,1.122066895901442,1.0998107,1.3960756445289648,1.4607368421052633,1.179195092947826
2010-06-08 10:00:00,1.331921568627451,1.0431489179759748,1.1365086,1.1695196398415328,1.3242456140350878,1.192653277006711
2010-06-08 11:00:00,1.4518666666666666,0.9774545073291354,1.0410662,1.0612192789910717,1.3441666666666667,1.126460927934453
2010-06-08 12:00:00,1.34775,0.9129830969414888,0.95448446,0.948167707613505,1.5762181818181817,1.0334553160330073
2010-06-08 13:00:00,1.3582909090909092,0.7210039744863357,0.80918276,0.7111438185234198,1.5544399999999998,0.8740418982536734
2010-06-08 14:00:00,0.3217666666666667,0.7391108907569469,0.72009546,0.7503289520190967,1.445366666666667,0.82638887875694
2010-06-08 15:00:00,0.4450333333333333,0.6861093734871129,0.6994594,0.5579877237185968,1.4509122807017543,0.8828482844213807
2010-06-08 16:00:00,0.5609333333333333,0.9509214302048603,0.89946574,0.409521349962239,0.9093333333333332,0.9171972865254013
2010-06-08 17:00:00,0.6243666666666667,0.6963273036979167,0.8221971,0.3761805938909967,0.3416,0.7950397978058967
2010-06-08 18:00:00,0.5563396226415095,0.683330195696146,0.8243432,0.3869656699421231,0.35233333333333333,0.7781735136147944
2010-06-08 19:00:00,1.06868085106383,0.8923096718114862,1.148299,0.8492523048611684,0.3855,0.8792137296674745
2010-06-08 20:00:00,0.9397818181818183,1.2997500768517731,1.3638648,1.3460077339231282,0.5894999999999999,1.0812594318511246
2010-06-08 21:00:00,1.4155000000000002,1.500498428452908,1.4841671,1.5572573951056525,0.5218333333333333,1.225550302846724
2010-06-08 22:00:00,0.5681999999999999,1.0089054554693953,1.0504552,0.7547261372663192,0.6503,0.9806253023856245
2010-06-08 23:00:00,0.6551666666666667,0.7668416767310302,0.70853734,0.40878506392305314,0.6416333333333333,0.8563748827570999
2010-06-09 00:00:00,0.3537666666666667,0.5734867872545583,0.5709206,0.37577256807448345,0.3203,0.5225151498836744
2010-06-09 01:00:00,0.3338181818181818,0.5510066075167948,0.527468,0.6889425640923146,0.7598,0.6357821746438536
2010-06-09 02:00:00,0.26053333333333334,0.5486758942174967,0.54597795,0.4531537328348466,1.1001666666666667,0.6861904807149442
2010-06-09 03:00:00,0.3733333333333333,0.538175073428756,0.50952214,0.3052926112185508,0.2494333333333333,0.5278957355945226
2010-06-09 04:00:00,0.32016666666666665,0.5028297212873624,0.5138842,0.3163462680936331,0.28026666666666666,0.4688024798650836
2010-06-09 05:00:00,0.3842666666666667,0.4621046082336916,0.48085016,0.3156856125793047,0.2608,0.4777098582184589
2010-06-09 06:00:00,0.8445517241379311,0.9708107666224798,0.87093973,0.5871304036638328,0.5349285714285714,0.7360341964789374
2010-06-09 07:00:00,1.9118867924528302,1.2133503654761142,1.3059582,1.484468810764247,1.7268620689655172,1.2997643223410131
2010-06-09 08:00:00,1.3556333333333332,1.277884594494914,1.2522721,1.3493607177172482,1.3471333333333333,1.301404313725222
2010-06-09 09:00:00,1.3583571428571428,1.1658340318215603,1.2796673,1.0833148227559275,1.3210508474576272,1.253510958068669
2010-06-09 10:00:00,1.3948163265306124,1.2130333408328813,1.1553016,1.080349721030422,1.137,1.1625544512440065
2010-06-09 11:00:00,1.2433888888888889,1.2155281313180193,1.1559943,1.0631273882512373,0.7223333333333334,1.0162038864840095
2010-06-09 12:00:00,0.5093333333333333,1.002457345084058,0.9196649,0.7448790848127502,0.4135666666666667,0.8243555086810967
2010-06-09 13:00:00,1.6450500000000001,1.0628698786558715,0.88867337,0.7910961499377702,0.4407,0.7897368587190736
2010-06-09 14:00:00,0.8645333333333334,1.0071016276622413,0.8592023,0.8492069766784416,0.27143333333333336,0.7163211480502227
2010-06-09 15:00:00,0.9499655172413793,0.9085385018369994,0.89880383,0.8790755404709354,1.0192982456140351,0.8761961245742887
2010-06-09 16:00:00,0.3622333333333333,0.945144004228985,0.7626588,0.7872153337962313,0.30226666666666663,0.8416078067260655
2010-06-09 17:00:00,1.4379666666666668,0.9358769559752987,0.702617,0.64881378543834,0.28379310344827585,0.7283829475632678
2010-06-09 18:00:00,1.5563333333333333,0.9348096308282358,0.81561005,0.8507598618989335,0.2800333333333333,0.7880837294261231
2010-06-09 19:00:00,0.9773207547169812,1.1492592642234642,1.2488474,1.3497560507982331,0.3494333333333334,1.0343187021687403
2010-06-09 20:00:00,1.6009615384615385,1.117675904473963,1.1392207,1.1353173151205964,0.894135593220339,1.1045631369710465
2010-06-09 21:00:00,1.0862448979591837,1.0262664567883824,1.1601864,1.1579917695205417,1.19340350877193,1.111513397745702
2010-06-09 22:00:00,1.1477666666666666,1.1044707808829093,1.0170612,1.1412899763049513,0.5892631578947368,0.9848953957287461
2010-06-09 23:00:00,0.6646666666666667,0.8970579725525079,0.6966965,0.37191027140162314,0.2618,0.721190956377137
2010-06-10 00:00:00,0.40426666666666666,0.4914440325745144,0.52422553,0.2670551354700238,0.44749090909090905,0.4913032407084439
2010-06-10 01:00:00,0.32686666666666664,0.49146936096510196,0.48970556,0.31614574420959896,0.2558666666666667,0.5187009519522634
2010-06-10 02:00:00,0.31736666666666663,0.46332585723707437,0.52086854,0.42306320391784824,0.2796206896551724,0.5718728582863627
2010-06-10 03:00:00,0.3237333333333333,0.47532190702631033,0.45133644,0.545229744577155,1.0056333333333334,0.6958864574593491
2010-06-10 04:00:00,0.7180714285714286,0.5016985712701698,0.43707025,0.2573359051843126,0.21769999999999998,0.5796926380106509
2010-06-10 05:00:00,0.6707586206896552,0.44573618230688444,0.46835583,0.2668862095426896,0.3088666666666667,0.5412032708856055
2010-06-10 06:00:00,0.536551724137931,0.9474578593322862,0.66370153,0.49920819288357476,0.7489090909090909,0.7240619835020863
2010-06-10 07:00:00,1.3768571428571428,1.26172221840933,1.3532064,1.463502770516486,1.6653928571428571,1.2595981303907025
2010-06-10 08:00:00,1.7676842105263157,1.191410025653001,1.2373401,1.391107571067766,1.790888888888889,1.3640538261719821
2010-06-10 09:00:00,1.3141785714285714,1.1401673716422107,1.1559947,1.4501834107236922,1.4255416666666667,1.2288739212618622
2010-06-10 10:00:00,1.425781818181818,1.0978710296504688,1.1026081,1.0169995630035202,1.3545862068965517,1.1659474554195974
2010-06-10 11:00:00,1.353607142857143,0.9216175892691852,0.9875534,0.7984588382668619,1.3196610169491525,1.0934296776366594
2010-06-10 12:00:00,1.394,0.8534353991713028,0.8619662,0.8038439621022678,1.4862173913043477,1.1318470748968656
2010-06-10 13:00:00,1.1014333333333333,1.4445403744451069,1.1332775,1.519330135749777,2.12136,1.183274175279338
2010-06-10 14:00:00,0.3748333333333333,0.8331446376910465,0.7100915,1.1713842252270334,1.3756333333333333,0.9436767078918438
2010-06-10 15:00:00,0.32436666666666664,0.7690218524734889,0.88464093,0.9262310264122536,1.3253333333333333,1.0103642030633504
2010-06-10 16:00:00,0.3107037037037037,0.6357573715020051,0.52155733,0.706342431825933,0.29583333333333334,0.6214819211875002
2010-06-10 17:00:00,0.4402333333333333,0.5648226206577107,0.59551406,0.2864282094978675,0.30856666666666666,0.563431699242753
2010-06-10 18:00:00,0.6838666666666666,0.5494042372410582,0.6335794,0.2023350223949778,0.39896666666666664,0.622992570031268
2010-06-10 19:00:00,0.9139615384615384,0.9927148555126649,0.95238256,1.3444428805251758,1.2313898305084745,0.7468954311564957
2010-06-10 20:00:00,1.6790714285714288,1.2508281373414283,1.22556,1.2391993999639124,0.39553333333333335,1.0101415809922865
2010-06-10 21:00:00,1.0708666666666666,1.1605117696946206,1.1543002,1.1206093320551893,0.6004,1.0222073513539318
2010-06-10 22:00:00,0.5249333333333334,0.950684930170872,0.99071914,0.7470139674654521,0.5696610169491525,0.9364993812862255
2010-06-10 23:00:00,0.2604,0.6577985726303587,0.69237864,0.566453814980221,0.3484,0.7875141157962741
2010-06-11 00:00:00,0.3402,0.46071668600011484,0.51554626,0.403833578404761,0.2752758620689655,0.5181176567337458
2010-06-11 01:00:00,0.3791,0.6539321510899906,0.49348447,0.6522187058555025,1.3106071428571429,0.7471532787584608
2010-06-11 02:00:00,0.3162333333333333,0.5873279037591679,0.4787277,0.5112213543386556,0.3077333333333333,0.6288203249135595
2010-06-11 03:00:00,0.3017,0.5741418037298206,0.48291183,0.6569610162691556,0.25643333333333335,0.5797541212974638
2010-06-11 04:00:00,0.33203333333333335,0.48750815800345626,0.40578026,0.41702287890580214,0.28013333333333335,0.4911381446533303
2010-06-11 05:00:00,0.2518666666666667,0.5481625470971696,0.4814328,0.34849713793598125,0.3345666666666667,0.5278248927789444
2010-06-11 06:00:00,1.4993962264150944,0.8747134564421236,0.7968365,0.8427018095791028,1.127857142857143,0.8750010180190084
2010-06-11 07:00:00,1.4881739130434783,1.1790686238669401,1.1973033,1.1563738675658082,1.2338333333333333,1.2031160655808655
2010-06-11 08:00:00,1.77,1.1702205810766204,1.2336428,1.4282923289435425,1.5442142857142858,1.324315702724683
2010-06-11 09:00:00,1.5503018867924527,1.1241684524099422,1.2001667,1.1453486575536527,1.4275319148936172,1.2739227772242607
2010-06-11 10:00:00,1.3800000000000001,1.0278822595364157,1.1119224,1.1619042447705294,1.3137241379310345,1.160556646986815
2010-06-11 11:00:00,1.3616428571428572,1.0491241078741271,1.0341897,1.1023196916358287,1.1489122807017544,1.0409129735023852
2010-06-11 12:00:00,1.5735833333333333,0.9757865624099687,0.96775156,0.6729579406006259,0.5640677966101695,0.844753850939971
2010-06-11 13:00:00,1.0133333333333334,1.1308613361059257,1.031378,1.125795807980496,0.6593333333333333,0.9226336449150387
2010-06-11 14:00:00,0.3002916666666667,1.1495299066048712,1.1335272,1.1711223518470497,0.973017543859649,0.9435300964909552
2010-06-11 15:00:00,1.0055333333333334,1.1950003638670932,1.060817,1.156220277122571,1.3631228070175438,1.1634683350511514
2010-06-11 16:00:00,1.0307142857142857,1.1639230355098575,1.0481876,1.0759594204201528,1.431298245614035,1.0362244895768944
2010-06-11 17:00:00,0.5202333333333333,1.0483275056557912,0.88941157,1.1315898925277033,0.8026,0.9033937420293394
2010-06-11 18:00:00,0.3584705882352941,0.9293253937417287,0.8239374,0.5977487793757895,0.4485862068965517,0.7619728217731985
2010-06-11 19:00:00,1.7065769230769232,0.9198038711558487,0.9920733,0.7135882343741065,0.3259655172413793,0.7909811208042186
2010-06-11 20:00:00,0.5070181818181818,0.8154783640192466,0.8481496,0.6045641812055997,0.40549999999999997,0.729454475301186
2010-06-11 21:00:00,1.083709090909091,1.1339790629662019,1.1923251,1.2294397343097963,1.1957272727272727,1.0423957894874847
2010-06-11 22:00:00,1.0495636363636363,0.9973145983491487,1.0429744,0.8801709266224185,1.0038518518518518,1.0714575869651273
2010-06-11 23:00:00,1.1418,1.0442646463071847,0.7517529,0.3662359164845419,1.3208666666666666,1.0774782041106776
2010-06-12 00:00:00,0.9745333333333334,0.6835064734816895,0.5958981,0.5752527493503886,1.594470588235294,0.8556458924984349
2010-06-12 01:00:00,0.4235666666666667,0.5312086053091891,0.58720034,0.7652746470971765,0.9361999999999999,0.7224489486231976
2010-06-12 02:00:00,0.7213928571428571,0.47415666985468247,0.5081699,0.5212778365719525,0.35656666666666664,0.5230277217614765
2010-06-12 03:00:00,0.26871428571428574,0.4499018014185179,0.4474648,0.45061037633501944,0.26943333333333336,0.48952416799647114
2010-06-12 04:00:00,0.2816,0.5074734753612775,0.4635725,0.43036422122491746,0.3643,0.4819290636774308
2010-06-12 05:00:00,0.2851578947368421,0.5005565318467156,0.46056476,0.42314394267167277,0.31786666666666663,0.48526901660279664
2010-06-12 06:00:00,0.531157894736842,0.9430322897266012,0.6962507,0.48492210773173405,0.6622666666666667,0.7595862281348846
2010-06-12 07:00:00,1.6369454545454545,1.1722310290421267,1.1423088,0.4897956849507833,1.5520357142857144,1.2902427287520803
2010-06-12 08:00:00,1.5818867924528301,1.1733878967804052,1.1651386,1.1210334596578142,1.4498214285714286,1.327798100603972
2010-06-12 09:00:00,1.3865,1.1388975062745255,1.1512594,1.2631654325735568,1.39625,1.2630188219839482
2010-06-12 10:00:00,1.2757407407407408,1.2583236575184333,1.1835839,1.141288558845237,1.0863214285714287,1.241772658768865
2010-06-12 11:00:00,0.72556,1.061169854043002,1.1433895,1.4287093086609826,1.3884444444444446,1.0361014609362451
2010-06-12 12:00:00,1.6036666666666666,1.2113196018630534,1.2227664,1.5541709032412767,1.9948780487804876,1.288733076764427
2010-06-12 13:00:00,1.5972982456140352,1.1636773000633127,0.92325383,0.9387452660547607,0.9036000000000001,1.075412759446919
2010-06-12 14:00:00,0.9200869565217391,1.0371172777064763,0.959888,1.18655910335079,1.187095238095238,1.0358457102207217
2010-06-12 15:00:00,1.4918888888888888,1.0159766907564434,1.1563865,0.5937530378212723,1.0546071428571429,0.9915682504037573
2010-06-12 16:00:00,1.5781111111111112,1.0007363911686986,1.2092192,1.4945874422806678,1.5049302325581395,0.9779532552708631
2010-06-12 17:00:00,1.576730769230769,1.0790203843988195,1.1880318,1.1146273683307597,0.7667636363636363,0.8631238206192919
2010-06-12 18:00:00,1.5218461538461538,1.259398464790082,1.2760868,1.0829896179130394,1.6069090909090908,1.2938228509904937
2010-06-12 19:00:00,2.3822439024390243,1.1941447773961757,1.2891532,1.4296885377316675,1.468622222222222,1.2330685765702283
2010-06-12 20:00:00,1.6038846153846154,1.0668621166037966,1.1840333,1.5475282803072152,1.2686222222222223,1.0623129246463074
2010-06-12 21:00:00,1.817719298245614,1.20526311938535,1.3947603,1.420403949855645,0.542896551724138,1.1274169377352916
2010-06-12 22:00:00,2.304109090909091,1.1908614935429493,0.83193296,1.3704323058245507,1.711142857142857,1.2217262702981373
2010-06-12 23:00:00,1.8992972972972972,1.1147930148086134,1.0546235,1.3106041784418088,1.88125,1.158773172662239
2010-06-13 00:00:00,1.1199298245614036,0.9267764100277749,0.8021512,0.8518980995661969,1.7860833333333332,0.7593078614966333
2010-06-13 01:00:00,0.3083666666666666,0.8161523739204438,0.5478722,0.6950311451218727,0.8253636363636364,0.8155017023597885
2010-06-13 02:00:00,0.6055333333333334,0.6844626044879591,0.70489055,0.675009197802745,0.36,0.4849086964666267
2010-06-13 03:00:00,0.48736666666666667,0.7022989099525364,0.7320245,0.41387968829699584,0.39666666666666667,0.46782950771037646
2010-06-13 04:00:00,0.8913,0.5159269737750498,0.5670595,0.2426522454111416,0.3471228070175439,0.4562631828786332
2010-06-13 05:00:00,0.27240000000000003,0.5824681256164793,0.6346969,0.28094143788608583,0.3293333333333333,0.46649974220242785
2010-06-13 06:00:00,0.31484745762711863,0.7943152914427333,0.55683506,0.30150183179365453,0.32080000000000003,0.5998649932850781
2010-06-13 07:00:00,0.5006181818181819,0.7352725489506616,0.7201605,0.2602442258394666,0.3721052631578948,0.8626372961634386
2010-06-13 08:00:00,0.4347333333333333,0.7611441270657978,0.8703018,0.6554406331069995,0.4001034482758621,0.9902560498267475
2010-06-13 09:00:00,0.5858666666666666,0.9346466998321113,0.9091506,0.515346238880515,0.9580000000000001,0.9948790747233927
2010-06-13 10:00:00,2.1976470588235295,1.0935429933518785,0.90414685,1.114318216764059,0.7921,0.9998073704545517
2010-06-13 11:00:00,2.2880625,0.9905747921503075,0.99022245,1.2425875265661777,0.34290000000000004,0.9606427691398811
2010-06-13 12:00:00,0.9584912280701754,1.084556719183662,1.1400493,1.151023349926325,1.2036666666666667,1.107287476453182
2010-06-13 13:00:00,1.8347916666666668,0.9278431847304234,1.0522522,0.9344463087529922,1.661063829787234,1.0835459277101662
2010-06-13 14:00:00,1.69088,1.0251582305451559,1.067922,0.9024638095659867,1.4564000000000001,1.1078254637436287
2010-06-13 15:00:00,0.52675,0.8771067235340017,1.0278447,0.8802822782834148,1.4075636363636364,1.1934854574034706
2010-06-13 16:00:00,0.42433333333333334,1.3573434988088664,1.1609704,1.1886264042007468,2.1194117647058826,1.2270303572622496
2010-06-13 17:00:00,0.7444905660377358,1.566144440689047,1.6686871,1.3586592238411235,2.3061860465116277,1.2867840719976384
2010-06-13 18:00:00,1.0615999999999999,1.2061298692906355,1.4050099,1.4249232154524547,0.5058275862068966,1.130180357792422
2010-06-13 19:00:00,1.9976551724137932,1.0507454564485343,1.2537191,0.39125875861644865,0.40873333333333334,0.9713603589489312
2010-06-13 20:00:00,1.135142857142857,1.1168709893188735,1.2637287,0.9860078337403747,0.4997,1.0115882699276002
2010-06-13 21:00:00,2.16284,1.5762966050759004,1.5136747,1.0873003370201983,2.078072727272727,1.4536875264455569
2010-06-13 22:00:00,1.6218305084745763,1.5733321627699846,1.4528309,1.7866777748139429,2.5436785714285715,1.5213178953504332
2010-06-13 23:00:00,0.5846666666666667,0.875982535891607,0.8735049,1.0808679250366497,0.7141818181818183,1.123732960552001
2010-06-14 00:00:00,0.6394666666666667,0.6898009424579254,0.56051433,0.41654209268961906,0.2673666666666667,0.611731031961781
2010-06-14 01:00:00,0.34706666666666663,0.6474598830049269,0.44855443,0.7335420555492044,0.3768,0.5002297217725069
2010-06-14 02:00:00,0.8115272727272728,0.5227559779306157,0.49287274,0.4809340593598481,0.3006101694915254,0.41037642960464216
2010-06-14 03:00:00,0.3326333333333333,0.5413012980581701,0.48821443,0.30286320203453143,0.36626666666666663,0.41320096367022907
2010-06-14 04:00:00,0.3246,0.5517758877779987,0.5446246,0.39786650030143766,0.3106333333333333,0.45376810992385286
2010-06-14 05:00:00,0.2909333333333333,0.586949441528902,0.54482484,0.5872767400440739,0.28093333333333337,0.541422565052632
2010-06-14 06:00:00,0.5678620689655173,0.859570818763788,0.77749765,0.5892806565370043,0.7907666666666666,0.8279771413187742
2010-06-14 07:00:00,1.4722592592592592,1.2727440638914929,1.4346496,1.2779032898093619,1.6802545454545454,1.17701568400343
2010-06-14 08:00:00,1.3824897959183675,1.1995404865182353,1.1731287,1.165340370600512,1.3689787234042552,1.1071303847891032
2010-06-14 09:00:00,1.3639642857142857,1.0699372077266966,1.1231904,1.3180322615611875,1.4628,1.1148313875972644
2010-06-14 10:00:00,1.3433928571428573,1.0455105747016746,1.0277013,1.0534110889166581,0.7837142857142857,0.9126333157782904
2010-06-14 11:00:00,1.3370175438596492,0.8729151432055323,0.83925426,0.8087575126046067,0.3516666666666667,0.7334014884379458
2010-06-14 12:00:00,1.6931636363636362,0.7845708261880229,0.84146446,0.9352537341840039,0.4172666666666667,0.8034643023243122
2010-06-14 13:00:00,1.0217857142857143,0.5377806277861819,0.5362778,0.360500020538324,0.4156,0.7162775279759139
2010-06-14 14:00:00,0.3730508474576271,0.512074387289673,0.4974791,0.29156398683377205,0.29886666666666667,0.7088634310993442
2010-06-14 15:00:00,0.2660344827586207,0.5723723802030373,0.5055191,0.29383449329931266,0.34903333333333336,0.7999633905004716
2010-06-14 16:00:00,0.3348333333333333,0.9289092978657562,0.89560175,0.9675421402592225,0.3284,1.092633167891368
2010-06-14 17:00:00,0.24786666666666665,0.9843260133873621,0.7308762,0.9623900798179372,0.9752142857142857,1.1856309164658385
2010-06-14 18:00:00,0.3527017543859649,0.8216598865648973,0.7642637,0.8011788849914014,0.5738983050847457,0.9342911402080577
2010-06-14 19:00:00,0.5687272727272727,0.9109496209256035,0.8676078,0.9224835391291265,0.9065000000000001,0.9629076024198798
2010-06-14 20:00:00,1.3278490566037737,0.9073642096264678,1.0431926,0.9248069609123317,1.0365084745762712,0.9527248295044102
2010-06-14 21:00:00,1.3693928571428573,1.048759685944024,1.182759,1.298091641915973,0.9030666666666666,1.2393359254692289
2010-06-14 22:00:00,0.8282,1.0148964801025704,0.9655053,1.0925554832594138,0.8330000000000001,1.3257997749038708
2010-06-14 23:00:00,0.6212333333333333,0.7625787344397371,0.55439705,0.16615673469745984,0.38053333333333333,0.8550193062773084
2010-06-15 00:00:00,0.3430714285714286,0.5314429513980035,0.54394454,0.049021721263960316,0.6259,0.5825096300143091
2010-06-15 01:00:00,0.2860333333333333,0.44346429741839244,0.47446012,0.0823901606665578,0.8077142857142857,0.5674399286552652
2010-06-15 02:00:00,0.29613333333333336,0.48490635735241455,0.42507526,0.19079016743196153,0.24730000000000002,0.41664411137676227
2010-06-15 03:00:00,0.2891333333333333,0.41949928742439346,0.454107,0.29281714431671413,0.33536666666666665,0.45693413055853205
2010-06-15 04:00:00,0.6684285714285715,0.4344286493992179,0.4103799,0.3469687726386208,0.24716363636363636,0.4375161810077117
2010-06-15 05:00:00,0.6535666666666666,0.4871240828558862,0.51074404,0.46279344885158247,0.30610526315789477,0.5013601642706531
2010-06-15 06:00:00,0.5799322033898305,0.7448703077816354,0.6263899,0.5213280053019098,0.4595087719298246,0.6433171147473477
2010-06-15 07:00:00,0.7136071428571429,1.2313449961321816,1.3441608,1.400886038899742,1.7925090909090908,1.2363081050471962
2010-06-15 08:00:00,1.3307333333333333,1.2509749835559194,1.2223439,1.365342386972227,1.833608695652174,1.2880572535986956
2010-06-15 09:00:00,1.262304347826087,1.2374746509588723,1.1160773,1.1752961899359244,1.4366363636363637,1.2002801719126563
2010-06-15 10:00:00,0.7311724137931035,0.9324862409189397,1.0002413,0.8647371207972885,1.331921568627451,1.0742734596037895
2010-06-15 11:00:00,1.1288235294117648,0.918642233086332,0.9054287,0.8865641080426035,1.4518666666666666,0.9917791176196399
2010-06-15 12:00:00,1.1617966101694917,0.7834541184805928,0.95703185,0.8941732230280653,1.34775,1.0253216077780252
2010-06-15 13:00:00,1.4671636363636364,0.6902403678631521,0.7327876,0.8237465164412503,1.3582909090909092,1.0350989958304935
2010-06-15 14:00:00,1.3462857142857143,0.8517071674744525,0.78993976,0.38498927619929524,0.3217666666666667,0.7902530064702715
2010-06-15 15:00:00,0.6715333333333333,0.8146413848698556,0.7808083,0.6470014499652479,0.4450333333333333,0.7532230045647744
2010-06-15 16:00:00,0.2944333333333333,0.8821509534208368,0.82915217,0.6183457191946434,0.5609333333333333,0.7783864188721372
2010-06-15 17:00:00,0.2795185185185185,0.7203687868086129,0.83903444,0.5397851997663057,0.6243666666666667,0.8400671347662552
2010-06-15 18:00:00,0.30673333333333336,0.6679841679743241,0.68669087,0.3928073862641144,0.5563396226415095,0.6578394742861522
2010-06-15 19:00:00,0.5753333333333334,0.8377119206630391,0.76678246,0.5334084858667774,1.06868085106383,0.8081899528602606
2010-06-15 20:00:00,1.6182666666666667,0.8975932822969144,1.0692093,0.665544841891772,0.9397818181818183,0.937082134811021
2010-06-15 21:00:00,1.2554333333333334,1.0266742406832456,1.2537766,0.9256408705301326,1.4155000000000002,1.1620248878584292
2010-06-15 22:00:00,1.2173103448275862,1.03888726499388,1.1707205,0.8773974321081925,0.5681999999999999,1.0391226076012359
2010-06-15 23:00:00,0.9282333333333334,0.8421679600297226,0.7266636,0.30413706233690063,0.6551666666666667,0.8294791420466863
2010-06-16 00:00:00,0.9155333333333334,0.507686367783705,0.5473385,0.40523006909124204,0.3537666666666667,0.49419542000619343
2010-06-16 01:00:00,0.8949666666666667,0.43987388739245525,0.5180818,0.46261502457012715,0.3338181818181818,0.5730971583607474
2010-06-16 02:00:00,1.3116333333333334,0.3971651600586542,0.41941062,0.19349495775653835,0.26053333333333334,0.5130449774185264
2010-06-16 03:00:00,0.7597894736842106,0.45931436483783344,0.47299016,0.37852061533385795,0.3733333333333333,0.46629262044280684
2010-06-16 04:00:00,0.7678666666666667,0.5463179816924263,0.5202151,0.33518866539667846,0.32016666666666665,0.48417763281005743
2010-06-16 05:00:00,0.7974,0.570279542001555,0.5322099,0.37931473918037895,0.3842666666666667,0.5222853108233256
2010-06-16 06:00:00,0.7928333333333334,0.8489260594789332,0.72896385,0.5758594745826526,0.8445517241379311,0.7143276276615169
2010-06-16 07:00:00,0.7041333333333333,1.334416405324423,1.4294668,1.8598341315878797,1.9118867924528302,1.433069630089897
2010-06-16 08:00:00,1.5376326530612243,1.263191381967531,1.2158616,1.4068139789350522,1.3556333333333332,1.2541171220728466
2010-06-16 09:00:00,1.493422222222222,1.0983276713240526,1.1010969,1.1033740941596268,1.3583571428571428,1.1698812826950789
2010-06-16 10:00:00,1.4868928571428572,0.9745024794581367,0.9824123,1.0852799536297961,1.3948163265306124,1.0089019951213662
2010-06-16 11:00:00,1.363,0.9859542154886478,1.0355226,0.7855662313004736,1.2433888888888889,0.8250176944606824
2010-06-16 12:00:00,1.4195333333333333,0.8097463251282432,0.7892765,0.5349938431834182,0.5093333333333333,0.7090347809042363
2010-06-16 13:00:00,1.4157254901960783,0.8627794762461559,0.77462476,0.8429088036277832,1.6450500000000001,0.7679179019146549
2010-06-16 14:00:00,0.8742,0.7916333881973627,0.7633257,0.41711256149308995,0.8645333333333334,0.6449351169406137
2010-06-16 15:00:00,1.0558039215686275,0.8630780030186296,0.71038944,0.6189640969640573,0.9499655172413793,0.6668320437719819
2010-06-16 16:00:00,1.4576610169491524,0.7240596099214948,0.6483236,0.4067057950639944,0.3622333333333333,0.5661284922064869
2010-06-16 17:00:00,1.3177333333333332,0.8166184635025345,0.58980465,0.6423437600007631,1.4379666666666668,0.7775790677566181
2010-06-16 18:00:00,1.3527333333333333,0.7990750217108004,0.6404554,0.5690101278116059,1.5563333333333333,0.8351556127093591
2010-06-16 19:00:00,0.34276666666666666,1.0111583138903497,1.1299545,0.8930132382430879,0.9773207547169812,0.9328899540773846
2010-06-16 20:00:00,0.8029473684210526,0.9645125462368123,1.0503383,0.8502065426755712,1.6009615384615385,1.1004846452568973
2010-06-16 21:00:00,1.787695652173913,1.0140042482367821,1.1522163,1.0440233821679572,1.0862448979591837,1.1229896814113278
2010-06-16 22:00:00,1.4409387755102039,0.9090230151802378,0.85996974,0.2240244141760127,1.1477666666666666,0.9549881176452985
2010-06-16 23:00:00,0.7980350877192982,0.6568077812074544,0.6308546,0.18045789965535097,0.6646666666666667,0.7272675727696751
2010-06-17 00:00:00,0.33641379310344827,0.47551679211629994,0.4562147,0.36471414628138843,0.40426666666666666,0.4292198377080355
2010-06-17 01:00:00,0.362,0.4986682379904307,0.46828842,0.29702958807814117,0.32686666666666664,0.4130957310261645
2010-06-17 02:00:00,0.3459333333333333,0.4545118965437976,0.42945215,0.3536262559436072,0.31736666666666663,0.34703455951253304
2010-06-17 03:00:00,0.2851666666666667,0.40863768633613234,0.47285867,0.18606847305870255,0.3237333333333333,0.5110163882133698
2010-06-17 04:00:00,0.3514666666666667,0.5538203551821812,0.4813129,0.3659533945279909,0.7180714285714286,0.5021993371570177
2010-06-17 05:00:00,0.33266666666666667,0.6275018854376717,0.5666441,0.4292934951046208,0.6707586206896552,0.5834534194174403
2010-06-17 06:00:00,1.4129,0.8293855584242894,0.88145494,0.7049477745199804,0.536551724137931,0.7162995796785776
2010-06-17 07:00:00,0.8750333333333333,1.230482473287261,1.335567,1.6484365028040897,1.3768571428571428,1.254993865620198
2010-06-17 08:00:00,0.8910666666666667,1.1335603208910583,1.2811135,1.5428445450345796,1.7676842105263157,1.364919334942183
2010-06-17 09:00:00,0.30073333333333335,1.0690316562996842,1.1422187,1.240752800070511,1.3141785714285714,1.1597089753472891
2010-06-17 10:00:00,0.8336271186440678,0.8615506523160668,0.9928673,1.0911104053812484,1.425781818181818,1.1085035586499914
2010-06-17 11:00:00,1.4209655172413793,0.8372065814107159,0.9779066,1.0020215905787375,1.353607142857143,1.0636508448195332
2010-06-17 12:00:00,1.3661052631578947,0.7417082658342521,0.92148644,0.7042152535495197,1.394,0.985223394094822
2010-06-17 13:00:00,1.5876296296296297,1.0623555457582783,0.897402,0.9183487397286885,1.1014333333333333,1.1227549318877585
2010-06-17 14:00:00,0.6107666666666667,0.8029358388017678,0.6862034,0.7957890399786567,0.3748333333333333,0.7078591387114339
2010-06-17 15:00:00,0.34976666666666667,0.8603065566563766,0.73022443,0.6420930210586244,0.32436666666666664,0.6747247817016784
2010-06-17 16:00:00,0.31189999999999996,0.6640676291986868,0.6220863,0.36026186564834806,0.3107037037037037,0.5122435010887998
2010-06-17 17:00:00,0.28476666666666667,0.7043055280797519,0.7534915,0.5113825003601085,0.4402333333333333,0.6980482274438753
2010-06-17 18:00:00,0.3186333333333333,0.8534768178280782,0.8065461,0.8031917346082011,0.6838666666666666,0.8535887422663263
2010-06-17 19:00:00,0.2846206896551724,1.014944044009307,0.9995719,1.197645862666822,0.9139615384615384,1.0800767342537951
2010-06-17 20:00:00,1.7297454545454545,1.0337073885079977,1.0948113,1.0693190592157293,1.6790714285714288,1.1836015249041512
2010-06-17 21:00:00,0.8603333333333333,1.0661732193953026,1.1431719,1.2514431481551975,1.0708666666666666,1.110259745235551
2010-06-17 22:00:00,0.7944666666666667,0.8936655415783856,0.83751285,0.6490732244172119,0.5249333333333334,0.8728464736775726
2010-06-17 23:00:00,0.6769666666666667,0.7896987763928257,0.683171,0.4017361973237006,0.2604,0.6842309076102404
2010-06-18 00:00:00,0.6195357142857143,0.49694421742408984,0.52661556,0.4805501011407963,0.3402,0.4485297543351938
2010-06-18 01:00:00,0.7263333333333333,0.5058287084968214,0.4740983,0.3352774429414096,0.3791,0.5764665891636627
2010-06-18 02:00:00,0.2578,0.5170255995036728,0.46014467,0.3559762659256439,0.3162333333333333,0.4075341506572181
2010-06-18 03:00:00,0.27089285714285716,0.4187933636030899,0.48806545,0.3216872579879032,0.3017,0.4376235240033881
2010-06-18 04:00:00,0.24230000000000002,0.5412141867184771,0.50897366,0.3475049748703054,0.33203333333333335,0.5421567379279724
2010-06-18 05:00:00,0.3099,0.5394932462518082,0.49213225,0.37229284341935476,0.2518666666666667,0.5440839054856765
2010-06-18 06:00:00,0.5015087719298246,0.8838024723262758,0.7542571,0.876134331873098,1.4993962264150944,0.9610623209351157
2010-06-18 07:00:00,1.2200338983050847,1.0398926120475547,1.1505165,1.382399050880113,1.4881739130434783,1.2049611291153648
2010-06-18 08:00:00,1.513659574468085,1.0795142084851304,1.016251,1.251452708234293,1.77,1.347105201889626
2010-06-18 09:00:00,1.5392363636363637,0.9897240111709309,1.0833077,1.434356274763983,1.5503018867924527,1.1932195951610804
2010-06-18 10:00:00,1.3875217391304349,1.036375072446299,1.0589052,1.1377238648248584,1.3800000000000001,1.1010429469868728
2010-06-18 11:00:00,1.556296296296296,0.8184122995741858,0.993576,0.9740692117990692,1.3616428571428572,1.0571395498346365
2010-06-18 12:00:00,1.4279000000000002,0.8060884040957729,0.7672951,0.5893367676378123,1.5735833333333333,0.9861386546255222
2010-06-18 13:00:00,1.3808461538461538,0.8285785776458361,0.9012399,0.16971317787952678,1.0133333333333334,0.8070207245000054
2010-06-18 14:00:00,0.5870243902439025,0.6997412553616319,0.62449306,0.39268489339184975,0.3002916666666667,0.6635663038093957
2010-06-18 15:00:00,0.27303333333333335,0.8794673234179646,0.8191827,0.6258603424381857,1.0055333333333334,0.8194397540674045
2010-06-18 16:00:00,0.45233333333333337,0.9367573508689979,0.7828686,0.9082102150220699,1.0307142857142857,0.8755516610997229
2010-06-18 17:00:00,0.931859649122807,0.7971109274965749,0.76222914,0.6174101820737384,0.5202333333333333,0.7796638662253709
2010-06-18 18:00:00,0.4953666666666666,0.7723896290507164,0.7631636,0.6414544445946542,0.3584705882352941,0.7172543824036874
2010-06-18 19:00:00,0.6166779661016949,0.9647402261666039,0.9514754,0.8806305011629426,1.7065769230769232,0.8052797552183513
2010-06-18 20:00:00,1.6744285714285714,1.0617470874030237,1.009032,1.020753392606366,0.5070181818181818,1.0367157778605116
2010-06-18 21:00:00,1.0089,1.0578288839722803,1.1155151,1.0897247098678564,1.083709090909091,1.085135872182746
2010-06-18 22:00:00,0.9618,0.9158711921446197,0.8833688,0.6546219038429617,1.0495636363636363,0.9563771579627196
2010-06-18 23:00:00,0.41916666666666663,0.8782514074406058,0.6469348,0.7028284721522141,1.1418,1.0165860107833882
2010-06-19 00:00:00,0.6301,0.6075216700944815,0.5557794,1.1626192372737187,0.9745333333333334,0.7816299052736637
2010-06-19 01:00:00,0.8099000000000001,0.5298787708759646,0.51799303,0.5837216017163303,0.4235666666666667,0.6295088329817302
2010-06-19 02:00:00,0.4997666666666667,0.500170148284555,0.5407629,0.49286347404354847,0.7213928571428571,0.5900724345429497
2010-06-19 03:00:00,0.34631034482758616,0.49444548458578624,0.4983135,0.3382735745203007,0.26871428571428574,0.4810774260912418
2010-06-19 04:00:00,0.2795333333333333,0.43269464118295786,0.5011645,0.33866668670164124,0.2816,0.5201212470779987
2010-06-19 05:00:00,0.3581333333333333,0.4063650907668688,0.44117385,0.2550093702229205,0.2851578947368421,0.5095610674441103
2010-06-19 06:00:00,0.2792,0.820099738077314,0.72203755,0.42459532545801293,0.531157894736842,0.7961437921907236
2010-06-19 07:00:00,0.47846666666666665,1.0878588772738758,1.2711865,1.1482639894128812,1.6369454545454545,1.315877459492952
2010-06-19 08:00:00,0.8383,1.168074075649967,1.3364475,1.1277289276831532,1.5818867924528301,1.4029667110252453
2010-06-19 09:00:00,1.5878571428571429,1.124106375090645,1.1924465,1.3104537821046187,1.3865,1.2926964679021067
2010-06-19 10:00:00,1.4853200000000002,1.0205182705025662,1.1020274,1.35729743024525,1.2757407407407408,1.1767340508779043
2010-06-19 11:00:00,1.4747450980392158,1.0143376408880511,1.0640502,1.3557248411558152,0.72556,0.9993079166649743
2010-06-19 12:00:00,0.5059298245614036,1.1450036843579448,1.0440459,1.3862536468629134,1.6036666666666666,1.1786973277493078
2010-06-19 13:00:00,1.5628148148148147,0.8553223322269671,0.98325115,0.5818821902172449,1.5972982456140352,1.128611712515132
2010-06-19 14:00:00,0.8814333333333334,1.1006670534664658,0.97760147,1.3995942353580666,0.9200869565217391,0.8403620180053271
2010-06-19 15:00:00,0.5413454545454546,0.90506108147992,1.0255305,0.53059844599506,1.4918888888888888,0.9471139283617904
2010-06-19 16:00:00,1.6437142857142857,0.992208804042904,1.054293,1.1971982029103392,1.5781111111111112,1.1472113155060943
2010-06-19 17:00:00,0.9368363636363637,0.8038877479842378,1.0211391,1.1630083560924902,1.576730769230769,1.0219974970846952
2010-06-19 18:00:00,0.3908333333333333,0.8708917260181146,1.0326167,1.2420412770094709,1.5218461538461538,1.0918569695172573
2010-06-19 19:00:00,0.37726666666666664,1.3835614375860377,1.3282834,1.1931572972256086,2.3822439024390243,1.4161496944278371
2010-06-19 20:00:00,0.5528148148148149,1.0727533515217185,1.2832211,1.6301225002406008,1.6038846153846154,1.27680378748454
2010-06-19 21:00:00,0.9943076923076922,1.1247371573351446,1.2796322,1.5240512891664157,1.817719298245614,1.1832205579997703
2010-06-19 22:00:00,1.6768,1.5337570928263022,1.3731855,2.0672186622821913,2.304109090909091,1.4496811944635293
2010-06-19 23:00:00,0.9991228070175439,1.1974489978446894,1.166624,1.6414820597536006,1.8992972972972972,1.4294864374120624
2010-06-20 00:00:00,0.5733666666666667,0.949803663014536,0.74352753,1.1490811359158584,1.1199298245614036,0.9757100075141746
2010-06-20 01:00:00,0.3768333333333333,0.6989763554326935,0.5820752,0.6215315650546684,0.3083666666666666,0.46041132207184
2010-06-20 02:00:00,0.2544666666666667,0.6383242232429089,0.46800813,0.5515592942245782,0.6055333333333334,0.49291558417686987
2010-06-20 03:00:00,0.36043333333333333,0.561500604248887,0.4688308,0.29224780238154424,0.48736666666666667,0.46872092220704475
2010-06-20 04:00:00,0.23099999999999998,0.5854075832429321,0.5449661,0.20074653028483624,0.8913,0.5683116985070977
2010-06-20 05:00:00,0.3289310344827586,0.6046966376289402,0.5626636,0.13644934143265108,0.27240000000000003,0.4792498875531206
2010-06-20 06:00:00,0.23056666666666667,0.5407424350915054,0.7149287,0.33582248662623826,0.31484745762711863,0.6254642347061373
2010-06-20 07:00:00,0.3374666666666667,0.8339979120977448,0.71272963,0.6308724793103431,0.5006181818181819,0.9010788165422652
2010-06-20 08:00:00,0.9848666666666667,0.8102677386293478,0.8192979,0.6842678768615551,0.4347333333333333,0.9226960124163524
2010-06-20 09:00:00,1.0292666666666668,1.0213792019585117,0.9698687,0.8348746370895502,0.5858666666666666,1.0000875586400662
2010-06-20 10:00:00,1.4513684210526314,1.3769788729830759,1.4108084,1.2008731796101408,2.1976470588235295,1.1429090486077906
2010-06-20 11:00:00,1.5072280701754388,1.2729425678394033,1.2108018,0.9885247759958512,2.2880625,1.1415580410221957
2010-06-20 12:00:00,1.7306428571428571,1.2586585037069964,0.98904914,1.0688453602271826,0.9584912280701754,1.2253084838051198
2010-06-20 13:00:00,1.5012333333333332,1.2489452041498468,1.0622164,1.1266082191259543,1.8347916666666668,1.3498572008442449
2010-06-20 14:00:00,1.3996842105263156,1.1627568624177775,1.0329441,0.9243359760911416,1.69088,1.179764482627037
2010-06-20 15:00:00,0.4014,0.9888693909083799,1.1117282,1.140013703702566,0.52675,1.002402839260652
2010-06-20 16:00:00,0.4912758620689655,1.0495823023574402,1.1198055,1.1645069485980493,0.42433333333333334,1.0196585817870258
2010-06-20 17:00:00,1.5934,1.3633050734146108,1.377546,1.9648966632175027,0.7444905660377358,1.0893088175147159
2010-06-20 18:00:00,1.6555263157894735,1.0134040250655645,1.1540991,1.1238286855279667,1.0615999999999999,1.0016754886734502
2010-06-20 19:00:00,2.5401714285714285,1.4754779447319066,1.3401967,1.2675852057238415,1.9976551724137932,1.3166022149123942
2010-06-20 20:00:00,1.7292500000000002,1.0531767825898735,1.2166113,1.2209117039330786,1.135142857142857,1.1656319513519455
2010-06-20 21:00:00,1.6234814814814815,1.6477086018476503,1.5156357,1.3199081035274478,2.16284,1.6435072345276533
2010-06-20 22:00:00,1.3215510204081633,1.6159236847612646,1.4091027,1.8177748120207258,1.6218305084745763,1.6734299431576303
2010-06-20 23:00:00,1.2456333333333334,0.9044753809228067,0.73656046,0.5431050313525048,0.5846666666666667,1.0311288783754646
2010-06-21 00:00:00,0.27436666666666665,0.6775067947607808,0.5053031,0.3856359803617029,0.6394666666666667,0.5471311062979012
2010-06-21 01:00:00,0.35246666666666665,0.5369823771117488,0.4583684,0.34336863301887954,0.34706666666666663,0.38833460937202813
2010-06-21 02:00:00,0.9393333333333334,0.5607299418315431,0.5179909,0.3974244915855071,0.8115272727272728,0.5540500860320688
2010-06-21 03:00:00,0.34919999999999995,0.48135650361602594,0.43602082,0.2873043268856744,0.3326333333333333,0.4219264741487384
2010-06-21 04:00:00,0.24523333333333333,0.5599079078942519,0.47632122,0.3229216105893844,0.3246,0.4959209227854322
2010-06-21 05:00:00,0.3585333333333333,0.526497911796833,0.4642331,0.1818653001990156,0.2909333333333333,0.4702208442419302
2010-06-21 06:00:00,0.2771666666666667,0.8180605876970344,0.7400294,0.4057394980878929,0.5678620689655173,0.6535584054882484
2010-06-21 07:00:00,0.9789,1.2708112021901963,1.4832301,1.6169981083939549,1.4722592592592592,1.177033082200329
2010-06-21 08:00:00,1.4612068965517242,1.1510610789122737,1.1660368,1.234507436941245,1.3824897959183675,1.0978023139996165
2010-06-21 09:00:00,1.3986545454545456,1.1446525980263964,1.1526368,1.3613539424389671,1.3639642857142857,1.1106537456568752
2010-06-21 10:00:00,1.2895333333333334,1.0904174059971137,1.0997621,1.4923864403452098,1.3433928571428573,1.156124061701425
2010-06-21 11:00:00,1.3778947368421053,1.0454627943300647,0.9595417,0.9970854500625764,1.3370175438596492,1.0346840883596915
2010-06-21 12:00:00,1.0926315789473684,0.8878447723511809,0.86122006,0.8105525381907526,1.6931636363636362,0.9924131998246416
2010-06-21 13:00:00,0.5858214285714285,0.8352864408054423,0.6568806,0.3000318135623483,1.0217857142857143,0.9746448732061231
2010-06-21 14:00:00,1.5395,0.5735267086112656,0.6346919,0.39844329856698935,0.3730508474576271,0.7548285145884583
2010-06-21 15:00:00,2.08548,0.5789874793803244,0.50862163,0.3860578616269149,0.2660344827586207,0.5817665114276052
2010-06-21 16:00:00,0.3795,0.5892668095944917,0.5527534,0.36868821791393724,0.3348333333333333,0.6258418950289625
2010-06-21 17:00:00,1.037,0.7834519651061795,0.6193151,0.5389787777753186,0.24786666666666665,0.7418645218062094
2010-06-21 18:00:00,1.2054,0.6599671595938713,0.67813355,0.46109340856013015,0.3527017543859649,0.8019036904317103
2010-06-21 19:00:00,1.2145,1.0168520569930417,1.2300628,1.1402792291981174,0.5687272727272727,1.1712110425328959
2010-06-21 20:00:00,1.40548,1.118932876720987,1.1290996,1.0266897983977954,1.3278490566037737,1.168775704474706
2010-06-21 21:00:00,1.3321,1.2318872575384456,1.4199324,1.4216148934046817,1.3693928571428573,1.3222770874034422
2010-06-21 22:00:00,1.9273023255813952,1.0948421290054053,1.1460358,1.5924377338251312,0.8282,1.2398803978761193
2010-06-21 23:00:00,0.7242999999999999,0.9643445385717233,0.8296071,1.0592031010526535,0.6212333333333333,0.9116372915755181
2010-06-22 00:00:00,0.3347333333333333,0.4945091242428091,0.54432833,0.3391489823468097,0.3430714285714286,0.5968836892096498
2010-06-22 01:00:00,0.27003333333333335,0.3874899180673729,0.5330845,0.2998712131648198,0.2860333333333333,0.5212886387453156
2010-06-22 02:00:00,0.2868,0.47180735512935323,0.48984915,0.35103718233424086,0.29613333333333336,0.5189868484050595
2010-06-22 03:00:00,0.27759999999999996,0.4088095013902503,0.45329478,0.3523803891312769,0.2891333333333333,0.4826273532518105
2010-06-22 04:00:00,0.28636666666666666,0.558043005033533,0.5387177,0.35256914796718974,0.6684285714285715,0.6278831935142074
2010-06-22 05:00:00,0.25856666666666667,0.5417910620839688,0.50928116,0.3552547318000394,0.6535666666666666,0.6145862857503854
2010-06-22 06:00:00,0.6382,0.8754690941851672,0.7985653,0.39640678037359744,0.5799322033898305,0.6836595736636608
2010-06-22 07:00:00,1.6351250000000002,1.4168122034550437,1.4718449,1.0715231532269172,0.7136071428571429,1.027830125057969
2010-06-22 08:00:00,1.50696,1.2294620677829073,1.3630387,1.2236898071138682,1.3307333333333333,1.1516344383123955
2010-06-22 09:00:00,1.4485116279069767,1.1610131385198825,1.1849948,1.1029083540122844,1.262304347826087,1.1203646106353546
2010-06-22 10:00:00,1.3742272727272729,1.1145739626969458,1.1479297,0.9211538450480657,0.7311724137931035,1.0908473704637107
2010-06-22 11:00:00,1.0349056603773585,1.1245523712287235,1.0859292,0.878782679011219,1.1288235294117648,1.1863665973013955
2010-06-22 12:00:00,0.6453666666666666,1.0604902270916765,1.0020753,0.9089428676834135,1.1617966101694917,1.1186747410406994
2010-06-22 13:00:00,1.2814545454545456,0.9469799677456909,0.9423332,0.43299919852435453,1.4671636363636364,1.1673435528721439
2010-06-22 14:00:00,0.7980344827586208,0.6884485902867163,0.7493191,0.27111471725843406,1.3462857142857143,0.9408760651350676
2010-06-22 15:00:00,0.6299272727272728,0.8319381431146349,0.77922624,0.4067361889725014,0.6715333333333333,0.6918646318495568
2010-06-22 16:00:00,0.4323859649122807,0.8302891290252467,0.7169382,0.44493132255861667,0.2944333333333333,0.614977970903493
2010-06-22 17:00:00,1.421,0.7793072392434165,0.71971124,0.597123982169881,0.2795185185185185,0.6297582011551351
2010-06-22 18:00:00,0.9583255813953488,0.7832658350800417,0.6781989,0.5305207582448193,0.30673333333333336,0.6334495815460927
2010-06-22 19:00:00,0.9471578947368421,0.9803410210857547,0.97949165,1.0339934467839265,0.5753333333333334,0.8923602948241091
2010-06-22 20:00:00,0.824566037735849,1.2014838441527131,1.188021,1.3780769237855202,1.6182666666666667,1.1911782614392468
2010-06-22 21:00:00,1.2507333333333333,1.216019964392551,1.3754373,1.8899731139514486,1.2554333333333334,1.3917887301582
2010-06-22 22:00:00,1.9076153846153845,0.9393730261688975,0.86335427,1.2638468296446121,1.2173103448275862,1.1187693799734888
2010-06-22 23:00:00,0.9896071428571428,0.9070238312354648,0.72833544,0.44496737781496776,0.9282333333333334,0.9429708477067443
2010-06-23 00:00:00,0.30716666666666664,0.4804662901339456,0.4872239,0.32885614843925426,0.9155333333333334,0.6193529760778611
2010-06-23 01:00:00,0.2552,0.4525695399881311,0.46687907,0.44809998175608134,0.8949666666666667,0.5831685065976278
2010-06-23 02:00:00,0.2894333333333333,0.5929850912916669,0.5346404,0.3284306904227755,1.3116333333333334,0.667201038543672
2010-06-23 03:00:00,0.28409999999999996,0.47652853508406523,0.4584804,0.24344850222137937,0.7597894736842106,0.5569404422589083
2010-06-23 04:00:00,0.27876666666666666,0.5064434263965629,0.4611293,0.43724357146592197,0.7678666666666667,0.5763768405253175
2010-06-23 05:00:00,0.2667333333333334,0.4862251146478039,0.45524558,0.44486915141274364,0.7974,0.6157214275013039
2010-06-23 06:00:00,0.47433333333333333,0.9867412261907863,0.72991794,0.46221363909570656,0.7928333333333334,0.711781126810241
2010-06-23 07:00:00,1.5407241379310344,1.1795913305559542,1.2656066,0.689069809349394,0.7041333333333333,0.9361421767527434
2010-06-23 08:00:00,1.3635438596491227,1.020815804800919,1.1036563,1.3763036881368487,1.5376326530612243,1.1007286790478712
2010-06-23 09:00:00,1.409438596491228,0.9953546216447584,1.1160662,1.1385862557878699,1.493422222222222,1.1410942828518755
2010-06-23 10:00:00,1.8085283018867926,0.9270174353482816,0.8795596,1.0603098782130491,1.4868928571428572,1.106429210321294
2010-06-23 11:00:00,1.4633103448275862,0.8172146621655965,0.9859147,0.8936386219802636,1.363,1.0851905396026695
2010-06-23 12:00:00,1.1908571428571428,0.874063267869424,1.0194894,0.8983649124907572,1.4195333333333333,1.0193505364671773
2010-06-23 13:00:00,0.2992,0.9769282298370027,1.0736058,1.0780335462727186,1.4157254901960783,1.1112909234195036
2010-06-23 14:00:00,0.31385454545454544,1.0551397536055946,0.898091,0.9080637275997255,0.8742,0.8396119410232351
2010-06-23 15:00:00,0.3396140350877193,0.9086654007705717,0.7601969,-0.10007623876602101,1.0558039215686275,0.6996858257496652
2010-06-23 16:00:00,0.3139,0.7913881203190468,0.49893335,0.2345550791860893,1.4576610169491524,0.6988384014356123
2010-06-23 17:00:00,0.5235,0.8828424499989762,0.7063956,0.03524790835194336,1.3177333333333332,0.8077519840594898
2010-06-23 18:00:00,1.3987916666666667,0.9127321275663803,0.63256884,0.15527066634056175,1.3527333333333333,0.8438129537293149
2010-06-23 19:00:00,1.0843870967741935,0.8326580745629379,0.7335621,0.6040542938484827,0.34276666666666666,0.6451327928460611
2010-06-23 20:00:00,0.43758823529411767,1.1610343529204972,1.2046516,1.0324849634873963,0.8029473684210526,1.0173745868142476
2010-06-23 21:00:00,2.818,1.0269765172220444,1.1230015,1.3031385585802477,1.787695652173913,1.1798549082632537
2010-06-23 22:00:00,1.234047619047619,1.0298740586681665,1.1984634,1.4657167500697368,1.4409387755102039,1.1540533379771793
2010-06-23 23:00:00,0.3716,0.8418336586660289,0.7494945,0.3715360570978986,0.7980350877192982,0.8353396987016314
2010-06-24 00:00:00,0.3514,0.49301511762179184,0.48187616,0.556646053689661,0.33641379310344827,0.42997161698971065
2010-06-24 01:00:00,0.3404333333333333,0.48733249785795385,0.5247103,0.5930190492189732,0.362,0.4734326410227907
2010-06-24 02:00:00,0.4045762711864407,0.47496079559031157,0.51836425,0.47304386274361865,0.3459333333333333,0.5258526857815793
2010-06-24 03:00:00,0.5086551724137931,0.5163711317596466,0.50996846,0.5019331841638565,0.2851666666666667,0.4679432417660234
2010-06-24 04:00:00,0.7032666666666666,0.46209713108073197,0.5671283,0.6420788174134471,0.3514666666666667,0.6347423609633787
2010-06-24 05:00:00,0.38776666666666665,0.4811363178475196,0.55144584,0.6030889661001549,0.33266666666666667,0.6658520303686752
2010-06-24 06:00:00,0.4235666666666667,0.9958755263395047,0.92515177,1.0317876210651487,1.4129,0.8934710993054995
2010-06-24 07:00:00,1.3177142857142858,1.1040852526820244,1.1444924,1.086369747924859,0.8750333333333333,0.937896601990401
2010-06-24 08:00:00,1.4578,1.327438757097271,1.3448004,1.2989803724210394,0.8910666666666667,1.0788236472551538
2010-06-24 09:00:00,1.3562181818181818,1.0386631268092275,1.0997634,1.1394154335576336,0.30073333333333335,0.8840485191005573
2010-06-24 10:00:00,0.9029666666666667,1.287682592976018,1.2691208,1.459672707883624,0.8336271186440678,0.9850367921190805
2010-06-24 11:00:00,0.36943333333333334,1.0385126195787793,1.0804478,1.492508142594731,1.4209655172413793,1.1561149037195622
2010-06-24 12:00:00,0.3708666666666666,0.9985157218241312,1.0301514,1.0607678724283351,1.3661052631578947,1.143735938781618
2010-06-24 13:00:00,0.3719,0.9550620042172888,1.0193564,1.1674979760440025,1.5876296296296297,1.1894074167752118
2010-06-24 14:00:00,0.32403333333333334,0.9304911809347084,0.8829386,0.8563816897658139,0.6107666666666667,0.8289525096782027
2010-06-24 15:00:00,0.3697,0.8734913589079557,0.8523689,0.9118751148679782,0.34976666666666667,0.7067878118203865
2010-06-24 16:00:00,0.3358333333333333,0.7601140153954015,0.8092002,0.7856093265363101,0.31189999999999996,0.6864314679379447
2010-06-24 17:00:00,0.3488148148148148,0.7194420216546621,0.7598961,0.7049555552465643,0.28476666666666667,0.6831680420349778
2010-06-24 18:00:00,0.6879000000000001,0.8606576982741265,0.9717263,0.9829703963704032,0.3186333333333333,0.776460325839199
2010-06-24 19:00:00,1.419132075471698,0.7505482607282375,0.9517934,0.6806881010692951,0.2846206896551724,0.7461237331672573
2010-06-24 20:00:00,1.2733559322033898,1.0923075993876958,1.1820533,1.3623321200176937,1.7297454545454545,1.352733182788385
2010-06-24 21:00:00,1.375793103448276,1.0724484619722876,1.1512092,1.2986391629673935,0.8603333333333333,1.243589841793531
2010-06-24 22:00:00,1.7465818181818182,1.0772042431518747,0.9842474,1.1372069092172756,0.7944666666666667,1.046929689417201
2010-06-24 23:00:00,0.3769152542372881,0.7966502398541795,0.60279816,0.5386243281120524,0.6769666666666667,0.8544016413433803
2010-06-25 00:00:00,0.2985666666666667,0.4723407447635264,0.55316544,0.5264941250159938,0.6195357142857143,0.6005009660784584
2010-06-25 01:00:00,0.30660000000000004,0.4847043808124198,0.49707267,0.6338440469642348,0.7263333333333333,0.6557833841987788
2010-06-25 02:00:00,0.2838333333333333,0.4497125943553268,0.44571787,0.29521902938926714,0.2578,0.5237245054460294
2010-06-25 03:00:00,0.33946666666666664,0.4121579691396324,0.455617,0.1868287624053684,0.27089285714285716,0.4908289239985697
2010-06-25 04:00:00,0.33766666666666667,0.4252662144828542,0.408506,0.21286616175782158,0.24230000000000002,0.5251131660289595
2010-06-25 05:00:00,0.28426666666666667,0.4330822668079173,0.43534422,0.2806977099184076,0.3099,0.5590490913829078
2010-06-25 06:00:00,1.0408666666666666,0.9924745181631479,0.8752874,0.6947947801926604,0.5015087719298246,0.9274007901470882
2010-06-25 07:00:00,1.3590909090909091,1.0590248798326747,1.1842318,1.0900422834401315,1.2200338983050847,1.0415494006081463
2010-06-25 08:00:00,1.148655172413793,1.0922768358350103,1.3853838,1.7903315720532622,1.513659574468085,1.2943919523209955
2010-06-25 09:00:00,1.2936666666666665,0.9152902126976116,0.95203155,1.2886961205682679,1.5392363636363637,1.1694333946999107
2010-06-25 10:00:00,1.3822181818181816,0.8074528347786578,0.8462907,1.0529151098905436,1.3875217391304349,1.1500522359980465
2010-06-25 11:00:00,1.5981785714285714,1.0111695851555196,0.832096,1.017926135392003,1.556296296296296,1.2451209427650003
2010-06-25 12:00:00,1.8787272727272728,0.8162779814624709,0.7999034,0.9699640123601466,1.4279000000000002,1.2221662714873247
2010-06-25 13:00:00,0.9723728813559321,0.7895690288490441,0.71245706,0.39401022135216635,1.3808461538461538,1.101000965938119
2010-06-25 14:00:00,0.28336666666666666,0.8000030770287664,0.6081736,0.35754471875276095,0.5870243902439025,0.652279470030474
2010-06-25 15:00:00,0.2704333333333333,0.7135928303351458,0.5625705,0.2489481816651299,0.27303333333333335,0.6198849861747472
2010-06-25 16:00:00,0.3191333333333333,0.7360855153608041,0.71204525,0.3910790187966866,0.45233333333333337,0.7231695258677688
2010-06-25 17:00:00,0.3674,0.8591810943467044,0.79351467,0.6302509622512925,0.931859649122807,0.769666354422983
2010-06-25 18:00:00,0.2843666666666667,0.8312638962491741,0.7197142,0.714003059697956,0.4953666666666666,0.7148525595020312
2010-06-25 19:00:00,0.30556666666666665,0.9201725190979252,0.98797876,0.5599407834004101,0.6166779661016949,0.8765816819959151
2010-06-25 20:00:00,0.3173559322033898,0.9686181817439379,1.0394454,0.8848044089647051,1.6744285714285714,1.1819285199949905
2010-06-25 21:00:00,1.2550566037735849,1.0946309597471438,1.0675849,1.2348999499643813,1.0089,1.15658897895714
2010-06-25 22:00:00,1.3904363636363637,0.9692827362141463,0.89373344,0.9943548033808772,0.9618,1.095982909364643
2010-06-25 23:00:00,0.3698666666666667,0.74731073238386,0.56565934,0.4873055127401972,0.41916666666666663,0.8792040153534822
2010-06-26 00:00:00,0.3048727272727273,0.48466950116624785,0.60796994,0.3711197754389194,0.6301,0.7001328895214026
2010-06-26 01:00:00,0.2876666666666667,0.47264174661862723,0.5178253,0.32369782445610185,0.8099000000000001,0.6776805703603253
2010-06-26 02:00:00,0.29333333333333333,0.41123998486109314,0.48505858,0.3463902816090191,0.4997666666666667,0.583771961030425
2010-06-26 03:00:00,0.3062909090909091,0.47140593424436256,0.474377,0.3513401913136045,0.34631034482758616,0.5038475287318006
2010-06-26 04:00:00,0.3156,0.4483631093191265,0.49233982,0.2879178076072546,0.2795333333333333,0.49239836891653666
2010-06-26 05:00:00,0.7573454545454547,0.43549249006613294,0.4986798,0.36734345828654025,0.3581333333333333,0.5539295370693896
2010-06-26 06:00:00,0.4714333333333333,0.7854634012042296,0.62495625,0.34548650856791785,0.2792,0.6824372307967677
2010-06-26 07:00:00,0.4654285714285714,0.9961155706849938,1.0863808,0.7176416664766564,0.47846666666666665,0.9795095690608087
2010-06-26 08:00:00,0.32813333333333333,1.0481473894796864,1.0944242,1.0420703719040352,0.8383,1.1107923416562673
2010-06-26 09:00:00,0.889728813559322,1.1518551216509825,1.04838,1.3153348273726593,1.5878571428571429,1.2593733933122282
2010-06-26 10:00:00,1.5139444444444445,1.0616895685030627,1.1056588,1.4245538711379635,1.4853200000000002,1.259711907740833
2010-06-26 11:00:00,0.80672,1.0118022719738733,0.9919091,1.4403320877182322,1.4747450980392158,1.1954437732324683
2010-06-26 12:00:00,1.23795,1.0665375138210993,1.0782778,1.5067965435973978,0.5059298245614036,1.082419739569184
2010-06-26 13:00:00,1.0658571428571428,1.0196092273566015,0.86844915,0.9265413360758041,1.5628148148148147,1.276367710072905
2010-06-26 14:00:00,0.3726545454545454,1.0810264566131667,0.9611852,1.049619574777542,0.8814333333333334,0.9231388049998288
2010-06-26 15:00:00,0.424135593220339,0.9588096044258885,0.8187284,0.94010790608101,0.5413454545454546,0.8366884888485459
2010-06-26 16:00:00,0.7445090909090909,1.1167684931395387,0.8289713,1.1651703833018185,1.6437142857142857,1.0418747765603895
2010-06-26 17:00:00,1.3947636363636364,1.0285368225724485,1.1387589,1.2565176317234668,0.9368363636363637,1.0453656609825837
2010-06-26 18:00:00,1.3549454545454545,1.0212372485214096,1.0223333,0.9698300118195899,0.3908333333333333,0.8582960442449091
2010-06-26 19:00:00,0.3550666666666667,1.0293059029327367,1.0761062,0.6718694390472892,0.37726666666666664,0.9492272435623955
2010-06-26 20:00:00,0.35446666666666665,1.0071052887254053,1.1475134,1.413673561670237,0.5528148148148149,1.1585671456069697
2010-06-26 21:00:00,0.3049666666666667,1.061773256133658,1.1850779,1.0873974276484495,0.9943076923076922,1.2071198796440652
2010-06-26 22:00:00,0.33532203389830506,0.9187290843067812,0.8794504,0.918300522907564,1.6768,1.4215374139465315
2010-06-26 23:00:00,0.5237586206896552,0.9072995858188441,0.8501519,1.1182735467345024,0.9991228070175439,1.2400267780308871
2010-06-27 00:00:00,0.3531333333333333,0.6302234602296726,0.6807173,0.8791574668572604,0.5733666666666667,0.7433881524534613
2010-06-27 01:00:00,0.5367,0.6725131995537715,0.58992183,0.614054762523939,0.3768333333333333,0.6064810285447318
2010-06-27 02:00:00,0.8454666666666667,0.5548553466456502,0.4942922,0.43444662882060847,0.2544666666666667,0.526755594556451
2010-06-27 03:00:00,0.31449999999999995,0.5397430570762367,0.48244095,0.3116649452845536,0.36043333333333333,0.5284580512757573
2010-06-27 04:00:00,0.30593333333333333,0.5679977057220085,0.48997757,0.5861481664141608,0.23099999999999998,0.5676229484096116
2010-06-27 05:00:00,0.2873,0.6484706439800663,0.5442606,0.27842199880197904,0.3289310344827586,0.5534610444368897
2010-06-27 06:00:00,0.2652,0.6841139292378332,0.5030483,0.3280236075670995,0.23056666666666667,0.5534089809791976
2010-06-27 07:00:00,0.4841,0.6810909714623609,0.7114162,0.27369293816074935,0.3374666666666667,0.7241756896324054
2010-06-27 08:00:00,0.33186666666666664,0.8585690460820524,0.9542326,0.49072943385526924,0.9848666666666667,0.9332410716157161
2010-06-27 09:00:00,1.0366222222222223,1.0062250526153158,1.0172038,0.9152148855160107,1.0292666666666668,1.1160544205419076
2010-06-27 10:00:00,1.0246,0.9869832495842543,1.1183403,1.2662297269531397,1.4513684210526314,1.3967384092716109
2010-06-27 11:00:00,0.4949454545454546,1.0592641740965048,0.95584846,1.1679396389632997,1.5072280701754388,1.4534109016116745
2010-06-27 12:00:00,0.9860714285714286,0.724578290523928,0.86473507,1.1618441059792302,1.7306428571428571,1.181461150162106
2010-06-27 13:00:00,1.54644,0.954909145351958,0.90452963,0.9278257861160751,1.5012333333333332,1.3537669837212385
2010-06-27 14:00:00,1.4949818181818182,0.8311393255658345,0.9626865,0.9091532234173271,1.3996842105263156,1.1076874352229007
2010-06-27 15:00:00,0.8162692307692307,0.6761381345271892,0.75371313,0.703271916213634,0.4014,0.6809136763345847
2010-06-27 16:00:00,0.8595636363636364,0.7399887686127588,0.82127255,0.7112000338069512,0.4912758620689655,0.7561936140230652
2010-06-27 17:00:00,0.5712,0.6953244046906564,0.8696416,0.2273613323034741,1.5934,1.0006096405614258
2010-06-27 18:00:00,0.7622068965517241,0.875273158923029,0.81037676,0.672529015730761,1.6555263157894735,1.0477534755371893
2010-06-27 19:00:00,0.41677966101694913,1.2775725622555139,1.1692789,0.5831018348431931,2.5401714285714285,1.3084753363646988
2010-06-27 20:00:00,0.38677966101694916,0.9861125823231274,1.1786706,1.235752205423199,1.7292500000000002,1.23212322035022
2010-06-27 21:00:00,0.8347333333333332,1.069179679955662,1.1476252,1.7036519963114638,1.6234814814814815,1.4142606766858679
2010-06-27 22:00:00,1.6103243243243244,0.9950556369372963,0.86577684,1.163127475685184,1.3215510204081633,1.323067770651654
2010-06-27 23:00:00,0.9492333333333334,0.8042048491758331,0.6591715,0.8084297960503068,1.2456333333333334,0.8686920914386504
2010-06-28 00:00:00,0.3408135593220339,0.586717257586943,0.5232826,0.39465156425148196,0.27436666666666665,0.3672803401680351
2010-06-28 01:00:00,0.35540000000000005,0.649853945232232,0.43410033,0.4904562116047638,0.35246666666666665,0.3332140694747745
2010-06-28 02:00:00,0.5158518518518518,0.540618446004612,0.45742607,0.3000730259335107,0.9393333333333334,0.5453558338244608
2010-06-28 03:00:00,0.4690847457627119,0.6208355053121551,0.45728567,0.4369846489142878,0.34919999999999995,0.41876139358990694
2010-06-28 04:00:00,0.31024137931034484,0.5420149337852159,0.41313735,0.5411511967027329,0.24523333333333333,0.3710295135017505
2010-06-28 05:00:00,0.26836363636363636,0.6010704274055114,0.46824837,0.36789697637104135,0.3585333333333333,0.44902523194290134
2010-06-28 06:00:00,1.019,0.7578281552270546,0.77221954,0.396811394592968,0.2771666666666667,0.4660529768620465
2010-06-28 07:00:00,1.3699642857142857,0.8059810653587554,0.9797469,0.8039614927682093,0.9789,0.8456974948388288
2010-06-28 08:00:00,1.4374909090909092,0.8778859651675159,0.9943582,1.351891322495781,1.4612068965517242,1.0653469524566914
2010-06-28 09:00:00,0.9632,0.8771350144674304,0.9872753,1.3612740757906507,1.3986545454545456,1.1199602958491566
2010-06-28 10:00:00,0.32566666666666666,0.8704326915752438,0.92262167,1.2899572977948606,1.2895333333333334,1.1083469678320215
2010-06-28 11:00:00,0.8325818181818182,0.8323287853834485,0.8809065,1.3643792735332532,1.3778947368421053,1.1093295437751824
2010-06-28 12:00:00,0.6371228070175439,1.0610492406644756,0.8972136,1.3768047385199411,1.0926315789473684,1.0298788195078852
2010-06-28 13:00:00,0.5480666666666667,0.7339197422710069,0.57308227,0.2876934840554918,0.5858214285714285,0.8417278795596761
2010-06-28 14:00:00,0.9426545454545455,0.8860221631405092,0.7287728,0.9066636761894099,1.5395,0.686471488876234
2010-06-28 15:00:00,1.6167272727272728,1.0042721938909442,0.9809749,1.0244387526807543,2.08548,0.7824454827348041
2010-06-28 16:00:00,0.9983859649122807,0.7240367503441902,0.6147482,0.7453329466439453,0.3795,0.6674685906288433
2010-06-28 17:00:00,1.5798867924528301,0.637166156636701,0.60633296,0.5696082985028326,1.037,0.7427250177738133
2010-06-28 18:00:00,1.756218181818182,0.7725517806361454,0.67695355,0.8670511309323504,1.2054,0.7429808201024818
2010-06-28 19:00:00,1.232290909090909,0.9352199589886774,0.9120596,1.1260459043259872,1.2145,1.0219309265450338
2010-06-28 20:00:00,0.804,0.8543589372073105,0.9508629,1.5433808441571797,1.40548,1.1340130788404421
2010-06-28 21:00:00,1.0887272727272728,0.9867893035608029,1.0309764,1.490157726249509,1.3321,1.1513529018986945
2010-06-28 22:00:00,1.6218181818181818,1.0047499625108673,0.9128699,1.1374177754591046,1.9273023255813952,1.2623007276687943
2010-06-28 23:00:00,1.9987037037037036,0.7418302513094608,0.6681082,0.2727838075164236,0.7242999999999999,0.9076436604474909
2010-06-29 00:00:00,1.0073666666666667,0.5431779052545205,0.5084663,0.5598044669208049,0.3347333333333333,0.3576708226459908
2010-06-29 01:00:00,0.6357,0.5382961107092794,0.4323803,0.48639692503754395,0.27003333333333335,0.3242308977506543
2010-06-29 02:00:00,0.3406,0.575870218930068,0.4896527,0.3738580719505029,0.2868,0.41576598101351103
2010-06-29 03:00:00,0.3275,0.6443655181098883,0.55271876,0.47793805754279595,0.27759999999999996,0.4104830671977364
2010-06-29 04:00:00,0.3541071428571429,0.5314691629369546,0.45453057,0.3261534609681864,0.28636666666666666,0.43703643297740347
2010-06-29 05:00:00,0.36757142857142855,0.5626395926565656,0.51221114,0.2862971808419499,0.25856666666666667,0.5230999539143995
2010-06-29 06:00:00,0.4432,0.8128004791424523,0.78731066,0.41891994438735913,0.6382,0.5940926111397813
2010-06-29 07:00:00,1.04,0.9308195195809374,1.1418217,1.4225423773980461,1.6351250000000002,0.9738377806713067
2010-06-29 08:00:00,1.4976170212765958,0.9474858935978945,1.0932041,1.7607453972865001,1.50696,1.2038956736263084
2010-06-29 09:00:00,1.36148,0.8234406689098337,1.0676793,1.3583579936911876,1.4485116279069767,1.1174760752092863
2010-06-29 10:00:00,1.8552000000000002,0.7909260031677701,0.8975956,1.2916877197462877,1.3742272727272729,1.0491620858641455
2010-06-29 11:00:00,0.8169000000000001,0.9416402036411096,0.96136576,1.018158593277407,1.0349056603773585,1.004125578692241
2010-06-29 12:00:00,0.46025454545454547,0.8128759726402883,0.8555949,0.6461071044057789,0.6453666666666666,0.8540052836605224
2010-06-29 13:00:00,0.7244489795918367,0.6930763753231524,0.7089215,0.3821451695610286,1.2814545454545456,0.8964258497152119
2010-06-29 14:00:00,0.8951272727272727,0.8370889520128807,0.7974286,0.6083748309491159,0.7980344827586208,0.9494842104971422
2010-06-29 15:00:00,0.35105263157894734,0.8129889890898148,0.8027439,0.40053553078325954,0.6299272727272728,0.8111381327306644
2010-06-29 16:00:00,0.5522807017543859,0.6440042394742114,0.5881252,0.3034445671533432,0.4323859649122807,0.5602901211874362
2010-06-29 17:00:00,1.1988518518518518,0.7932741237839639,0.6864248,0.7744410858235278,1.421,0.8578320495610728
2010-06-29 18:00:00,0.7430689655172413,0.8948569579184555,0.9282903,1.0523105708303166,0.9583255813953488,0.9313849803448833
2010-06-29 19:00:00,0.6086122448979592,1.0594661752435226,1.0814104,0.5220333884147159,0.9471578947368421,1.0311672159609961
2010-06-29 20:00:00,0.7361481481481482,0.963262921748559,1.0180413,0.8763666616314105,0.824566037735849,1.121290354284967
2010-06-29 21:00:00,2.1025,0.9433973117254163,0.9589364,0.9739113612182051,1.2507333333333333,1.0878318321415392
2010-06-29 22:00:00,1.1297692307692306,1.0509199093392667,0.9594888,1.4975574150392663,1.9076153846153845,1.3981094357458335
2010-06-29 23:00:00,0.45380000000000004,0.781118727682722,0.6064138,0.6082600853843297,0.9896071428571428,1.036584945194868
2010-06-30 00:00:00,0.3440333333333333,0.47461573390483536,0.49557084,0.4934773700842866,0.30716666666666664,0.46344212078701474
2010-06-30 01:00:00,0.4026909090909091,0.434684518622664,0.48001537,0.341874848758723,0.2552,0.4552507464215426
2010-06-30 02:00:00,0.6074814814814815,0.4343288482802648,0.46081662,0.318816175030711,0.2894333333333333,0.5835366829805603
2010-06-30 03:00:00,0.31306666666666666,0.4083875206247145,0.48023584,0.2916504575015403,0.28409999999999996,0.4580923852714679
2010-06-30 04:00:00,0.29353333333333337,0.4553525504123906,0.48575994,0.27669151613951815,0.27876666666666666,0.4687585737295705
2010-06-30 05:00:00,0.8374181818181818,0.43436193161960984,0.48999482,0.379108669235234,0.2667333333333334,0.54289297830018
2010-06-30 06:00:00,0.5339322033898305,0.7761426623513422,0.76533866,0.4605220157901714,0.47433333333333333,0.6488086332815404
2010-06-30 07:00:00,0.9855272727272727,1.1151748765993148,1.1416992,1.6595324989057527,1.5407241379310344,1.099940724875295
2010-06-30 08:00:00,1.1312142857142857,1.1019645483585685,1.0467783,1.4850289807532822,1.3635438596491227,1.2396959610197804
2010-06-30 09:00:00,0.30890909090909097,0.9832448529124584,0.99955165,1.2128369230068008,1.409438596491228,1.2332240366357383
2010-06-30 10:00:00,0.3090333333333334,0.971466783130014,0.8082578,1.1488237007740767,1.8085283018867926,1.2314549537741963
2010-06-30 11:00:00,0.6882,0.9048816935243035,0.98245853,1.1013177207576894,1.4633103448275862,1.1492417654805105
2010-06-30 12:00:00,1.1272363636363636,0.8387275181607369,0.78133696,0.923224926478277,1.1908571428571428,0.9784157913579149
2010-06-30 13:00:00,1.2971636363636363,0.8670207882663951,0.7781567,0.5636509050630487,0.2992,0.7808740465862428
2010-06-30 14:00:00,1.4013,0.794754348958656,0.6560729,0.6426602918410452,0.31385454545454544,0.7194372943419706
2010-06-30 15:00:00,1.0394333333333334,0.8570426670704613,0.6448446,0.7878985139443728,0.3396140350877193,0.7875270511915744
2010-06-30 16:00:00,0.5203272727272727,0.9254524210743016,0.65605605,0.5300541007417998,0.3139,0.6996077938135605
2010-06-30 17:00:00,1.263090909090909,0.9364376547074913,0.8341008,0.9034737642647666,0.5235,0.9437264473281912
2010-06-30 18:00:00,1.311063829787234,0.8929983180914246,0.77640253,0.7491790282147486,1.3987916666666667,1.1612682955714877
2010-06-30 19:00:00,1.2917333333333334,0.9589868360103978,0.9075937,0.6372650484541544,1.0843870967741935,0.9071937012386275
2010-06-30 20:00:00,1.1435932203389831,0.9058298510279477,0.85983515,0.6516748775727086,0.43758823529411767,0.9426342572017657
2010-06-30 21:00:00,1.4090666666666667,1.3367733588531243,1.0101525,1.0583627516968264,2.818,1.4080846542388974
2010-06-30 22:00:00,1.6365,1.1775955493574919,1.0886801,1.46550026682224,1.234047619047619,1.4744056338986453
2010-06-30 23:00:00,1.6725833333333335,0.900208967950227,0.68178093,0.7283972128671172,0.3716,0.8665258427224238
2010-07-01 00:00:00,1.975875,0.5873656378051122,0.4729614,0.45354315754144336,0.3514,0.36612180299513253
2010-07-01 01:00:00,0.8501071428571428,0.4485760287770041,0.41473946,0.30227360308248163,0.3404333333333333,0.39056053694776316
2010-07-01 02:00:00,0.3796,0.5380139945375619,0.44827986,0.23182044903787624,0.4045762711864407,0.4565666853774426
2010-07-01 03:00:00,0.3791333333333334,0.5357628788580923,0.43535584,0.28953933601790227,0.5086551724137931,0.45386049142709595
2010-07-01 04:00:00,0.4200666666666667,0.5099087872991805,0.45833555,0.4191346166903339,0.7032666666666666,0.5935867008357675
2010-07-01 05:00:00,0.39679310344827584,0.5804105847595415,0.5010709,0.37444600415012885,0.38776666666666665,0.5886574804832045
2010-07-01 06:00:00,0.41146666666666665,0.952812803478342,0.89399934,0.7283760519307281,0.4235666666666667,0.8081783460857418
2010-07-01 07:00:00,0.3750666666666667,1.1144582763280382,1.2108835,1.4874033946972194,1.3177142857142858,1.13396436452926
2010-07-01 08:00:00,0.4297333333333333,1.0050805916927632,1.1451014,1.262291865159571,1.4578,1.16297320310017
2010-07-01 09:00:00,0.47473333333333334,1.059472752781705,1.0097091,1.2673658833868977,1.3562181818181818,1.068782169388819
2010-07-01 10:00:00,1.4165185185185185,1.0622843530829336,1.0199047,1.2119546632304856,0.9029666666666667,1.0473584746241982
2010-07-01 11:00:00,1.396235294117647,1.063271112093199,0.9428943,1.0036005239952697,0.36943333333333334,0.9380553116006071
2010-07-01 12:00:00,1.4514814814814814,0.9619580907647938,0.91009915,0.9437925631214119,0.3708666666666666,0.8498138777083959
2010-07-01 13:00:00,1.0235925925925926,0.7484248957239416,0.70705384,0.38334156209782044,0.3719,0.8081121724923572
2010-07-01 14:00:00,1.0868666666666666,0.6139035351140223,0.56396496,0.35769443698180736,0.32403333333333334,0.6863073517136864
2010-07-01 15:00:00,1.1178245614035087,0.5063154035358582,0.51554674,0.370687179196145,0.3697,0.6664141437123451
2010-07-01 16:00:00,1.220918918918919,0.5190793745078874,0.55769056,0.47531019366056027,0.3358333333333333,0.665864029704214
2010-07-01 17:00:00,0.7514193548387097,0.5511309687378759,0.5516178,0.461749494082513,0.3488148148148148,0.8033827909671504
2010-07-01 18:00:00,1.299811320754717,0.872687465249732,0.7485384,0.684799347963503,0.6879000000000001,0.9902870473585741
2010-07-01 19:00:00,0.4723,0.9491121150411906,0.9284029,0.8191302120788788,1.419132075471698,1.1206936881623348
2010-07-01 20:00:00,0.48236666666666667,1.2214527428692266,1.3195322,1.069910562219759,1.2733559322033898,1.129901002476993
2010-07-01 21:00:00,0.6671481481481482,1.1204921071387346,1.159281,1.1515139102153866,1.375793103448276,1.3744877461250256
2010-07-01 22:00:00,0.9616603773584906,1.0887880385798523,1.0008403,0.865268538843022,1.7465818181818182,1.253654609547855
2010-07-01 23:00:00,0.8474,0.8370717374698969,0.664447,0.5318283135601266,0.3769152542372881,0.8140386437488725
2010-07-02 00:00:00,1.3213818181818182,0.4609941335100485,0.48524562,0.5664754942225796,0.2985666666666667,0.45279058875208533
2010-07-02 01:00:00,0.5759000000000001,0.42232508974028987,0.48744547,0.37208504456497604,0.30660000000000004,0.4712045227486834
2010-07-02 02:00:00,0.5209333333333334,0.43227833296686546,0.46340424,0.36616330296263044,0.2838333333333333,0.4421617252527339
2010-07-02 03:00:00,1.3021153846153846,0.46937033881395146,0.47836673,0.28326533233423823,0.33946666666666664,0.5037002954215993
2010-07-02 04:00:00,1.1038999999999999,0.5502112808595251,0.49941033,0.33102918465426157,0.33766666666666667,0.5644213731538342
2010-07-02 05:00:00,0.8198181818181818,0.5510682504167463,0.5226989,0.327819953276836,0.28426666666666667,0.5666329497365665
2010-07-02 06:00:00,0.3771785714285714,0.8163278128809967,0.7396232,0.8221481997101601,1.0408666666666666,0.8050973729063902
2010-07-02 07:00:00,0.36948148148148147,1.142548334157323,1.1881045,1.414509879157935,1.3590909090909091,1.1976275966015193
2010-07-02 08:00:00,0.4290333333333333,1.267005070645125,1.3140839,1.577336533747271,1.148655172413793,1.2155534934542016
2010-07-02 09:00:00,0.38656666666666667,1.0824359551618545,1.1463667,1.2135097394743115,1.2936666666666665,1.220966966699192
2010-07-02 10:00:00,0.45793220338983054,0.970879616092889,0.97813076,0.8437053163316253,1.3822181818181816,1.1878638721815182
2010-07-02 11:00:00,0.9583636363636364,0.8485459876931537,0.93349075,0.7512104288217807,1.5981785714285714,1.128432934924052
2010-07-02 12:00:00,0.6108,0.8286068724556814,0.9839524,0.8484162383773196,1.8787272727272728,1.1241009393353218
2010-07-02 13:00:00,0.4926666666666667,1.0332557408551053,0.74311155,1.1409473274558604,0.9723728813559321,0.8860416608737716
2010-07-02 14:00:00,0.701921568627451,0.7059275338375411,0.68368757,0.5930818243641164,0.28336666666666666,0.5809965391533656
2010-07-02 15:00:00,0.6436666666666666,0.6168796728687956,0.5875428,0.40895392181122103,0.2704333333333333,0.4941526344240277
2010-07-02 16:00:00,1.1088135593220338,0.6757567650465862,0.6215583,0.2289047869357571,0.3191333333333333,0.5414977248057821
2010-07-02 17:00:00,0.45520689655172414,0.8202321117641053,0.6213986,0.33388956797683644,0.3674,0.6737091576397494
2010-07-02 18:00:00,0.6059333333333333,0.8391442888459635,0.84794897,0.7923961225851496,0.2843666666666667,0.734563742353564
2010-07-02 19:00:00,1.3708928571428571,0.7701436906806813,1.119074,0.9689367314799695,0.30556666666666665,0.8960346908759026
2010-07-02 20:00:00,1.4405185185185185,1.0605159233759598,1.2725046,0.7834890790718665,0.3173559322033898,1.028585943081893
2010-07-02 21:00:00,1.0102222222222221,1.2077603731451751,1.5496162,1.6064888625727733,1.2550566037735849,1.3451811607141728
2010-07-02 22:00:00,0.40776666666666667,1.2253311718194722,1.2050711,1.0827259097409776,1.3904363636363637,1.344401422666595
2010-07-02 23:00:00,0.3918,0.7830273663218172,0.7020554,0.31356887936268585,0.3698666666666667,0.7968645480748358
2010-07-03 00:00:00,0.4521,0.5821704909396723,0.49690542,0.3979108962359167,0.3048727272727273,0.6206304422396638
2010-07-03 01:00:00,0.5862999999999999,0.45402231238417046,0.5016751,0.2834245709295653,0.2876666666666667,0.6445745220317542
2010-07-03 02:00:00,1.4909333333333334,0.3800198726959589,0.45513734,0.2447103697640508,0.29333333333333333,0.5974239238458303
2010-07-03 03:00:00,0.6957407407407408,0.4617239388983945,0.44045883,0.25663270436791774,0.3062909090909091,0.5803556865746751
2010-07-03 04:00:00,0.3784,0.4711780570839398,0.48171315,0.24402187292188793,0.3156,0.6052018042177055
2010-07-03 05:00:00,0.4239636363636364,0.46837671611660214,0.48599413,0.3624266045115959,0.7573454545454547,0.7111913092190826
2010-07-03 06:00:00,0.3967450980392157,0.7546582879981862,0.7578349,0.48135703445447897,0.4714333333333333,0.7678476489141871
2010-07-03 07:00:00,1.1276333333333333,0.8723789427103206,0.8966495,0.9480571357723492,0.4654285714285714,0.9239799436506488
2010-07-03 08:00:00,0.3893333333333333,0.9006859335336239,1.0802783,0.8112930679210946,0.32813333333333333,0.9375474062061222
2010-07-03 09:00:00,0.3549090909090909,1.2849847634843876,1.3048242,0.9581228976459543,0.889728813559322,1.233426172347024
2010-07-03 10:00:00,0.3811636363636363,1.1963750814570384,1.0486571,0.38517251729273183,1.5139444444444445,1.218221979153575
2010-07-03 11:00:00,0.6991666666666667,1.1427504336100807,1.0995712,0.7108824787212729,0.80672,1.1173230548462376
2010-07-03 12:00:00,0.7494666666666667,1.1222901141536783,1.1223794,1.2980056961867914,1.23795,1.0661167076634885
2010-07-03 13:00:00,0.4499272727272728,1.104494212615586,1.0898352,1.2312428426556665,1.0658571428571428,1.1075053540191193
2010-07-03 14:00:00,0.38732075471698113,0.8318976897613336,0.9059165,0.8049324377016018,0.3726545454545454,0.8132966910951166
2010-07-03 15:00:00,0.40696666666666664,0.768992419737254,0.7726538,0.7737778312533024,0.424135593220339,0.7252574463913086
2010-07-03 16:00:00,0.37853333333333333,0.9553185919828527,0.8782248,0.8390607663466939,0.7445090909090909,0.9409186853383684
2010-07-03 17:00:00,0.4646,1.1502364352249368,0.9857858,0.9291348834104587,1.3947636363636364,1.0178165818241776
2010-07-03 18:00:00,1.0014181818181818,0.9350046120284567,1.0331694,0.9558819272254421,1.3549454545454545,0.9905900311723193
2010-07-03 19:00:00,0.8510370370370369,0.74932108641881,0.8984961,0.8929944054097881,0.3550666666666667,0.8450089619484666
2010-07-03 20:00:00,1.127490909090909,0.7615002572203596,0.8597207,0.8551853568982279,0.35446666666666665,0.795182806191743
2010-07-03 21:00:00,1.0712093023255813,1.0409696791043097,1.2765713,1.2844833545264622,0.3049666666666667,0.9887932578451115
2010-07-03 22:00:00,1.4026451612903226,1.0017092538289456,1.2665868,1.1547012597541797,0.33532203389830506,1.163366870196628
2010-07-03 23:00:00,1.5550000000000002,0.8845702633013824,0.89909464,0.6479966746964291,0.5237586206896552,0.9243247789652504
2010-07-04 00:00:00,1.7720714285714287,0.5340863514857241,0.57573926,0.14352895509656294,0.3531333333333333,0.6387523881548016
2010-07-04 01:00:00,1.5204615384615385,0.579962491898149,0.55739397,0.27587329833778484,0.5367,0.6908517398873393
2010-07-04 02:00:00,1.7214146341463414,0.5757048837831823,0.5224218,0.4809086325700478,0.8454666666666667,0.7580638625487766
2010-07-04 03:00:00,1.6606938775510203,0.5417230068166159,0.51094306,0.2193797722706512,0.31449999999999995,0.6893582895368857
2010-07-04 04:00:00,1.5637037037037036,0.5366414046467668,0.47629336,0.33478580996425655,0.30593333333333333,0.6244602805099124
2010-07-04 05:00:00,1.5546333333333335,0.5400267848022939,0.5403579,0.45970384077848825,0.2873,0.6724458251153288
2010-07-04 06:00:00,1.5591333333333333,0.6911918553230673,0.53880537,0.5311438078458801,0.2652,0.6877439467246433
2010-07-04 07:00:00,2.023066666666667,0.7415680637216459,0.54002947,0.44181461876018335,0.4841,0.7920006263620826
2010-07-04 08:00:00,1.3037142857142856,0.8152379413996829,0.7804973,0.5858836007585744,0.33186666666666664,0.8341200358025795
2010-07-04 09:00:00,1.2342,1.021016428122228,1.2919754,1.1317638818038878,1.0366222222222223,1.0950258671122026
2010-07-04 10:00:00,1.41756,1.1581516585040383,1.0614127,0.4323808337922822,1.0246,1.1636165336533872
2010-07-04 11:00:00,1.1712142857142855,1.1350840934180786,1.0567476,1.3607381986094556,0.4949454545454546,1.0900373696541656
2010-07-04 12:00:00,0.2969333333333333,1.1871767671739777,1.0977899,1.188650275023044,0.9860714285714286,1.2533053766017026
2010-07-04 13:00:00,0.3886,1.1142185484008922,1.0744386,0.7986754795470615,1.54644,1.2518883073785596
2010-07-04 14:00:00,0.3120363636363636,1.083276328656644,0.98837835,1.526452820815182,1.4949818181818182,1.1642039460983755
2010-07-04 15:00:00,0.3176,0.9557288246159555,1.0028179,0.9903983562272324,0.8162692307692307,0.790925143377122
2010-07-04 16:00:00,0.24625454545454548,0.9386619022287842,0.88892317,1.0067339373010695,0.8595636363636364,0.7518244781299036
2010-07-04 17:00:00,0.37296666666666667,1.1375230983256521,1.2845247,1.2605940436666305,0.5712,1.0640788251458368
2010-07-04 18:00:00,0.37999999999999995,1.1352069601439374,1.2793514,1.2104933907540483,0.7622068965517241,1.1364697046223107
2010-07-04 19:00:00,0.29210169491525423,1.06657369784711,1.0125983,0.8680022782164085,0.41677966101694913,1.0726089596168675
2010-07-04 20:00:00,0.4307666666666667,0.9055750060479264,0.92530745,0.8385104560978814,0.38677966101694916,0.9032651869451973
2010-07-04 21:00:00,1.2211636363636365,0.8394489207330005,0.9594091,0.5388995862545891,0.8347333333333332,1.0802210290491905
2010-07-04 22:00:00,0.8110909090909091,0.771711615304169,0.87659746,0.5125068297239948,1.6103243243243244,1.2664798323333128
2010-07-04 23:00:00,0.8788666666666667,0.7253287873724023,0.67754674,1.0826556146477986,0.9492333333333334,0.9950828280319428
2010-07-05 00:00:00,0.4110333333333333,0.5641598724697529,0.53374827,0.3126644672144834,0.3408135593220339,0.4431142541859018
2010-07-05 01:00:00,0.3255925925925926,0.5055190462389086,0.4947589,0.5800076625957714,0.35540000000000005,0.4863120365899173
2010-07-05 02:00:00,0.3258620689655172,0.6045348893840325,0.45110938,0.35686768205646524,0.5158518518518518,0.6697667270330099
2010-07-05 03:00:00,0.3401666666666667,0.5378454395020766,0.51006746,0.3533995459064343,0.4690847457627119,0.4896022213408934
2010-07-05 04:00:00,0.3796333333333333,0.5122208067855668,0.44776857,0.47705877687424636,0.31024137931034484,0.4354974331591285
2010-07-05 05:00:00,0.35413333333333336,0.46402569724379455,0.5035073,0.39429268628801795,0.26836363636363636,0.5043451373859356
2010-07-05 06:00:00,0.3179,0.6436253590079032,0.56912875,0.48904358954323945,1.019,0.6517883962434472
2010-07-05 07:00:00,0.6796785714285714,0.7504784015820316,0.7540017,0.7482591177572031,1.3699642857142857,0.9225988636414729
2010-07-05 08:00:00,1.0759666666666665,0.9107280324176888,0.89925516,0.7437759517819267,1.4374909090909092,0.9683781321233148
2010-07-05 09:00:00,0.29875,0.862131565508593,0.9194095,0.8576270707190334,0.9632,0.9795487809531425
2010-07-05 10:00:00,0.29900000000000004,0.8595383620393199,0.8553574,0.8541904603087307,0.32566666666666666,0.8225908166356655
2010-07-05 11:00:00,0.3343666666666667,0.8680302623622731,0.7191983,0.822666758698993,0.8325818181818182,0.8090481159609667
2010-07-05 12:00:00,0.5479999999999999,0.7561543383406365,0.86258197,0.5716501883371747,0.6371228070175439,0.8255479743817836
2010-07-05 13:00:00,0.5895333333333334,0.8268335043603233,0.69199854,0.5205998883900331,0.5480666666666667,0.8100234867649034
2010-07-05 14:00:00,1.1963272727272727,0.9009084848249671,0.74246967,1.001127042039924,0.9426545454545455,0.9767539344173188
2010-07-05 15:00:00,1.4030566037735848,0.9292449314197414,0.7560129,1.0442605385377546,1.6167272727272728,1.200787501341332
2010-07-05 16:00:00,1.2209259259259257,0.6440530735730112,0.79976046,0.4972916261520923,0.9983859649122807,0.8758009236529828
2010-07-05 17:00:00,0.30566666666666664,0.6259983823283966,0.71570873,0.30034221330548894,1.5798867924528301,1.0271114068338165
2010-07-05 18:00:00,0.3173666666666667,0.6906527370588702,0.7695294,0.7642004826011246,1.756218181818182,1.146954483059203
2010-07-05 19:00:00,0.8304848484848485,0.7355429080010082,0.82977635,0.555602422602931,1.232290909090909,0.9668309237216266
2010-07-05 20:00:00,1.2053703703703704,0.7371110654740342,0.7824161,0.682331610943101,0.804,0.8640944956822232
2010-07-05 21:00:00,1.3233478260869567,0.7834697543897474,0.7144064,0.7805482966414465,1.0887272727272728,0.9234273094810772
2010-07-05 22:00:00,1.7087,1.1618160224451133,1.0039864,1.5159640598263744,1.6218181818181818,1.2464416870273984
2010-07-05 23:00:00,1.5456,0.9296996298113016,0.8654192,0.7550518365107817,1.9987037037037036,1.1258071851898066
2010-07-06 00:00:00,0.6281666666666667,0.6652250113954636,0.5105434,0.536989026064046,1.0073666666666667,0.5772250080339145
2010-07-06 01:00:00,0.31930000000000003,0.6221020152246303,0.5207693,0.6172128564269022,0.6357,0.4643781481522654
2010-07-06 02:00:00,0.36696666666666666,0.6225820364256974,0.49504516,0.5362323140320673,0.3406,0.41187547245669687
2010-07-06 03:00:00,0.3574,0.6085374725077011,0.49395093,0.44603788692548973,0.3275,0.38418688235329834
2010-07-06 04:00:00,0.2714,0.6813789211524203,0.497162,0.307994203396028,0.3541071428571429,0.37148130964272785
2010-07-06 05:00:00,0.3137,0.61928770534561,0.50216466,0.36701198633068854,0.36757142857142855,0.40116529686660063
2010-07-06 06:00:00,0.35863333333333336,0.9044477049566925,0.876027,0.5826766664890867,0.4432,0.6091223593353079
2010-07-06 07:00:00,1.1827636363636362,0.9863445991511232,1.2925696,1.0877307646407632,1.04,0.9854348097610627
2010-07-06 08:00:00,1.3287272727272728,1.0580367916684192,1.0283598,1.389324125092918,1.4976170212765958,1.0677153648040165
2010-07-06 09:00:00,1.3549122807017544,0.8335839623887812,0.96170396,0.9694287508518926,1.36148,1.0260354011003021
2010-07-06 10:00:00,1.3181428571428573,0.8882362945867395,0.8542092,1.3974703421614425,1.8552000000000002,1.1336830581261341
2010-07-06 11:00:00,0.2816,0.8731077602505605,0.99662155,0.9392433780464279,0.8169000000000001,0.8693941774526954
2010-07-06 12:00:00,0.32903333333333334,0.890585664652364,0.7524555,0.7380637943521395,0.46025454545454547,0.6371098336170117
2010-07-06 13:00:00,0.6613818181818182,0.86083129962002,0.74671835,1.1693795478399154,0.7244489795918367,0.7854104086378482
2010-07-06 14:00:00,0.6893448275862069,0.7637392570076635,0.8079409,0.7609428799892111,0.8951272727272727,0.82777494033319
2010-07-06 15:00:00,0.5567,0.8460734376927975,0.8385699,0.5923343039184226,0.35105263157894734,0.7179826058907494
2010-07-06 16:00:00,0.7087666666666667,0.6875410328429323,0.6706112,0.525268433293088,0.5522807017543859,0.6739913623680537
2010-07-06 17:00:00,0.45687272727272726,0.9525742054815872,0.8551045,1.3684591605899143,1.1988518518518518,1.0932179325893994
2010-07-06 18:00:00,0.5713666666666667,1.0195939274989834,0.8049296,0.960873548426376,0.7430689655172413,1.020636256741836
2010-07-06 19:00:00,1.2074285714285715,0.9090822348826465,0.8045953,0.6506167077268671,0.6086122448979592,0.8584523267811901
2010-07-06 20:00:00,1.4173333333333336,0.8348896506279065,0.8504552,0.602648539942808,0.7361481481481482,0.8097554627301531
2010-07-06 21:00:00,0.7395333333333334,1.1830108271396804,1.0102174,0.6737821525914757,2.1025,1.0055404093739733
2010-07-06 22:00:00,0.312,1.0150246617891534,1.0612419,1.3652926345533487,1.1297692307692306,1.4221856813205804
2010-07-06 23:00:00,0.4700333333333333,0.8104170031849189,0.72527194,0.8235855690163826,0.45380000000000004,1.0005645871291144
2010-07-07 00:00:00,0.383,0.5954776552649578,0.52692646,0.4085441106488741,0.3440333333333333,0.41480288062415327
2010-07-07 01:00:00,0.5772758620689655,0.6597587910702917,0.5090665,0.323696638406634,0.4026909090909091,0.4473651753810941
2010-07-07 02:00:00,0.31396666666666667,0.6483530107432703,0.5003717,0.41209588171413747,0.6074814814814815,0.5003647761235565
2010-07-07 03:00:00,0.38383333333333336,0.5723888157530567,0.4908492,0.41408747100596544,0.31306666666666666,0.40927141938039024
2010-07-07 04:00:00,0.2915,0.5542031339435073,0.54679376,0.40653384960067473,0.29353333333333337,0.44221886741323957
2010-07-07 05:00:00,0.28723333333333334,0.6863357911679173,0.5939426,0.5961677962041325,0.8374181818181818,0.6081045651472197
2010-07-07 06:00:00,0.8398545454545454,0.7211619148189727,0.72895706,0.543002310772944,0.5339322033898305,0.6685613670779718
2010-07-07 07:00:00,0.3096666666666667,0.9351131807602749,1.0982445,0.768854560233558,0.9855272727272727,0.9763640834530746
2010-07-07 08:00:00,0.9707931034482759,1.0183180356602417,1.0464077,1.0703999760545504,1.1312142857142857,1.0883182849063202
2010-07-07 09:00:00,0.3377,1.0829945966520849,1.0478175,0.9214982349638401,0.30890909090909097,0.8790830411638847
2010-07-07 10:00:00,0.3157666666666667,1.1250532073242014,1.2476339,1.415700592704774,0.3090333333333334,0.9322456285543176
2010-07-07 11:00:00,0.33836666666666665,0.6618267334564394,0.82336944,0.6404078876005458,0.6882,0.8336672438402819
2010-07-07 12:00:00,0.5030666666666667,0.7027481894253705,0.7206634,0.5740760703729075,1.1272363636363636,0.9206999314666451
2010-07-07 13:00:00,0.53,0.5973032901836368,0.6757988,0.5045990561723513,1.2971636363636363,0.8245945891868931
2010-07-07 14:00:00,1.3417818181818182,0.6028480356081891,0.7898259,0.8008761784685203,1.4013,0.9388888115299856
2010-07-07 15:00:00,0.7496,0.6486856326109289,0.79757375,0.5395106550795816,1.0394333333333334,0.8744028328396807
2010-07-07 16:00:00,0.32593333333333335,0.5911637617806023,0.6315403,0.4278542234226934,0.5203272727272727,0.6807734470506568
2010-07-07 17:00:00,0.31316363636363637,0.8619275989709891,0.9341015,1.2025928125473775,1.263090909090909,1.0141309697378194
2010-07-07 18:00:00,0.34276666666666666,0.6807697938750734,0.7960074,0.8604292794991484,1.311063829787234,1.0920256387838483
2010-07-07 19:00:00,0.45581132075471703,0.6008627566381614,0.8228056,0.6441249845519267,1.2917333333333334,1.0317587157988637
2010-07-07 20:00:00,1.0586666666666666,0.8352079776425689,0.83953744,0.29103862647143575,1.1435932203389831,0.8539025393739628
2010-07-07 21:00:00,0.5828571428571429,1.1422882715699563,1.1863576,2.1671823699187738,1.4090666666666667,1.4690665298793562
2010-07-07 22:00:00,0.7348363636363636,0.7847137062072576,0.7673569,0.783383890009488,1.6365,1.1982657056779882
2010-07-07 23:00:00,0.2744642857142857,0.8065247628219246,0.7470287,0.451858241536495,1.6725833333333335,1.0421846436712054
2010-07-08 00:00:00,0.33644444444444443,0.9258072247295178,0.6240825,0.8269922837655066,1.975875,0.8411619201667693
2010-07-08 01:00:00,0.5067333333333334,0.4804581648068219,0.39100954,0.5484916351595631,0.8501071428571428,0.5967867193831311
2010-07-08 02:00:00,0.3347333333333333,0.4971805846182897,0.513477,0.7118916897144638,0.3796,0.41540638515099115
2010-07-08 03:00:00,0.3299333333333333,0.41810257752406876,0.4662276,0.38308020038311374,0.3791333333333334,0.3399300940882366
2010-07-08 04:00:00,0.3731,0.37705524160170795,0.4025928,0.292060652764662,0.4200666666666667,0.39848670974894773
2010-07-08 05:00:00,0.3252666666666667,0.42571506980719237,0.43271303,0.3937637499509602,0.39679310344827584,0.44616894269913
2010-07-08 06:00:00,0.42007272727272726,0.7457012011857914,0.67457396,0.3772047915503577,0.41146666666666665,0.4779853504488353
2010-07-08 07:00:00,1.4901454545454544,0.8880844974969675,0.9646372,0.554358552443726,0.3750666666666667,0.7569275539778233
2010-07-08 08:00:00,1.116981818181818,0.9324121649420986,1.0932851,0.7820151972970208,0.4297333333333333,0.8939120523829844
2010-07-08 09:00:00,0.29600000000000004,0.7530617281744082,0.848912,0.5816235335423451,0.47473333333333334,0.8047567009398193
2010-07-08 10:00:00,0.49923333333333336,0.7636526641317637,0.84311634,0.9293781875350242,1.4165185185185185,0.9754027762881575
2010-07-08 11:00:00,0.36466666666666664,0.6593353971146151,0.7469035,1.1844830599871914,1.396235294117647,0.9188242956070026
2010-07-08 12:00:00,0.3126,0.8542983561003537,0.8428933,1.3684981573938728,1.4514814814814814,0.9446909034574382
2010-07-08 13:00:00,0.9936363636363637,0.917319838505251,0.8752001,0.959778578563697,1.0235925925925926,0.8553846744390057
2010-07-08 14:00:00,1.5818775510204082,0.8331749087765111,0.8492033,1.0430446278062637,1.0868666666666666,0.9203161627517125
2010-07-08 15:00:00,0.7195769230769231,0.7846954820418476,0.7434157,0.7462151057650639,1.1178245614035087,0.8463768315760898
2010-07-08 16:00:00,1.5146382978723405,0.6442261061131411,0.6483862,0.7305185307001996,1.220918918918919,0.8134509142376345
2010-07-08 17:00:00,0.3451,0.779860091502147,0.8575509,0.6116726215796772,0.7514193548387097,0.8630307952031975
2010-07-08 18:00:00,0.46745454545454546,0.759202352719175,0.7741098,1.0233601923716737,1.299811320754717,0.9578227304485306
2010-07-08 19:00:00,0.5424642857142857,0.9438914581842371,0.9310282,0.7906190886631819,0.4723,0.8856343637774851
2010-07-08 20:00:00,1.3765957446808512,0.8288861839692621,0.8054459,0.7333427453613259,0.48236666666666667,0.8209314014553688
2010-07-08 21:00:00,1.2891666666666666,0.914542079638033,1.1226633,1.2804650971926705,0.6671481481481482,1.0604588099339212
2010-07-08 22:00:00,1.244734693877551,0.9199698496454762,0.97385406,1.2492943250653592,0.9616603773584906,1.2096533824705515
2010-07-08 23:00:00,1.2756333333333332,0.7623127315418947,0.64690125,0.5378049789798647,0.8474,0.9210809868671435
2010-07-09 00:00:00,1.2994642857142857,0.7722852927452424,0.68987197,0.6131179053695324,1.3213818181818182,0.8299043099402192
2010-07-09 01:00:00,0.4203333333333334,0.45795167175494983,0.44455558,0.3340092221547284,0.5759000000000001,0.6195567386429861
2010-07-09 02:00:00,0.5332333333333333,0.44982009211010193,0.4541611,0.4123853181746998,0.5209333333333334,0.517703366271911
2010-07-09 03:00:00,0.42613333333333336,0.6428601037515211,0.5114653,0.5096594542765258,1.3021153846153846,0.6480241761426733
2010-07-09 04:00:00,0.46773333333333333,0.4743381143953079,0.43976232,0.49029281855044915,1.1038999999999999,0.6341777638784785
2010-07-09 05:00:00,0.6376000000000001,0.450065894869327,0.32662767,0.7874374074585386,0.8198181818181818,0.4854918978083934
2010-07-09 06:00:00,0.8848888888888888,0.6667416099809348,0.58060086,0.47724428014192666,0.3771785714285714,0.5586729435331432
2010-07-09 07:00:00,1.0345862068965517,0.5980212456093338,0.609927,0.4792396644978144,0.36948148148148147,0.6417104975024323
2010-07-09 08:00:00,0.6099333333333334,0.5786341995487854,0.7017335,0.3641408564126225,0.4290333333333333,0.6569946369320566
2010-07-09 09:00:00,0.5461509433962265,0.5529210655070784,0.59699327,0.4660251339657533,0.38656666666666667,0.6116855529011255
2010-07-09 10:00:00,0.6858333333333334,0.7217417753023154,0.6704528,0.98600801958561,0.45793220338983054,0.8323253813919227
2010-07-09 11:00:00,0.4576610169491525,0.6949004329090142,0.6848759,1.3583256656114404,0.9583636363636364,1.001773829043341
2010-07-09 12:00:00,0.4401818181818182,0.7338165315682714,0.8238905,1.360836724755138,0.6108,1.056753687716097
2010-07-09 13:00:00,1.0853333333333335,0.6451566149061091,0.6889989,0.9585738949257718,0.4926666666666667,0.8256336769926116
2010-07-09 14:00:00,0.6756333333333333,0.6430974968533327,0.7570564,0.9775960407633716,0.701921568627451,0.8163519335018032
2010-07-09 15:00:00,0.6049666666666667,0.7121995824975328,0.75250185,0.8115984652842894,0.6436666666666666,0.7996519319436024
2010-07-09 16:00:00,0.6314666666666666,0.7066391243794292,0.7890112,0.9018333496999129,1.1088135593220338,0.9011210242767838
2010-07-09 17:00:00,0.41596153846153844,0.5345921349949606,0.6828538,0.5571027313157574,0.45520689655172414,0.7280036141282952
2010-07-09 18:00:00,0.4701951219512195,0.6005311576499143,0.7055536,0.8090867239035199,0.6059333333333333,0.7844347274498568
2010-07-09 19:00:00,0.5372333333333333,0.5887464750267608,0.61397296,0.6604742963842813,1.3708928571428571,0.8892055861217074
2010-07-09 20:00:00,0.9611333333333333,0.5828374616226797,0.63969874,0.9856744668468732,1.4405185185185185,0.9601585759175825
2010-07-09 21:00:00,0.5999666666666666,0.642266866773515,0.63705426,0.6861794663138958,1.0102222222222221,1.0271710127274862
2010-07-09 22:00:00,1.378377358490566,0.5650062603959192,0.58528006,0.46487054702882613,0.40776666666666667,0.8716666714408272
2010-07-09 23:00:00,1.2499298245614034,0.5113838956824704,0.5453681,0.6142343909838691,0.3918,0.7173330271897457
2010-07-10 00:00:00,0.6412666666666667,0.4406921112363382,0.42131758,0.5542269890913889,0.4521,0.6703014289431299
2010-07-10 01:00:00,0.4046666666666667,0.4183236501813682,0.3999169,0.04223152056110391,0.5862999999999999,0.5678983440766154
2010-07-10 02:00:00,0.3341132075471698,0.7036485082747295,0.4823128,0.2121289625418169,1.4909333333333334,0.7994645344410403
2010-07-10 03:00:00,1.03836,0.4240124171270405,0.4518582,0.28376486185246197,0.6957407407407408,0.74663026734584
2010-07-10 04:00:00,0.3836333333333333,0.42723867887610995,0.48884216,0.8047129548047931,0.3784,0.6143214007162903
2010-07-10 05:00:00,0.3547,0.46550925022073836,0.36152634,0.4311985277762014,0.4239636363636364,0.6318049587550446
2010-07-10 06:00:00,0.3516333333333333,0.3910609763130763,0.441035,0.3333805631832938,0.3967450980392157,0.5643216551990404
2010-07-10 07:00:00,0.30192982456140355,0.6019574164347421,0.6695739,0.46188829369298134,1.1276333333333333,0.7660123419277891
2010-07-10 08:00:00,0.44659649122807016,0.5287096300538492,0.69544786,0.6233275928092941,0.3893333333333333,0.6368900730479251
2010-07-10 09:00:00,1.559609756097561,0.5428128097400217,0.65975696,0.4937679574196979,0.3549090909090909,0.665106533115009
2010-07-10 10:00:00,1.0045762711864408,0.5247593200557564,0.64828146,0.6818862975151395,0.3811636363636363,0.8486391827687403
2010-07-10 11:00:00,0.4861333333333333,0.626098218708414,0.618063,0.8157364626184467,0.6991666666666667,0.8950464660380184
2010-07-10 12:00:00,0.4169333333333334,0.5759261300781859,0.6582626,0.7613429528045551,0.7494666666666667,0.929896555875336
2010-07-10 13:00:00,1.1333846153846154,0.5652733802714407,0.65564805,0.7179563172108745,0.4499272727272728,0.7605832762158886
2010-07-10 14:00:00,1.6126153846153848,0.6137784410050532,0.6322566,0.7483780384080165,0.38732075471698113,0.7436881905880982
2010-07-10 15:00:00,1.4356333333333333,0.5223246409916164,0.7637859,0.8374252523903493,0.40696666666666664,0.7486711516063604
2010-07-10 16:00:00,0.6932222222222222,0.6068086713283379,0.6844039,0.9693844454908389,0.37853333333333333,0.8311175784881989
2010-07-10 17:00:00,0.8540689655172414,0.5281607148402251,0.5982538,0.7317222657414447,0.4646,0.8419267173712701
2010-07-10 18:00:00,0.41773584905660377,0.5868433642453548,0.64753556,0.4863218476573551,1.0014181818181818,1.0252279446798434
2010-07-10 19:00:00,0.5927368421052632,0.7080974458051966,0.7901965,0.9743837687594459,0.8510370370370369,0.9374716744450583
2010-07-10 20:00:00,1.1163272727272726,0.7446997902163206,0.8125806,1.1615763745085153,1.127490909090909,1.012989961299818
2010-07-10 21:00:00,0.43083333333333335,0.7173715862087504,0.8033339,0.8141166412426171,1.0712093023255813,1.0005146983600717
2010-07-10 22:00:00,0.6331666666666667,0.6369093247818091,0.7547056,0.8648008281482535,1.4026451612903226,1.0285895261359606
2010-07-10 23:00:00,0.3417931034482759,0.6122619310597528,0.6031473,0.8025030482571697,1.5550000000000002,1.062003676797435
2010-07-11 00:00:00,0.34796666666666665,0.7043450480616518,0.5156799,0.4178426546667279,1.7720714285714287,0.9587747975022658
2010-07-11 01:00:00,0.40734482758620694,0.7091385278041106,0.56406015,0.7242784848461437,1.5204615384615385,0.8872523277613644
2010-07-11 02:00:00,0.4083,0.9018945009158914,0.69514227,0.6304539874143744,1.7214146341463414,1.093612714959037
2010-07-11 03:00:00,0.3611666666666667,0.7460823876097128,0.46103778,0.38208368304449924,1.6606938775510203,0.9837035219133022
2010-07-11 04:00:00,0.3423333333333333,0.7355405869993578,0.49162278,0.404875239640168,1.5637037037037036,0.8968852815859616
2010-07-11 05:00:00,0.5,0.7407161390770142,0.5280033,0.48667868408379467,1.5546333333333335,0.8285607397580204
2010-07-11 06:00:00,0.6416727272727273,0.7847252665863378,0.64020413,0.5840403372171785,1.5591333333333333,0.7652774233700879
2010-07-11 07:00:00,0.33693333333333336,0.910534909571589,0.8467224,0.6873543437408143,2.023066666666667,0.9861747525013387
2010-07-11 08:00:00,0.5106666666666667,0.8135159505810715,0.71914816,0.9804495619352543,1.3037142857142856,0.7599133734564401
2010-07-11 09:00:00,0.4597333333333333,0.7631869615284326,0.626567,1.174616551289926,1.2342,0.8130301229120378
2010-07-11 10:00:00,1.458037037037037,0.7494242601042308,0.6261976,1.0294707751339622,1.41756,0.8276123574233085
2010-07-11 11:00:00,1.4180727272727274,0.7157518495871338,0.68133,0.6687069184650771,1.1712142857142855,0.802111126000764
2010-07-11 12:00:00,0.6400350877192982,0.6937225976381999,0.6908833,0.972959731327084,0.2969333333333333,0.661870688158436
2010-07-11 13:00:00,0.7267719298245614,0.6890413843937588,0.6700296,0.637289857131081,0.3886,0.6799093370456457
2010-07-11 14:00:00,0.4771,0.7026168651704084,0.65724194,0.6489756157386615,0.3120363636363636,0.713529388955157
2010-07-11 15:00:00,0.42576,0.7156936154502326,0.5689489,0.5865733644294093,0.3176,0.6449366767100075
2010-07-11 16:00:00,0.5152941176470588,0.7346829909763845,0.6012938,0.7367332124471819,0.24625454545454548,0.6790514582633408
2010-07-11 17:00:00,0.5170943396226415,0.76204529145214,0.7224232,0.6792036335248752,0.37296666666666667,0.7135437575398798
2010-07-11 18:00:00,0.6836734693877551,0.8604185522367201,0.71866995,0.46787031686830505,0.37999999999999995,0.8534421241100144
2010-07-11 19:00:00,1.8812592592592592,0.9159565679815578,0.93669975,1.3906699668603997,0.29210169491525423,0.8281671971326632
2010-07-11 20:00:00,0.55768,0.9490047748049436,0.9136347,1.0967026634799233,0.4307666666666667,0.8849281923842347
2010-07-11 21:00:00,0.8546153846153846,0.8065041897427,0.8892503,0.1606871322633977,1.2211636363636365,1.077364670034863
2010-07-11 22:00:00,1.402086956521739,1.086537232028015,0.78019184,0.7540342161589226,0.8110909090909091,1.0984303357312248
2010-07-11 23:00:00,2.0454999999999997,0.8287868149974216,0.70231766,0.9636234556786262,0.8788666666666667,1.111810736672237
2010-07-12 00:00:00,1.0461509433962264,0.49358819036864143,0.44676366,0.4578264930880228,0.4110333333333333,0.5861614949776334
2010-07-12 01:00:00,0.3849,0.4650680725006189,0.4502906,0.5285863086230456,0.3255925925925926,0.5500134301824333
2010-07-12 02:00:00,0.4257857142857143,0.42011903687660557,0.40920222,0.3523150500710984,0.3258620689655172,0.6666035254778037
2010-07-12 03:00:00,0.34106666666666663,0.4318432052702553,0.44185194,0.15654815497326635,0.3401666666666667,0.6348665788771689
2010-07-12 04:00:00,0.3625333333333333,0.46920515744327956,0.42177278,0.32286904565117214,0.3796333333333333,0.6509342845758643
2010-07-12 05:00:00,0.3721333333333333,0.49255134211117907,0.50759387,0.3732649183190042,0.35413333333333336,0.6639522895902047
2010-07-12 06:00:00,0.4990909090909091,0.8271435354436947,0.77325106,0.49069624245552,0.3179,0.774866025328026
2010-07-12 07:00:00,0.7291071428571428,0.9805244991409039,1.0860184,0.8629803404154299,0.6796785714285714,1.0018825941886496
2010-07-12 08:00:00,0.9088070175438596,0.7957031505798109,0.9005602,0.543846858913831,1.0759666666666665,0.9620315559723988
2010-07-12 09:00:00,0.6023999999999999,0.8579658743800058,0.8687976,0.7684862487475733,0.29875,0.7508741957762554
2010-07-12 10:00:00,0.7591666666666667,0.7695477810997418,0.7549476,0.574222575322241,0.29900000000000004,0.6291172852414442
2010-07-12 11:00:00,0.6012758620689655,0.721115030113363,0.7792667,0.6638031645641644,0.3343666666666667,0.7209915489224342
2010-07-12 12:00:00,0.7223,0.6554053602032336,0.5981921,0.438608548058284,0.5479999999999999,0.6578426950560339
2010-07-12 13:00:00,0.6212666666666667,0.6505037917243734,0.5807628,0.3141696802612196,0.5895333333333334,0.6636986081686593
2010-07-12 14:00:00,0.5216333333333333,0.7108082831500226,0.6380486,0.2830489068240065,1.1963272727272727,0.8478063212272255
2010-07-12 15:00:00,0.5429333333333334,0.868883171105304,0.67384017,0.23075866310556792,1.4030566037735848,1.0098685742857956
2010-07-12 16:00:00,0.3530333333333333,0.6250355860943927,0.50250363,0.08344914150911686,1.2209259259259257,0.8663175074246732
2010-07-12 17:00:00,1.0318490566037737,0.6505435264791052,0.63441867,0.30152689085186224,0.30566666666666664,0.7377404683242861
2010-07-12 18:00:00,0.5560754716981132,0.7118120739054566,0.7380992,0.6267671158193723,0.3173666666666667,0.7498706869645925
2010-07-12 19:00:00,0.4505769230769231,0.6291099171102956,0.53273576,0.8256495270914228,0.8304848484848485,0.8644072410883902
2010-07-12 20:00:00,1.4839636363636364,0.7150635531351337,0.599141,0.8212231987649499,1.2053703703703704,0.8715142787056066
2010-07-12 21:00:00,1.6857826086956522,0.8135634133888994,0.8686031,0.7915837710589474,1.3233478260869567,1.0741915642004203
2010-07-12 22:00:00,1.7774444444444444,0.7926699536988887,0.8199262,1.0571969526162062,1.7087,1.2926328756835939
2010-07-12 23:00:00,0.6359333333333334,0.7833540541255546,0.6729022,1.0432614175476616,1.5456,1.3437908027186631
2010-07-13 00:00:00,0.3786,0.43742088674667384,0.5336915,0.3971763108669152,0.6281666666666667,0.7122096800929488
2010-07-13 01:00:00,0.4357666666666667,0.40210262313759826,0.424899,0.2721410783834318,0.31930000000000003,0.46828225939615487
2010-07-13 02:00:00,0.33016666666666666,0.4027018856140632,0.4537465,0.41726752128096734,0.36696666666666666,0.47139824969965993
2010-07-13 03:00:00,0.30846428571428575,0.3951131799386692,0.4846588,0.59714647089925,0.3574,0.4807095533268738
2010-07-13 04:00:00,0.34240000000000004,0.4091184273417035,0.3823261,0.4615230128260813,0.2714,0.4723028895832657
2010-07-13 05:00:00,0.3662068965517241,0.38566647621750005,0.43346763,0.27624471158941644,0.3137,0.5186812131978487
2010-07-13 06:00:00,0.39246666666666663,0.5868199043017309,0.6094704,0.31688806792618684,0.35863333333333336,0.5817916691313616
2010-07-13 07:00:00,1.1444363636363635,0.741627109606656,0.8747321,0.9510947030257065,1.1827636363636362,0.9523717215148255
2010-07-13 08:00:00,1.3872558139534883,0.9569062668401691,1.0196084,1.1996939144802001,1.3287272727272728,1.1001858651018326
2010-07-13 09:00:00,1.3678604651162791,0.7157572479582325,0.72677153,0.8584328061216422,1.3549122807017544,0.9899519362565355
2010-07-13 10:00:00,0.5582592592592592,0.7683030010163148,0.7872842,0.9209628928504611,1.3181428571428573,1.0436228065316788
2010-07-13 11:00:00,0.5599285714285714,0.6440089481118433,0.7167239,0.48732702540749206,0.2816,0.6521305267132683
2010-07-13 12:00:00,0.5738666666666667,0.5080658240536475,0.55102646,0.34080739796288473,0.32903333333333334,0.48081926331629554
2010-07-13 13:00:00,1.2904814814814816,0.5803994820951165,0.57323563,0.40845910745634406,0.6613818181818182,0.6165798876254327
2010-07-13 14:00:00,1.2496326530612245,0.6571204644206374,0.6529971,0.5541018605388335,0.6893448275862069,0.7689722815172441
2010-07-13 15:00:00,0.876,0.5303591318307257,0.6517216,0.48097885605951907,0.5567,0.703321640327525
2010-07-13 16:00:00,0.49313333333333337,0.6600494230574482,0.6974468,0.5295980211298544,0.7087666666666667,0.7668150904337311
2010-07-13 17:00:00,0.4898666666666667,0.5758838221805023,0.58822227,0.2817340080368729,0.45687272727272726,0.7319922823711859
2010-07-13 18:00:00,0.7999615384615384,0.526906144773754,0.58793783,0.2863949678954084,0.5713666666666667,0.6919285615456295
2010-07-13 19:00:00,1.2494117647058822,0.6025090489393365,0.7070888,0.3041612949023521,1.2074285714285715,0.8778135734281722
2010-07-13 20:00:00,1.3258333333333334,0.7377632612752533,0.7906313,0.8757209247455058,1.4173333333333336,1.0682806763340122
2010-07-13 21:00:00,1.7947555555555554,0.7663298439508219,0.9125185,0.9707139861398986,0.7395333333333334,1.174168694792123
2010-07-13 22:00:00,1.5288399999999998,0.6688605055008219,0.7302246,0.5833224245911024,0.312,0.8933116785016713
2010-07-13 23:00:00,0.7847037037037038,0.5393066681697621,0.5698753,0.5908162242258626,0.4700333333333333,0.8039624424086445
2010-07-14 00:00:00,0.41373584905660377,0.3936696919900349,0.43577397,0.23974755451443341,0.383,0.4334437711932555
2010-07-14 01:00:00,0.6503,0.39106392037839116,0.4143199,0.36049468476605173,0.5772758620689655,0.44852296704939065
2010-07-14 02:00:00,0.39481481481481484,0.400418123399524,0.41074517,0.31873671795717695,0.31396666666666667,0.45081894968565017
2010-07-14 03:00:00,0.35323333333333334,0.4025051748998502,0.41892204,0.3850601533159945,0.38383333333333336,0.4466816874553352
2010-07-14 04:00:00,0.3167407407407407,0.4020022367814602,0.41881573,0.2582603664730947,0.2915,0.43367621646642773
2010-07-14 05:00:00,0.3449122807017544,0.38128141692028117,0.43295762,0.21197219801803258,0.28723333333333334,0.4968326284642882
2010-07-14 06:00:00,0.3964363636363636,0.4993940828169973,0.5302115,0.3864663235695869,0.8398545454545454,0.5998740587611988
2010-07-14 07:00:00,0.9360666666666667,0.7365795959747348,0.92256314,0.7704391648144255,0.3096666666666667,0.7350626761161676
2010-07-14 08:00:00,0.6037,0.7269555239766169,0.8349946,1.1054551341434211,0.9707931034482759,0.937406884408355
2010-07-14 09:00:00,0.4261777777777778,0.7087619962380682,0.7914724,0.680023374329807,0.3377,0.6576307173197
2010-07-14 10:00:00,0.3860869565217392,0.7455657505609349,0.8110185,0.7740584070171199,0.3157666666666667,0.6427025185168209
2010-07-14 11:00:00,0.8570204081632653,0.5079578753177121,0.64702886,0.3933084799384102,0.33836666666666665,0.5811122756531097
2010-07-14 12:00:00,0.9267346938775509,0.597737215439923,0.622043,0.3900193333385381,0.5030666666666667,0.71381898771051
2010-07-14 13:00:00,1.2403333333333333,0.6217680387851602,0.60065037,0.6035773086590118,0.53,0.8359242348004364
2010-07-14 14:00:00,1.4386666666666665,0.6814704247490829,0.6779201,0.6500131487118352,1.3417818181818182,1.006177277584194
2010-07-14 15:00:00,1.0747666666666666,0.555549774771911,0.6314015,0.5775074310013707,0.7496,0.8821770594366937
2010-07-14 16:00:00,0.525,0.5180988002722536,0.62976384,0.5022093170104571,0.32593333333333335,0.6967070839744915
2010-07-14 17:00:00,0.4873333333333333,0.45638779367133275,0.52408135,0.5630181621444016,0.31316363636363637,0.682797635753597
2010-07-14 18:00:00,0.5254,0.4916367336552961,0.52411854,0.542243198422067,0.34276666666666666,0.705140404366509
2010-07-14 19:00:00,0.528974358974359,0.6073017354198575,0.71102464,0.7271473966341309,0.45581132075471703,0.8754336547910082
2010-07-14 20:00:00,0.8464150943396226,0.7201386221201831,0.76248205,0.6844472669468064,1.0586666666666666,1.0451871221058502
2010-07-14 21:00:00,1.7617948717948717,0.6638705085718337,0.65373707,0.5049963908709412,0.5828571428571429,0.9665576019843631
2010-07-14 22:00:00,2.6008695652173914,0.6203245799506167,0.55258155,0.4322764849126761,0.7348363636363636,0.9191964948257316
2010-07-14 23:00:00,2.8413191489361704,0.562838129022282,0.57782507,0.5785425180760899,0.2744642857142857,0.8955083049518644
2010-07-15 00:00:00,2.26012,0.4524878321155799,0.4622785,0.3133696779148405,0.33644444444444443,0.6300250024949277
2010-07-15 01:00:00,1.3841333333333334,0.47619698890576223,0.4634606,0.32446755528055937,0.5067333333333334,0.557044835224117
2010-07-15 02:00:00,1.2592333333333334,0.40623577219256285,0.44500932,0.4407286635854438,0.3347333333333333,0.44171815190919483
2010-07-15 03:00:00,0.8019333333333333,0.3775679499621256,0.47191405,0.28379237402398894,0.3299333333333333,0.4495446872972929
2010-07-15 04:00:00,0.8353666666666667,0.4170020326824502,0.42306492,0.3606239399102624,0.3731,0.47904433792655454
2010-07-15 05:00:00,0.7728,0.4688852227266447,0.44637954,0.16895726490229857,0.3252666666666667,0.4916020991615566
2010-07-15 06:00:00,0.7411636363636365,0.5384065968975761,0.55327046,0.32407555065730576,0.42007272727272726,0.5376271756524131
2010-07-15 07:00:00,0.8101333333333333,0.6375702435955953,0.766161,0.6931737944261662,1.4901454545454544,0.7925220804998779
2010-07-15 08:00:00,1.0237142857142858,0.7560018503340368,0.76834357,1.2016428724112913,1.116981818181818,0.8827868726920177
2010-07-15 09:00:00,1.7693333333333334,0.5353864898373012,0.6899334,0.6871733095438841,0.29600000000000004,0.617702429098492
2010-07-15 10:00:00,1.1026666666666667,0.533749276449566,0.618253,0.6388827393053822,0.49923333333333336,0.7498513394193316
2010-07-15 11:00:00,1.185381818181818,0.49440614286075707,0.5217465,0.43051211277762513,0.36466666666666664,0.6549724470689673
2010-07-15 12:00:00,0.49261818181818184,0.39537472451295924,0.51974875,0.38072675510872667,0.3126,0.6421697724029359
2010-07-15 13:00:00,0.4769433962264151,0.5581280208976247,0.5253309,0.4444826743682472,0.9936363636363637,0.7638354627688804
2010-07-15 14:00:00,0.8797627118644068,0.7475328342063677,0.6628674,0.965242234467969,1.5818775510204082,1.0643559064602144
2010-07-15 15:00:00,1.3313777777777778,0.5482305904768584,0.56927997,0.3421707565877994,0.7195769230769231,0.8572753142182563
2010-07-15 16:00:00,1.1058999999999999,0.6958131749689299,0.522692,0.7645916801446793,1.5146382978723405,0.9408033189625116
2010-07-15 17:00:00,0.5337,0.46544374282770534,0.50039536,0.4356127638664874,0.3451,0.6397202311558803
2010-07-15 18:00:00,0.5462,0.46820185997408303,0.40941748,0.5977433858594845,0.46745454545454546,0.710196355997886
2010-07-15 19:00:00,0.5149666666666667,0.6111840616449155,0.5572102,0.8031608783908281,0.5424642857142857,0.6969933383725258
2010-07-15 20:00:00,0.4996551724137931,0.8061244797017234,0.7731942,1.0161814422261115,1.3765957446808512,0.9541017492332919
2010-07-15 21:00:00,1.654111111111111,0.5970795515689502,0.6595809,0.5266830883665391,1.2891666666666666,0.9551683416490986
2010-07-15 22:00:00,2.294111111111111,0.522613860599911,0.45967937,0.5597682998379849,1.244734693877551,0.9784697350345487
2010-07-15 23:00:00,1.3301666666666667,0.5767334324733012,0.33772814,0.29423409632383346,1.2756333333333332,0.9111039149717828
2010-07-16 00:00:00,0.7512000000000001,0.6492317327310905,0.49661818,0.5946393817140219,1.2994642857142857,0.7704659185872089
2010-07-16 01:00:00,0.5985333333333334,0.3634616944422803,0.40029904,0.3985972142189047,0.4203333333333334,0.482019901373014
2010-07-16 02:00:00,0.397,0.40995410055595805,0.43649474,0.4497197283627038,0.5332333333333333,0.4450625238089121
2010-07-16 03:00:00,0.4656666666666667,0.35369898823825247,0.40561366,0.2030061872966472,0.42613333333333336,0.5181537526269955
2010-07-16 04:00:00,0.3188813559322034,0.3854641860680237,0.42061722,0.3404415833993346,0.46773333333333333,0.5447341722361145
2010-07-16 05:00:00,0.27890000000000004,0.44227950062754073,0.4792846,0.296480963757485,0.6376000000000001,0.5477341466018634
2010-07-16 06:00:00,0.30757142857142855,0.5344867140213877,0.57875806,0.37795811479493124,0.8848888888888888,0.6027045824118906
2010-07-16 07:00:00,0.2783666666666667,0.585663233893284,0.75806713,0.4686550128033521,1.0345862068965517,0.7520833141527636
2010-07-16 08:00:00,0.665686274509804,0.6171059642896024,0.842222,0.5367362354897798,0.6099333333333334,0.7009176619507531
2010-07-16 09:00:00,0.7357333333333334,0.5325055964279167,0.6635956,0.35847802801585216,0.5461509433962265,0.5512810496248854
2010-07-16 10:00:00,0.5718,0.538751698491627,0.6124617,0.49963257941328776,0.6858333333333334,0.6515253440678571
2010-07-16 11:00:00,0.30183333333333334,0.5613468227112435,0.5846758,0.47914002740054473,0.4576610169491525,0.6299629062708476
2010-07-16 12:00:00,0.3291,0.6034781550505346,0.6062671,0.45232063026565816,0.4401818181818182,0.5779619724410207
2010-07-16 13:00:00,0.632,0.5508501282823604,0.5970789,0.6859801903148979,1.0853333333333335,0.7701073527937465
2010-07-16 14:00:00,0.6921,0.7153275316816334,0.5803269,0.9273453493706358,0.6756333333333333,0.9215423434894572
2010-07-16 15:00:00,1.3505172413793103,0.5135818049589248,0.5249284,0.5662805878973349,0.6049666666666667,0.7118017764777225
2010-07-16 16:00:00,0.5234181818181818,0.6003486083808329,0.5327654,0.8613622139282224,0.6314666666666666,0.8466100003074879
2010-07-16 17:00:00,0.3144666666666666,0.5144449583030632,0.46251634,0.5174734312641163,0.41596153846153844,0.5824265333806249
2010-07-16 18:00:00,0.2937333333333333,0.6128826154292082,0.59052235,0.7207151164191334,0.4701951219512195,0.6310600909580574
2010-07-16 19:00:00,0.2882181818181818,0.5500067683716903,0.5568698,0.6903320487877799,0.5372333333333333,0.7589634690935407
2010-07-16 20:00:00,0.2785,0.6240488845964726,0.61701614,0.688160798060038,0.9611333333333333,1.0091564217939624
2010-07-16 21:00:00,0.9086000000000001,0.5757619167949528,0.636006,0.5152705269169414,0.5999666666666666,0.86519926270783
2010-07-16 22:00:00,1.1646,0.6785961511918795,0.6461787,0.7488223630585211,1.378377358490566,1.0030106462412451
2010-07-16 23:00:00,0.8978666666666667,0.6654143750059127,0.5504519,0.5126507191969119,1.2499298245614034,0.9881846648475042
2010-07-17 00:00:00,0.8313,0.44909363184219026,0.49881476,0.5853427353056557,0.6412666666666667,0.7136530724696665
2010-07-17 01:00:00,0.9153703703703704,0.4454147265136218,0.42837292,0.45066569589956784,0.4046666666666667,0.5578827910303188
2010-07-17 02:00:00,0.9506071428571429,0.47347563533368286,0.4378661,0.32478847219888995,0.3341132075471698,0.6406357071158193
2010-07-17 03:00:00,0.24865454545454546,0.4371716257911149,0.40678802,0.3858597745369633,1.03836,0.6540114815693356
2010-07-17 04:00:00,0.3345,0.41103552709184454,0.39585498,0.30200371684947946,0.3836333333333333,0.5387957154226368
2010-07-17 05:00:00,0.30419999999999997,0.43338265379854785,0.43577033,0.44884468075017847,0.3547,0.5320576290545347
2010-07-17 06:00:00,0.27139285714285716,0.45762632318752133,0.48613778,0.4396894988186285,0.3516333333333333,0.5784019474598228
2010-07-17 07:00:00,0.31176666666666664,0.5590131123194493,0.6544227,0.653192949898669,0.30192982456140355,0.7440033681111035
2010-07-17 08:00:00,0.4137,0.5168917415343296,0.63118744,0.6846597580121874,0.44659649122807016,0.6583488791697488
2010-07-17 09:00:00,1.3466428571428573,0.6884876880323978,0.69008607,0.6743340138652135,1.559609756097561,0.8386695321107478
2010-07-17 10:00:00,1.3380727272727275,0.7286477644573576,0.746455,1.0221379790966387,1.0045762711864408,0.8699974855661012
2010-07-17 11:00:00,0.3967,0.5875140535967279,0.7072068,0.5535257329451798,0.4861333333333333,0.7438389170002707
2010-07-17 12:00:00,0.3141,0.465316127849285,0.65041876,0.49026193557854736,0.4169333333333334,0.6786662564732073
2010-07-17 13:00:00,0.25033333333333335,0.6524689921252659,0.79813516,0.8167058697779128,1.1333846153846154,0.9167106518427857
2010-07-17 14:00:00,0.30243333333333333,0.6836905117204186,0.6368802,0.5773670104352827,1.6126153846153848,1.0268928945371678
2010-07-17 15:00:00,0.29786666666666667,0.7295635559012268,0.7623706,1.2059121838386322,1.4356333333333333,0.8642921601415792
2010-07-17 16:00:00,0.32016666666666665,0.5891689824810112,0.70434165,0.7024577092665127,0.6932222222222222,0.848186770783028
2010-07-17 17:00:00,0.24260714285714285,0.54891800042887,0.7045778,0.5024869963516498,0.8540689655172414,0.7363756382939134
2010-07-17 18:00:00,0.30396666666666666,0.5036514804128732,0.6736389,0.6306269296410492,0.41773584905660377,0.7485820000403605
2010-07-17 19:00:00,0.2739285714285714,0.6786224322229587,0.7388592,0.936235680238916,0.5927368421052632,0.7938738907734076
2010-07-17 20:00:00,1.0122666666666666,0.5908221257847895,0.75316185,0.4970297974621354,1.1163272727272726,1.0377602196381825
2010-07-17 21:00:00,0.633551724137931,0.6255486543044847,0.80444795,0.9335562081103093,0.43083333333333335,0.9005273553308164
2010-07-17 22:00:00,0.7014915254237288,0.5174782160797922,0.86525893,1.0633235302594215,0.6331666666666667,1.0678700851709795
2010-07-17 23:00:00,0.4975714285714286,0.5680961545265061,0.55196786,0.9921700792541952,0.3417931034482759,1.0022346530099704
2010-07-18 00:00:00,0.4363,0.514060522098825,0.62110335,0.6150821031457115,0.34796666666666665,0.7862110284140665
2010-07-18 01:00:00,0.35178571428571426,0.47444353118914534,0.48593083,0.26233015898757517,0.40734482758620694,0.7024621100744152
2010-07-18 02:00:00,0.332,0.47880716926655537,0.46034923,0.4048260012830325,0.4083,0.743796467509371
2010-07-18 03:00:00,0.5937333333333333,0.42681294783680007,0.36247426,0.49931098544430297,0.3611666666666667,0.8098798704051401
2010-07-18 04:00:00,0.21686666666666668,0.41064483376981564,0.40106994,0.32671378744390256,0.3423333333333333,0.7069638801228613
2010-07-18 05:00:00,0.25483636363636364,0.4506665910605271,0.40733996,0.42361979857010856,0.5,0.7500878318852047
2010-07-18 06:00:00,0.2955666666666667,0.6315856773938662,0.52975637,0.3915492173683468,0.6416727272727273,0.7924792637759132
2010-07-18 07:00:00,1.1065357142857144,0.6053563064359292,0.62096125,0.5690518743894601,0.33693333333333336,0.7988855172061703
2010-07-18 08:00:00,0.3011666666666667,0.6478399060008775,0.5705868,0.4175182500745611,0.5106666666666667,0.7088768303791526
2010-07-18 09:00:00,0.31216666666666665,0.8246116946160982,0.5920679,0.5219347931610491,0.4597333333333333,0.8693407529336088
2010-07-18 10:00:00,0.23963333333333334,0.7873912707137188,0.6576715,0.498525133158667,1.458037037037037,1.0535824978255932
2010-07-18 11:00:00,0.28513333333333335,0.7106571836120359,0.65083385,0.7021288574589728,1.4180727272727274,0.9628146283053064
2010-07-18 12:00:00,0.3173666666666667,0.6308107844893341,0.5875643,0.43360536611598377,0.6400350877192982,0.6758221270454677
2010-07-18 13:00:00,0.2658,0.8230392432771632,0.76534504,0.8105220967126243,0.7267719298245614,0.7801858745304121
2010-07-18 14:00:00,0.27539285714285716,0.7770621638203487,0.7513286,0.5444887297416159,0.4771,0.7644204040321261
2010-07-18 15:00:00,0.22990000000000002,0.852283343843012,0.7302964,0.7298514932450982,0.42576,0.745005491377319
2010-07-18 16:00:00,0.29446666666666665,0.7428541780214742,0.6687919,0.4145549171879822,0.5152941176470588,0.6887291131122342
2010-07-18 17:00:00,0.2893,0.7974196723007582,0.63523924,0.4904092926946003,0.5170943396226415,0.7654384695944564
2010-07-18 18:00:00,0.9191,0.6965218244785611,0.649882,0.5489612042186442,0.6836734693877551,0.7802434513080108
2010-07-18 19:00:00,1.196896551724138,0.8341294292257693,0.61231655,0.7521823828319203,1.8812592592592592,1.0619259948217799
2010-07-18 20:00:00,1.1333898305084746,0.7321044908361809,0.9389395,0.6611536032483856,0.55768,0.9332285231649151
2010-07-18 21:00:00,1.0483,0.6685410927227745,0.6749865,0.5407680910496708,0.8546153846153846,0.9189830897597389
2010-07-18 22:00:00,1.0921666666666667,0.7049957027638372,0.6684673,0.7260237473463713,1.402086956521739,1.0641180672131447
2010-07-18 23:00:00,1.4822333333333333,0.9686079293279514,0.7353191,0.8077121926242671,2.0454999999999997,1.1896356656047276
2010-07-19 00:00:00,0.3711,0.46269551047401597,0.44726792,0.4950303645716757,1.0461509433962264,0.6102248922729563
2010-07-19 01:00:00,0.22210714285714286,0.4305190504253986,0.4032192,0.7035234827031869,0.3849,0.36076608183757364
2010-07-19 02:00:00,0.27003389830508473,0.39914545755065467,0.4523221,0.3900604110167263,0.4257857142857143,0.3517654671152035
2010-07-19 03:00:00,0.28873333333333334,0.4025901348382406,0.43069988,0.32064633198604564,0.34106666666666663,0.3825606150871075
2010-07-19 04:00:00,0.29186206896551725,0.4377914507820783,0.41110334,0.2859987050018713,0.3625333333333333,0.3577250289874683
2010-07-19 05:00:00,0.3062666666666667,0.4333698677421319,0.4007344,0.21152740901704115,0.3721333333333333,0.3820401923039889
2010-07-19 06:00:00,0.9634915254237288,0.5234784004142747,0.5803603,0.34913410308023907,0.4990909090909091,0.48339262379981807
2010-07-19 07:00:00,0.5998666666666667,0.6300851892913886,0.799315,0.5835322922053338,0.7291071428571428,0.6535934729590056
2010-07-19 08:00:00,0.2998,0.6010476904118194,0.6873661,0.3261208487790668,0.9088070175438596,0.7602292071858089
2010-07-19 09:00:00,0.30093333333333333,0.5758949577723584,0.65686774,0.33854590102757254,0.6023999999999999,0.6928430526362394
2010-07-19 10:00:00,0.33864406779661016,0.7281155970242251,0.65194976,0.9338715882907281,0.7591666666666667,0.7775228155411746
2010-07-19 11:00:00,0.32420000000000004,0.6989391180059458,0.6377947,1.0187431228120347,0.6012758620689655,0.7220381398376801
2010-07-19 12:00:00,0.21,0.5850791038415397,0.6126742,0.420515415048916,0.7223,0.6604923368796243
2010-07-19 13:00:00,0.39103333333333334,0.5804694704191367,0.49522206,0.28772540681941094,0.6212666666666667,0.6796140785222493
2010-07-19 14:00:00,0.34636666666666666,0.5930059474930831,0.45283392,0.22492506900186515,0.5216333333333333,0.7537642164506814
2010-07-19 15:00:00,0.46725,0.5798487668290696,0.4440292,0.2778412512016284,0.5429333333333334,0.7701132757727862
2010-07-19 16:00:00,0.409,0.603801161039225,0.42182288,0.24849629240823357,0.3530333333333333,0.6597057002460677
2010-07-19 17:00:00,0.9604363636363636,0.5901263048353003,0.4857475,0.14747312299920756,1.0318490566037737,0.6985463903821888
2010-07-19 18:00:00,1.2816727272727273,0.5993606339571674,0.5449886,0.2681111762601426,0.5560754716981132,0.6375618342525272
2010-07-19 19:00:00,1.3522909090909092,0.7288944404926407,0.58152866,0.48010730063270923,0.4505769230769231,0.8175863948765286
2010-07-19 20:00:00,0.37133333333333335,0.7243747269829841,0.6323228,0.36389396808595553,1.4839636363636364,0.8087486543515426
2010-07-19 21:00:00,0.36093103448275865,0.6731064622606442,0.6731125,0.5327338378332332,1.6857826086956522,1.0870063658710964
2010-07-19 22:00:00,1.1123076923076924,1.1164365346704535,0.81293935,0.8186314514358044,1.7774444444444444,1.1688655702292798
2010-07-19 23:00:00,0.9906666666666666,0.6614985953705259,0.44112015,1.1147812104153711,0.6359333333333334,1.0337006750668254
2010-07-20 00:00:00,0.4338666666666667,0.37105165526950296,0.4815553,0.38172982676670586,0.3786,0.442257045647906
2010-07-20 01:00:00,0.3684333333333333,0.4214080153409212,0.44998682,0.23945072882643814,0.4357666666666667,0.36006231148168666
2010-07-20 02:00:00,0.4292280701754386,0.41460923199892596,0.4462194,0.2569538957661599,0.33016666666666666,0.33911394737867073
2010-07-20 03:00:00,0.6963333333333334,0.3867080207250034,0.4353231,0.30098092245127217,0.30846428571428575,0.3368641416968967
2010-07-20 04:00:00,0.3470333333333333,0.47408682845845784,0.46267164,0.29570676798862294,0.34240000000000004,0.3640219474867027
2010-07-20 05:00:00,0.4106896551724138,0.5194546939813709,0.53275204,0.3956395149997566,0.3662068965517241,0.4657561086678479
2010-07-20 06:00:00,0.9691272727272727,0.5763016226716989,0.52711564,0.2731520275193946,0.39246666666666663,0.4877738506093847
2010-07-20 07:00:00,0.3312,0.6596156947985302,0.5917863,0.5028077267858814,1.1444363636363635,0.7971660019439469
2010-07-20 08:00:00,0.33313333333333334,0.825472696344163,0.86173004,0.9434771235699754,1.3872558139534883,0.9537872270345588
2010-07-20 09:00:00,0.3053214285714286,0.7640696326871013,0.6827858,0.7043260772283158,1.3678604651162791,0.8850081801548261
2010-07-20 10:00:00,1.1639629629629629,0.6773049791192808,0.63254267,0.6924957080206104,0.5582592592592592,0.804008632299958
2010-07-20 11:00:00,0.6484363636363637,0.5344763367053158,0.551356,0.39707749136199266,0.5599285714285714,0.5634496264001203
2010-07-20 12:00:00,0.3365,0.5783938533469583,0.5362458,0.3048435519761865,0.5738666666666667,0.5326717465129092
2010-07-20 13:00:00,0.28047272727272726,0.5372375543457102,0.5981135,0.3717552008450177,1.2904814814814816,0.7405773885890055
2010-07-20 14:00:00,0.3074,0.5717923970227228,0.58883846,0.5069113579729875,1.2496326530612245,0.7374124513088252
2010-07-20 15:00:00,0.32306666666666667,0.6514297922337756,0.5845906,0.45661510641648817,0.876,0.6604202685487667
2010-07-20 16:00:00,0.2845333333333333,0.6485105558739193,0.5157203,0.212208314391097,0.49313333333333337,0.5700304862648349
2010-07-20 17:00:00,0.4182545454545455,0.5847053127092416,0.59907144,0.28249617170253327,0.4898666666666667,0.5835392503748471
2010-07-20 18:00:00,0.7254333333333334,0.6281234049989421,0.5354994,0.36208224377894804,0.7999615384615384,0.5889711060735983
2010-07-20 19:00:00,0.6658000000000001,0.8104357905286008,0.74224305,0.7027820268527531,1.2494117647058822,0.8550009205131939
2010-07-20 20:00:00,1.4728076923076923,0.9266459018714625,0.8011637,0.6488266866338002,1.3258333333333334,1.0057746306690625
2010-07-20 21:00:00,0.7579666666666667,0.9295566468043102,0.8426065,0.9691550058727055,1.7947555555555554,1.1249719353620389
2010-07-20 22:00:00,0.6478888888888888,0.9839546853672523,0.72860664,1.0466262604424765,1.5288399999999998,1.064492235330191
2010-07-20 23:00:00,0.9597,0.6248967620123312,0.65105784,0.5144532085751202,0.7847037037037038,0.8550229602909063
2010-07-21 00:00:00,0.7822666666666667,0.3703349998896158,0.39434913,0.3223373444147001,0.41373584905660377,0.37025025221073127
2010-07-21 01:00:00,0.7374333333333334,0.35674503119827233,0.43945912,0.31176696829452744,0.6503,0.41648404083039825
2010-07-21 02:00:00,0.27156363636363634,0.39745711996080224,0.46377945,0.31757396890888545,0.39481481481481484,0.35040473451094445
2010-07-21 03:00:00,0.3116333333333333,0.34251309122900386,0.42503962,0.335866895821324,0.35323333333333334,0.3256774050395952
2010-07-21 04:00:00,0.2886545454545455,0.42907611638501275,0.46714467,0.33217333273373206,0.3167407407407407,0.35417891625722153
2010-07-21 05:00:00,0.3070333333333333,0.427574667869802,0.47195977,0.28701756431322656,0.3449122807017544,0.40607900000747077
2010-07-21 06:00:00,0.3196,0.5785800350106494,0.5459537,0.23318804005170501,0.3964363636363636,0.5297751682883206
2010-07-21 07:00:00,0.5033703703703704,0.7081990547595837,0.7594165,0.666954241279064,0.9360666666666667,0.6977576485931951
2010-07-21 08:00:00,0.8515,0.7174155003962599,0.78001565,0.8791459881029313,0.6037,0.837925868012459
2010-07-21 09:00:00,0.35500000000000004,0.7136580627660115,0.78021014,0.8142040001708807,0.4261777777777778,0.6590624307894448
2010-07-21 10:00:00,0.3053666666666667,0.5525909143565928,0.66403186,0.48381818084541106,0.3860869565217392,0.534753868850589
2010-07-21 11:00:00,0.3152758620689655,0.5728219840056801,0.56687367,0.49661292571272075,0.8570204081632653,0.6715213697270519
2010-07-21 12:00:00,0.28653333333333336,0.5591696903937318,0.58212453,0.3271651534462888,0.9267346938775509,0.7038782501909047
2010-07-21 13:00:00,0.7431836734693877,0.7184459128175809,0.7453583,0.6246762938455463,1.2403333333333333,0.8665880981123002
2010-07-21 14:00:00,0.8655,0.7480336125313337,0.675361,0.7417260935730906,1.4386666666666665,1.0315155575518804
2010-07-21 15:00:00,0.7487666666666667,0.5241002075353411,0.6066392,0.3699000421701085,1.0747666666666666,0.8051805390951751
2010-07-21 16:00:00,1.1869818181818184,0.48104128274832925,0.48704255,0.18738930807099508,0.525,0.5278138339775444
2010-07-21 17:00:00,0.7247719298245614,0.5646004186487031,0.50891834,0.3221922088945086,0.4873333333333333,0.5403192738478173
2010-07-21 18:00:00,0.2693818181818182,0.4946723274572885,0.51304144,0.305532509913095,0.5254,0.5689829452873045
2010-07-21 19:00:00,0.7259661016949153,0.5048717128693484,0.6061092,0.3291328118797787,0.528974358974359,0.6287113052837783
2010-07-21 20:00:00,1.2358275862068966,0.5777114235258776,0.72622275,0.8847241157708979,0.8464150943396226,0.9565559858316707
2010-07-21 21:00:00,0.47623333333333334,1.0142793000231305,0.7638859,1.0878443736296148,1.7617948717948717,1.20785964370464
2010-07-21 22:00:00,1.3224,1.2159462010087723,1.0271766,1.7784962527958006,2.6008695652173914,1.469287566510049
2010-07-21 23:00:00,2.6757894736842105,1.195919162117965,1.0704435,1.517529250914335,2.8413191489361704,1.3055915062802854
2010-07-22 00:00:00,2.59736,1.0819678228266796,1.0625578,1.130567463283751,2.26012,0.9302015229079097
2010-07-22 01:00:00,2.1680333333333333,0.8427896745955173,0.9592761,0.8728864392837681,1.3841333333333334,0.7943761945685814
2010-07-22 02:00:00,1.4502372881355932,0.7343683287833688,0.74742883,0.803343869864962,1.2592333333333334,0.6214736926545226
2010-07-22 03:00:00,1.4041,0.6369499661055851,0.47628632,0.664969983149109,0.8019333333333333,0.4568573277979733
2010-07-22 04:00:00,1.3682666666666667,0.5802653508945294,0.48906797,0.3250635250069508,0.8353666666666667,0.4435247460469376
2010-07-22 05:00:00,0.40221052631578946,0.5095988897772012,0.43343508,0.4276963532985171,0.7728,0.45630622795932807
2010-07-22 06:00:00,0.3189642857142857,0.6742984735461109,0.5919719,0.46516929563416753,0.7411636363636365,0.49029953671529325
2010-07-22 07:00:00,0.43299999999999994,0.8433244183174867,0.86993796,0.5574801160612988,0.8101333333333333,0.8115555933623361
2010-07-22 08:00:00,1.017090909090909,0.8308772563697556,0.8889033,0.5376301066290858,1.0237142857142858,0.8446312415763788
2010-07-22 09:00:00,0.36193333333333333,0.8016742582749886,0.7875876,0.6363875568816562,1.7693333333333334,0.8773287078064813
2010-07-22 10:00:00,0.32045614035087716,0.8598186186879943,0.8753049,0.22007733917206196,1.1026666666666667,0.7205485045951028
2010-07-22 11:00:00,0.3160689655172414,0.8202884744870054,0.5943862,0.3463835081660902,1.185381818181818,0.6836482409166879
2010-07-22 12:00:00,0.36920000000000003,0.7899369517648394,0.6804929,0.8496087639830511,0.49261818181818184,0.6345200269784548
2010-07-22 13:00:00,0.3661333333333333,0.8616393234358887,0.73822516,0.8118663568049639,0.4769433962264151,0.764943359262182
2010-07-22 14:00:00,1.1696923076923076,0.8470271160054204,0.9092995,0.9132256974177264,0.8797627118644068,0.9071296185667657
2010-07-22 15:00:00,0.3668333333333333,0.739199315923163,0.7823296,0.7065645568490241,1.3313777777777778,0.8812113467146703
2010-07-22 16:00:00,0.31018181818181817,0.8707038435482113,0.7704821,0.8191710502955701,1.1058999999999999,0.9248924214049
2010-07-22 17:00:00,0.38603333333333334,0.6618466484523902,0.64086753,0.5388511448208161,0.5337,0.649678325254459
2010-07-22 18:00:00,0.31334545454545454,0.6456213724600413,0.62543935,0.3525754156467963,0.5462,0.6504917134763476
2010-07-22 19:00:00,0.3274642857142857,0.6940248967272165,0.66490865,0.5432633326688555,0.5149666666666667,0.6943270157372102
2010-07-22 20:00:00,0.3955666666666666,0.7715503275316188,0.79209083,0.6303633519418239,0.4996551724137931,0.8247079030396012
2010-07-22 21:00:00,0.8952962962962964,1.0045533503422917,1.0377713,1.2975546546038135,1.654111111111111,1.2249481450581043
2010-07-22 22:00:00,1.1483666666666668,1.2878491935377732,1.0813046,1.3008760853421686,2.294111111111111,1.5422691513611615
2010-07-22 23:00:00,0.5061034482758621,1.1138387886853494,1.0350866,0.99081589797165,1.3301666666666667,1.3506458440832656
2010-07-23 00:00:00,0.4777090909090909,0.536761432842303,0.4108204,0.9601459458927935,0.7512000000000001,0.826240977810809
2010-07-23 01:00:00,1.2060357142857143,0.4298982999990068,0.46048653,0.46107653566689566,0.5985333333333334,0.5402148344693685
2010-07-23 02:00:00,0.5916666666666667,0.39056870471682276,0.4603475,0.4559792141680834,0.397,0.4980310427375988
2010-07-23 03:00:00,1.1945263157894737,0.3779823117536666,0.48264912,0.44704598271988083,0.4656666666666667,0.4531334343321156
2010-07-23 04:00:00,0.61788,0.4223816081069702,0.4448761,0.412685237608274,0.3188813559322034,0.44773036694401547
2010-07-23 05:00:00,0.8215555555555556,0.4041386653539815,0.46456707,0.3103963436564321,0.27890000000000004,0.49574203652369553
2010-07-23 06:00:00,0.3563,0.640916672448627,0.6511611,0.30774450654478824,0.30757142857142855,0.5785456764938188
2010-07-23 07:00:00,0.31785454545454545,0.6952225131069405,0.8242184,0.3023115205633481,0.2783666666666667,0.6712012281339426
2010-07-23 08:00:00,0.6025818181818181,0.7751619400776819,0.91144156,0.6400253806973283,0.665686274509804,0.749830471101403
2010-07-23 09:00:00,1.3271272727272727,0.9725378279160691,0.98319185,0.9629966182095014,0.7357333333333334,0.8709798747396453
2010-07-23 10:00:00,0.39101754385964915,0.9225081913455655,0.9538459,1.004534072466534,0.5718,0.8105340828746672
2010-07-23 11:00:00,0.31428571428571433,0.9574708764173592,1.0034263,0.9970413809341201,0.30183333333333334,0.750552413998202
2010-07-23 12:00:00,0.5735593220338984,0.524531534677028,0.6799022,0.5079602801755031,0.3291,0.6745171715420502
2010-07-23 13:00:00,0.7675438596491229,0.5840038264797088,0.69031096,0.5814108993178002,0.632,0.8545962580982402
2010-07-23 14:00:00,0.45803333333333335,0.6858545332658198,0.7163998,0.5576612830837389,0.6921,0.8513680684624797
2010-07-23 15:00:00,0.9228148148148149,0.7632180934448484,0.8489261,0.8583676570880046,1.3505172413793103,1.0252908695506653
2010-07-23 16:00:00,0.5397,0.7558973002322827,0.7688656,0.4583886642925197,0.5234181818181818,0.8146153565121752
2010-07-23 17:00:00,0.3064642857142857,0.5039106148485832,0.61829686,0.287971045765669,0.3144666666666666,0.612323227464122
2010-07-23 18:00:00,0.36898305084745764,0.5250742240323012,0.67768764,0.37707541339413775,0.2937333333333333,0.6175392649595659
2010-07-23 19:00:00,1.3666785714285716,0.548963848377873,0.73851025,0.38677616304602447,0.2882181818181818,0.6346654354784277
2010-07-23 20:00:00,1.4344814814814815,0.6549524406806342,0.8805059,0.5595743096406827,0.2785,0.7353163218522035
2010-07-23 21:00:00,1.5725454545454545,0.9152987054957938,0.88417846,1.0570719033871225,0.9086000000000001,1.098050344149049
2010-07-23 22:00:00,0.8838545454545454,1.1552480686501958,1.1719205,1.511103462702716,1.1646,1.4599399628274354
2010-07-23 23:00:00,0.7997333333333334,1.0265242633568277,0.8707037,1.1529981580234496,0.8978666666666667,1.2443863740842707
2010-07-24 00:00:00,0.7748666666666666,0.45714395661961277,0.5394339,0.9730162845133545,0.8313,0.8941750273561982
2010-07-24 01:00:00,0.7538666666666667,0.49075623463149065,0.507556,0.7539275047891791,0.9153703703703704,0.8123692056553724
2010-07-24 02:00:00,0.47453333333333336,0.4724737509359197,0.4950709,0.5533662241461494,0.9506071428571429,0.7483775444979873
2010-07-24 03:00:00,0.34044067796610167,0.43185195464242904,0.46443644,0.798890556113351,0.24865454545454546,0.6661666008129588
2010-07-24 04:00:00,0.3371228070175439,0.42302532847588536,0.45680848,0.4026946941745102,0.3345,0.5379369841546187
2010-07-24 05:00:00,0.35569999999999996,0.40601054592453123,0.4336646,0.3784122689262268,0.30419999999999997,0.5334264143536529
2010-07-24 06:00:00,0.3300727272727273,0.46291648806501,0.50154996,0.43632427617276826,0.27139285714285716,0.5499596438271838
2010-07-24 07:00:00,0.9081379310344827,0.5208015707554167,0.66424865,0.44551400970609345,0.31176666666666664,0.5897888157827533
2010-07-24 08:00:00,0.49458181818181823,0.6399584791374981,0.72805554,0.5621133104230425,0.4137,0.7067161861190141
2010-07-24 09:00:00,0.3776,0.8990654131872602,0.8803393,0.5886737786746187,1.3466428571428573,1.1608078007872145
2010-07-24 10:00:00,0.3012142857142857,0.7449358863531377,0.8182144,1.081750011417819,1.3380727272727275,1.0823002308473437
2010-07-24 11:00:00,0.36346666666666666,0.701757975910582,0.78868264,1.029594764368801,0.3967,0.7544051337759328
2010-07-24 12:00:00,0.6281034482758621,0.5620893005536715,0.7668392,0.6370299304353116,0.3141,0.6074887071815638
2010-07-24 13:00:00,0.7953333333333333,0.6600614574978646,0.77194244,0.707252662244539,0.25033333333333335,0.7240393118106746
2010-07-24 14:00:00,0.3424333333333333,0.7021779497081124,0.81298476,0.8756104944998655,0.30243333333333333,0.8688047632594809
2010-07-24 15:00:00,0.32712280701754387,1.0050683152924538,0.8555396,0.9925041304394431,0.29786666666666667,0.9493655778434562
2010-07-24 16:00:00,0.35162711864406776,0.5483707184683516,0.7053932,0.8650774633668998,0.32016666666666665,0.7723050269339653
2010-07-24 17:00:00,0.37629999999999997,0.5828717060133831,0.6704701,0.7313076517038328,0.24260714285714285,0.7590753674320454
2010-07-24 18:00:00,0.7376071428571428,0.5942411770131317,0.6716849,0.7885991163646507,0.30396666666666666,0.7323395130332215
2010-07-24 19:00:00,0.8834666666666667,0.6601841464714479,0.7767618,0.7555632289655534,0.2739285714285714,0.7651749691836185
2010-07-24 20:00:00,0.6741754385964912,0.7631464987583213,0.7948832,0.9081232850169256,1.0122666666666666,0.9832813566742806
2010-07-24 21:00:00,1.6503636363636363,0.9700282207874784,0.9864027,1.62335216992434,0.633551724137931,1.0780561143622376
2010-07-24 22:00:00,1.2302666666666666,1.051543131099464,1.1433417,1.749706683758122,0.7014915254237288,1.140504494012903
2010-07-24 23:00:00,1.1322,0.6893336959873555,0.76352143,1.2731939310379201,0.4975714285714286,0.9457984329797703
2010-07-25 00:00:00,1.0919999999999999,0.4750100914025881,0.56195384,0.45241003160996063,0.4363,0.6437863424187438
2010-07-25 01:00:00,0.9013666666666666,0.4607895498794551,0.49871972,0.3662826139641776,0.35178571428571426,0.6249970583427107
2010-07-25 02:00:00,0.35196666666666665,0.4020350620556547,0.48267978,0.3929265569936632,0.332,0.6067636693243831
2010-07-25 03:00:00,0.32413333333333333,0.36151387409469504,0.3665645,0.3143993002479245,0.5937333333333333,0.6240924719800908
2010-07-25 04:00:00,0.3593103448275862,0.41698651036113105,0.39266962,0.4600421523794841,0.21686666666666668,0.5295405932283304
2010-07-25 05:00:00,0.3469655172413793,0.47434958722440923,0.38760152,0.34411779749311133,0.25483636363636364,0.5470752166902797
2010-07-25 06:00:00,0.8814333333333334,0.5980088800469113,0.50673544,0.43045141583152813,0.2955666666666667,0.5847231520451492
2010-07-25 07:00:00,0.6886909090909091,0.7643123139901385,0.636929,0.7986465816091306,1.1065357142857144,0.7589132019762705
2010-07-25 08:00:00,0.37666666666666665,0.728006778577549,0.70137733,0.8130220886067191,0.3011666666666667,0.7085899250048389
2010-07-25 09:00:00,0.2871636363636364,0.739822109193042,0.82609904,1.0128534870764936,0.31216666666666665,0.7894107193278681
2010-07-25 10:00:00,1.3261454545454545,0.9113020658707808,0.94433206,0.7487621176011111,0.23963333333333334,0.9068492140003555
2010-07-25 11:00:00,1.5732075471698113,0.644304746539448,0.7830774,0.5332749759158099,0.28513333333333335,0.8034151455090663
2010-07-25 12:00:00,1.5081818181818183,0.5727347061327147,0.7114895,0.561202533401937,0.3173666666666667,0.7033101373286922
2010-07-25 13:00:00,0.7389454545454545,0.621488116432851,0.70381284,0.6791956302690616,0.2658,0.7001068968651285
2010-07-25 14:00:00,0.3653333333333333,0.561432947858054,0.67037576,0.5264387209487185,0.27539285714285716,0.731328523631551
2010-07-25 15:00:00,0.2914074074074074,0.594488871696463,0.5976983,0.8381514062912943,0.22990000000000002,0.7475097824570296
2010-07-25 16:00:00,0.38556666666666667,0.6369027086830031,0.64417815,0.6009877465391558,0.29446666666666665,0.7287708912105754
2010-07-25 17:00:00,0.3125,0.6784388311610617,0.6440576,0.5854411858627633,0.2893,0.7361269838773727
2010-07-25 18:00:00,0.36044067796610174,0.7481022860601466,0.80641365,0.944990745356255,0.9191,0.9029934687542241
2010-07-25 19:00:00,0.664962962962963,0.8194839705140443,0.8012522,1.0636231483722363,1.196896551724138,1.1604334530083587
2010-07-25 20:00:00,0.6794666666666667,0.8857266689822455,0.87619984,0.8775565846789004,1.1333898305084746,1.072634611563193
2010-07-25 21:00:00,0.6416666666666667,0.8571605465744979,0.95509857,1.1531527761354807,1.0483,1.0671435804910483
2010-07-25 22:00:00,0.6522666666666667,0.8648851766908489,0.7922003,0.8915523684428684,1.0921666666666667,1.1674375190797437
2010-07-25 23:00:00,2.316577777777778,0.8818611733816407,0.82640254,0.8018203817990531,1.4822333333333333,1.291970734109372
2010-07-26 00:00:00,0.3406333333333333,0.358124289817304,0.43958357,0.20725677600989167,0.3711,0.5838089069836534
2010-07-26 01:00:00,0.3388,0.330540780110441,0.33282393,0.4304569112366371,0.22210714285714286,0.39406618557300477
2010-07-26 02:00:00,0.27876666666666666,0.36358514347025306,0.33093026,0.3720053299541769,0.27003389830508473,0.42216665397970343
2010-07-26 03:00:00,0.2999272727272727,0.3408736345441526,0.41273955,0.3297238738035462,0.28873333333333334,0.40442260871693136
2010-07-26 04:00:00,0.3076,0.41714366397774727,0.39449435,0.34916555482681766,0.29186206896551725,0.4124121516635688
2010-07-26 05:00:00,0.33383333333333337,0.36652027612853877,0.38160634,0.36483317504617485,0.3062666666666667,0.45208250979546705
2010-07-26 06:00:00,0.2578,0.6517895494864537,0.5987765,0.4793720920598644,0.9634915254237288,0.6486462300874898
2010-07-26 07:00:00,0.33330000000000004,0.8652848772848742,1.0710691,0.7616937406188115,0.5998666666666667,0.774937653986195
2010-07-26 08:00:00,1.741457627118644,0.6741766732178989,0.8583259,0.40168605977899885,0.2998,0.6348054534146482
2010-07-26 09:00:00,0.3386909090909091,0.5955258380310774,0.7481494,0.6337568270319788,0.30093333333333333,0.6124834047275579
2010-07-26 10:00:00,0.7432333333333333,0.598293642036535,0.70496917,0.8760318764721464,0.33864406779661016,0.6732432405022795
2010-07-26 11:00:00,0.9807037037037036,0.6409483879116409,0.6693923,0.6337667094026678,0.32420000000000004,0.5908714604035974
2010-07-26 12:00:00,0.5131666666666667,0.5941357452156967,0.5299909,0.4329039222107157,0.21,0.5349473147745376
2010-07-26 13:00:00,0.32996666666666663,0.5968177529937656,0.52151686,0.366786790755088,0.39103333333333334,0.6035582585069841
2010-07-26 14:00:00,0.2629818181818182,0.5748331595273717,0.50412714,0.38263470794997345,0.34636666666666666,0.6007259145263917
2010-07-26 15:00:00,0.29573333333333335,0.54536417983326,0.510977,0.3705880020245721,0.46725,0.6101630055774159
2010-07-26 16:00:00,0.27341818181818184,0.5489716697341214,0.5474657,0.3961494926191049,0.409,0.5968526704239634
2010-07-26 17:00:00,0.2626779661016949,0.6683622411122963,0.6207423,0.2566773023911346,0.9604363636363636,0.8180808099237764
2010-07-26 18:00:00,0.3483,0.7350354108329963,0.74695307,0.41413953642337487,1.2816727272727273,0.9410615350362079
2010-07-26 19:00:00,0.29503333333333337,0.7504063698273921,0.7627371,0.5876416312024042,1.3522909090909092,1.0046227315385219
2010-07-26 20:00:00,0.3242333333333333,1.010243755046915,0.9009827,0.4570538638017998,0.37133333333333335,0.9255223449162422
2010-07-26 21:00:00,1.1052280701754387,0.8766127206435234,0.84306884,0.719372965974129,0.36093103448275865,0.8711112057712422
2010-07-26 22:00:00,1.9759272727272728,0.989469596675218,0.81024486,1.1592123603962772,1.1123076923076924,1.095333124577996
2010-07-26 23:00:00,1.8942,0.9083092449682468,0.67329776,0.43602995949564627,0.9906666666666666,0.9531682637575134
2010-07-27 00:00:00,1.603719298245614,0.36198526222573124,0.36930802,0.2057082495345417,0.4338666666666667,0.41961537091505297
2010-07-27 01:00:00,1.2876470588235294,0.3553983167025928,0.38060287,0.3556853136727841,0.3684333333333333,0.4033267480980942
2010-07-27 02:00:00,0.8101333333333333,0.38147995452868405,0.44795036,0.35392508947349455,0.4292280701754386,0.4430601525381831
2010-07-27 03:00:00,0.35683333333333334,0.3781610062686619,0.42685798,0.42292516834558525,0.6963333333333334,0.5353872135315751
2010-07-27 04:00:00,0.2897666666666667,0.4519835620657636,0.45717296,0.3352304236290997,0.3470333333333333,0.43947422595684704
2010-07-27 05:00:00,0.28513793103448276,0.4392136969600199,0.4698936,0.40832002853665894,0.4106896551724138,0.47733160700361443
2010-07-27 06:00:00,0.3014,0.7809664777996739,0.6997739,0.5712432528461118,0.9691272727272727,0.7069722234033324
2010-07-27 07:00:00,0.29517241379310344,0.7381788141926653,0.9316711,0.6433781075946914,0.3312,0.7364487815237027
2010-07-27 08:00:00,0.2753333333333333,0.6443456732573405,0.7360476,0.31643213023427164,0.33313333333333334,0.6381182358558234
2010-07-27 09:00:00,0.9870196078431372,0.6228459078493283,0.6475293,0.4855229815734674,0.3053214285714286,0.6573533960512026
2010-07-27 10:00:00,0.7449333333333333,0.7270686908217843,0.7341902,0.6631574185986819,1.1639629629629629,0.7662324340149305
2010-07-27 11:00:00,0.5313666666666667,0.6553766606962489,0.72805387,0.4340803552666088,0.6484363636363637,0.6714797612179191
2010-07-27 12:00:00,0.5818333333333334,0.5090679202424452,0.6113225,0.3169208459438626,0.3365,0.5338107908112537
2010-07-27 13:00:00,0.49633333333333335,0.573677120019542,0.6288301,0.4332828133598833,0.28047272727272726,0.6308073204685265
2010-07-27 14:00:00,0.2895333333333333,0.5425726575630764,0.6263927,0.4701669616649906,0.3074,0.6546312984018605
2010-07-27 15:00:00,1.0424642857142856,0.5511971830439605,0.63072675,0.46239629935173254,0.32306666666666667,0.6195845674656836
2010-07-27 16:00:00,0.3030666666666667,0.49888713498879267,0.5615024,0.5162450373878291,0.2845333333333333,0.5354899145625344
2010-07-27 17:00:00,0.2901666666666667,0.5959512344155291,0.62078565,0.49176749735043135,0.4182545454545455,0.6905920011817794
2010-07-27 18:00:00,0.25870270270270274,0.8743539947876339,0.8290774,0.7520747486820728,0.7254333333333334,0.9259238962310096
2010-07-27 19:00:00,0.27576666666666666,0.9767052578302201,0.8760938,0.5955011960428866,0.6658000000000001,1.001194844191616
2010-07-27 20:00:00,0.3175593220338983,0.8267432225469628,0.7268932,0.2432197176129577,1.4728076923076923,1.060203501202476
2010-07-27 21:00:00,0.8642000000000001,0.76182638995524,0.82168853,0.5321367114294948,0.7579666666666667,0.9931376154990148
2010-07-27 22:00:00,1.2083333333333333,0.8275117814406812,0.85015255,0.5730557709754969,0.6478888888888888,0.9903300491028862
2010-07-27 23:00:00,1.4248,0.6708947510072321,0.46862012,0.6803990340807975,0.9597,0.9402803836434314
2010-07-28 00:00:00,1.6404905660377358,0.3670365053792283,0.40342194,0.42294962883074394,0.7822666666666667,0.41052704758398073
2010-07-28 01:00:00,1.0092941176470587,0.38636629705633896,0.5447799,0.7527140412546631,0.7374333333333334,0.37545690376108554
2010-07-28 02:00:00,0.6788620689655173,0.38394150841620733,0.43697548,0.3515527562837196,0.27156363636363634,0.3826901559116136
2010-07-28 03:00:00,0.3252,0.38570897810386556,0.4508644,0.31240361725212207,0.3116333333333333,0.40995171965188937
2010-07-28 04:00:00,0.30223333333333335,0.3776806201877527,0.40518263,0.35971301678524026,0.2886545454545455,0.38942209179311316
2010-07-28 05:00:00,0.3055,0.5239488068722038,0.46650657,0.348806701442811,0.3070333333333333,0.4052923858194204
2010-07-28 06:00:00,0.4513333333333333,0.5415884087560944,0.5596948,0.43729530095419167,0.3196,0.5751933925199118
2010-07-28 07:00:00,1.4878928571428571,0.6756960852931716,0.69350415,0.4564890325499442,0.5033703703703704,0.6495966664130453
2010-07-28 08:00:00,1.2750000000000001,0.7211591596159463,0.81433743,0.5802949702264621,0.8515,0.6687119399846475
2010-07-28 09:00:00,1.1855636363636364,0.6292223591760913,0.6853517,0.37639441344150537,0.35500000000000004,0.5466224413948855
2010-07-28 10:00:00,0.27783050847457624,0.7220934434862153,0.84472746,0.5425315838366349,0.3053666666666667,0.5966600330580714
2010-07-28 11:00:00,0.3096,0.6649166019138457,0.7067004,0.5743258893213493,0.3152758620689655,0.6478625628970822
2010-07-28 12:00:00,0.3046,0.602199424986864,0.6447685,0.44918643195105123,0.28653333333333336,0.5825077003286767
2010-07-28 13:00:00,0.32016666666666665,0.6507600198499743,0.6921741,0.5479531497512504,0.7431836734693877,0.7927674066988364
2010-07-28 14:00:00,0.29183333333333333,0.6677326020215323,0.62389886,0.521525154445948,0.8655,0.8443849532244263
2010-07-28 15:00:00,0.32106666666666667,0.5896779552115357,0.57262284,0.363101672854225,0.7487666666666667,0.7682054212615446
2010-07-28 16:00:00,0.31606666666666666,0.6382640048023344,0.58043826,0.3727574767038394,1.1869818181818184,0.7645196114381485
2010-07-28 17:00:00,0.2830333333333333,0.6241046109724606,0.61836,0.3536750045426036,0.7247719298245614,0.7266417420469755
2010-07-28 18:00:00,0.3363,0.5777497152631959,0.6128808,0.3476738541933627,0.2693818181818182,0.6514379914310922
2010-07-28 19:00:00,0.6200344827586207,0.6841810718541822,0.6237961,0.5126643324081543,0.7259661016949153,0.6779898481183448
2010-07-28 20:00:00,0.712509090909091,0.8507907658352939,0.79736453,0.3250937572549407,1.2358275862068966,0.812007064398536
2010-07-28 21:00:00,0.2951333333333333,0.6240141692906961,0.6618789,0.559357872625022,0.47623333333333334,0.8590107300507843
2010-07-28 22:00:00,0.3436,0.8213999894215251,0.70283043,0.7857981382519995,1.3224,1.1497661012713012
2010-07-28 23:00:00,0.2560344827586207,1.0242682289720482,0.7138336,0.9419953945601564,2.6757894736842105,1.600666881771527
2010-07-29 00:00:00,0.3317,1.0805924510006408,0.98009557,1.3089997917056677,2.59736,1.3225898630695463
2010-07-29 01:00:00,0.3173666666666667,1.059135288043694,0.98750895,1.4385555902794698,2.1680333333333333,1.0461182676253373
2010-07-29 02:00:00,0.25859649122807016,0.8859854175604486,1.020322,1.0064381466303538,1.4502372881355932,0.8071605069799328
2010-07-29 03:00:00,0.3265333333333333,0.7935449786090117,0.9855094,0.6674641325272624,1.4041,0.7000774624595669
2010-07-29 04:00:00,0.2866101694915254,0.7819840100036983,0.52531576,0.4961885669438668,1.3682666666666667,0.6544567568794364
2010-07-29 05:00:00,0.2584,0.5494658132578227,0.51675,0.3436717948589374,0.40221052631578946,0.4008860354661816
2010-07-29 06:00:00,0.2748666666666667,0.6964649711491119,0.5350934,0.6777978528821647,0.3189642857142857,0.3707078557776853
2010-07-29 07:00:00,1.144962962962963,0.6193639225685665,0.53894067,0.5090053430694165,0.43299999999999994,0.44691033922944556
2010-07-29 08:00:00,0.29463333333333336,0.7514058607606096,0.58467156,0.4120933624648656,1.017090909090909,0.7248205845017771
2010-07-29 09:00:00,0.32453333333333334,0.6278463697945181,0.54757327,0.6898049616559476,0.36193333333333333,0.6996413870605245
2010-07-29 10:00:00,0.2288421052631579,0.6758814089259405,0.52823806,0.5241188169352036,0.32045614035087716,0.6045491044551319
2010-07-29 11:00:00,0.2486896551724138,0.6799776929470153,0.5031168,0.5441607940243436,0.3160689655172414,0.6677826683834641
2010-07-29 12:00:00,0.2986666666666667,0.6262827445516269,0.5166063,0.47320541866658483,0.36920000000000003,0.561278892863126
2010-07-29 13:00:00,0.2671071428571429,0.7095387147078179,0.5405693,0.4512824023520109,0.3661333333333333,0.6226058984163181
2010-07-29 14:00:00,0.3056,0.7267264353805946,0.54408544,0.533526276521024,1.1696923076923076,0.8994491906530729
2010-07-29 15:00:00,0.2859666666666667,0.6945793861703871,0.5610745,0.5446873223936216,0.3668333333333333,0.8016361390221621
2010-07-29 16:00:00,0.3153103448275862,0.7619814675597422,0.71622974,0.5416394724475966,0.31018181818181817,0.7551558274610547
2010-07-29 17:00:00,0.2716333333333333,0.6750193010830081,0.4367796,0.3278364471092895,0.38603333333333334,0.6460465614552304
2010-07-29 18:00:00,0.3379642857142858,0.6915826954078825,0.48938477,0.4090479761700866,0.31334545454545454,0.598735485490852
2010-07-29 19:00:00,1.0928666666666667,0.7000493127026908,0.5958232,0.39530405949776026,0.3274642857142857,0.6440079256618838
2010-07-29 20:00:00,0.3196333333333333,0.7278090640163201,0.69521016,0.8630820803607496,0.3955666666666666,0.8091191283436204
2010-07-29 21:00:00,0.2858,0.6932909955572388,0.5455786,0.5923882970774078,0.8952962962962964,0.9895449042946358
2010-07-29 22:00:00,0.2972280701754386,0.7893900238903038,0.649004,1.0037032181280536,1.1483666666666668,1.2438720461520985
2010-07-29 23:00:00,0.28576666666666667,0.689632703771844,0.36122388,0.6475388588235489,0.5061034482758621,1.1246366189751495
2010-07-30 00:00:00,0.23140740740740742,0.4552131849309349,0.41274258,0.7870664244650376,0.4777090909090909,0.7637620297699095
2010-07-30 01:00:00,0.31893333333333335,0.5811829620041589,0.52993506,0.9306709766968055,1.2060357142857143,0.8891615837081213
2010-07-30 02:00:00,0.29100000000000004,0.4781063316546243,0.5209579,0.6224205795501664,0.5916666666666667,0.679912543833782
2010-07-30 03:00:00,0.3068,0.5458695745007602,0.5169567,0.6123018745070636,1.1945263157894737,0.7567386840922037
2010-07-30 04:00:00,0.3015,0.5708636584795717,0.5401513,0.09306952490137188,0.61788,0.613180853733475
2010-07-30 05:00:00,0.31229999999999997,0.593143372387097,0.44928342,0.3866675774866998,0.8215555555555556,0.4275496758930235
2010-07-30 06:00:00,0.36086666666666667,0.6556916255886698,0.603323,0.37622339480585265,0.3563,0.419291075172875
2010-07-30 07:00:00,1.070981818181818,0.688849676344661,0.6763516,0.46572792052091594,0.31785454545454545,0.42359762536464074
2010-07-30 08:00:00,0.38446428571428576,0.7097358523583018,0.643089,0.5785416587203704,0.6025818181818181,0.6627999090340735
2010-07-30 09:00:00,0.2754642857142857,0.6335782906451791,0.527507,0.8472412856689744,1.3271272727272727,0.7384756495936542
2010-07-30 10:00:00,0.29710000000000003,0.6469328700049324,0.6531633,0.427031497894688,0.39101754385964915,0.5877849308218107
2010-07-30 11:00:00,0.30670000000000003,0.5868136823312031,0.581311,0.3582843131979716,0.31428571428571433,0.4586910064698446
2010-07-30 12:00:00,0.2687118644067797,0.5251841405192649,0.47971404,0.3100426189454679,0.5735593220338984,0.5161834601679698
2010-07-30 13:00:00,0.2663,0.6664816487548778,0.6072849,0.5297054024984191,0.7675438596491229,0.7060249459808031
2010-07-30 14:00:00,0.27949999999999997,0.7166868200342681,0.66228825,0.6373728792550708,0.45803333333333335,0.7288040473724586
2010-07-30 15:00:00,0.24029090909090908,0.6291901694799439,0.5732957,0.4881473065767159,0.9228148148148149,0.8069107681898278
2010-07-30 16:00:00,0.3171666666666667,0.6814661930016718,0.6039674,0.4877190435131794,0.5397,0.6918335211748954
2010-07-30 17:00:00,1.1489999999999998,0.6809177952952382,0.56516105,0.39905054731763423,0.3064642857142857,0.5646654563454084
2010-07-30 18:00:00,0.31516666666666665,0.6752476169431801,0.4638742,0.5758696632133273,0.36898305084745764,0.5162095338741782
2010-07-30 19:00:00,0.28963333333333335,0.6268390315511567,0.4798535,0.8050638393269699,1.3666785714285716,0.778202440772459
2010-07-30 20:00:00,0.2808,0.6298904072528511,0.5379273,0.5709550209895322,1.4344814814814815,0.8797164138646827
2010-07-30 21:00:00,0.2802,0.7005036981464786,0.7062974,0.540257147245867,1.5725454545454545,1.0278507867644342
2010-07-30 22:00:00,0.33849999999999997,0.6534645105136506,0.5743467,0.671609101756643,0.8838545454545454,1.020108375697459
2010-07-30 23:00:00,0.2765666666666667,0.6694249495125065,0.49625635,0.5025603348083972,0.7997333333333334,0.92599022735879
2010-07-31 00:00:00,0.2520727272727273,0.4549428936643503,0.5509755,0.7563834026147407,0.7748666666666666,0.7805205259821495
2010-07-31 01:00:00,0.30183333333333334,0.4862406937630731,0.57280016,0.39746978235225616,0.7538666666666667,0.8500983756987741
2010-07-31 02:00:00,0.22766666666666668,0.4995370370885479,0.5315401,0.3390410289430029,0.47453333333333336,0.6835522957027513
2010-07-31 03:00:00,0.2885666666666667,0.48661592989214747,0.6521172,0.3268232092026062,0.34044067796610167,0.6206103988139451
2010-07-31 04:00:00,0.5586666666666668,0.48877257698035315,0.55799633,0.3184316862415649,0.3371228070175439,0.5757173250274167
2010-07-31 05:00:00,0.9862456140350877,0.5338901981316191,0.4560933,0.4528358623219729,0.35569999999999996,0.5507734630524094
2010-07-31 06:00:00,0.314,0.5851675627611547,0.52499604,0.4993668803692325,0.3300727272727273,0.5043313275575958
2010-07-31 07:00:00,0.2689090909090909,0.6420390949704938,0.5941641,0.5467260821343585,0.9081379310344827,0.6608301563930983
2010-07-31 08:00:00,0.28463333333333335,0.6990807376743351,0.7785964,0.6630452256133356,0.49458181818181823,0.7226474332380541
2010-07-31 09:00:00,0.2845084745762712,0.7550628194828981,0.7527151,0.5893533169041301,0.3776,0.8845255493452444
2010-07-31 10:00:00,0.26063333333333333,0.5779412665647692,0.59005207,0.3605258623252795,0.3012142857142857,0.7048496664732229
2010-07-31 11:00:00,0.3007,0.6576022596920914,0.6003225,0.4228197684206052,0.36346666666666666,0.5908466171981522
2010-07-31 12:00:00,0.284,0.661690089211454,0.6353056,0.5756665772494818,0.6281034482758621,0.6841336810454763
2010-07-31 13:00:00,0.30924137931034484,0.6813418205242787,0.5875333,0.7458627788079619,0.7953333333333333,0.755128696377309
2010-07-31 14:00:00,0.2824,0.7173231483107824,0.7178542,0.7570526394847168,0.3424333333333333,0.7166614067810664
2010-07-31 15:00:00,0.24956363636363635,0.7850498743165911,0.69159216,0.7097908365891719,0.32712280701754387,0.6756393324485663
2010-07-31 16:00:00,0.6855666666666667,0.6555254152427564,0.6564635,0.5663943080851617,0.35162711864406776,0.6558928524348073
2010-07-31 17:00:00,0.9024333333333333,0.691026069309926,0.5439416,0.6567181460281775,0.37629999999999997,0.6512053402596021
2010-07-31 18:00:00,0.28886666666666666,0.6905829559493303,0.6208383,0.9154395140096733,0.7376071428571428,0.716402993356687
2010-07-31 19:00:00,0.34280000000000005,0.7468534178308773,0.75510424,0.8870058591397445,0.8834666666666667,0.8986530223220053
2010-07-31 20:00:00,0.24501818181818183,0.6506447126696614,0.72586864,0.7562924444017833,0.6741754385964912,0.9803119992867639
2010-07-31 21:00:00,0.29786666666666667,0.8313098260995545,0.808034,0.8146240492853312,1.6503636363636363,1.1908427904589651
2010-07-31 22:00:00,0.2873571428571428,0.6360847942749832,0.67918503,0.5935693578438956,1.2302666666666666,1.0858885187302694
2010-07-31 23:00:00,0.2922666666666667,0.6255330141150626,0.4231448,0.47586517138551454,1.1322,0.9472085485557242
2010-08-01 00:00:00,0.31706666666666666,0.6571338050905676,0.47252223,0.5019119375825555,1.0919999999999999,0.749550265572152
2010-08-01 01:00:00,0.29283333333333333,0.5788579155326311,0.5407265,0.4924219763408614,0.9013666666666666,0.7450740223334573
2010-08-01 02:00:00,0.31244827586206897,0.48585803606570666,0.5424238,0.41257451416562896,0.35196666666666665,0.5293532024592376
2010-08-01 03:00:00,0.26416666666666666,0.4833923545640829,0.47227934,0.3475395028244552,0.32413333333333333,0.5290234047757333
2010-08-01 04:00:00,0.5410357142857143,0.5523527504592601,0.48796988,0.22612053005267518,0.3593103448275862,0.48602151855311926
2010-08-01 05:00:00,0.9396,0.5647491936810688,0.5031394,0.3469745176671254,0.3469655172413793,0.5249391627277025
2010-08-01 06:00:00,0.3158333333333333,0.6251886864093357,0.5327709,0.4054668531416733,0.8814333333333334,0.6264482675850169
2010-08-01 07:00:00,0.2383793103448276,0.7075877157240903,0.648581,0.6627958218287612,0.6886909090909091,0.8134516180855431
2010-08-01 08:00:00,0.252,0.6734284024379739,0.623557,0.5044435893583245,0.37666666666666665,0.640241380266652
2010-08-01 09:00:00,0.3096333333333333,0.6294221669238865,0.57067835,0.5933265940193773,0.2871636363636364,0.6209175084689996
2010-08-01 10:00:00,0.2906666666666667,0.6741056207880004,0.5564546,0.5895407298374233,1.3261454545454545,0.7825630869334173
2010-08-01 11:00:00,0.29164285714285715,0.7586165306970737,0.6232386,0.9648606829986236,1.5732075471698113,0.9160847596523294
2010-08-01 12:00:00,0.2644,0.7315414750239206,0.6534758,0.774426293724161,1.5081818181818183,0.9406647850720988
2010-08-01 13:00:00,0.26847272727272725,0.6129229635580837,0.6449782,0.6498548422276853,0.7389454545454545,0.7815227634853796
2010-08-01 14:00:00,0.29150000000000004,0.5322109881163651,0.63219947,0.4497966373382064,0.3653333333333333,0.5839394880162286
2010-08-01 15:00:00,0.24044444444444443,0.537004343516235,0.6138301,0.6412442704562955,0.2914074074074074,0.5438597408319976
2010-08-01 16:00:00,0.6569,0.5243018322733536,0.5331391,0.7369289998558203,0.38556666666666667,0.5516194552432823
2010-08-01 17:00:00,0.9184333333333333,0.5230227218661384,0.6193382,0.8373118889526809,0.3125,0.5507859832228189
2010-08-01 18:00:00,0.29077966101694913,0.592659795527785,0.56201816,0.8751646033539823,0.36044067796610174,0.7288662586543807
2010-08-01 19:00:00,0.31216666666666665,0.7158175102334868,0.7272074,0.7681920761174763,0.664962962962963,0.9976470212361068
2010-08-01 20:00:00,0.26127272727272727,0.6702002152329902,0.62940055,0.63753140595097,0.6794666666666667,0.9719047619147014
2010-08-01 21:00:00,0.30546666666666666,0.7615850501096787,0.7824046,0.7788035735237256,0.6416666666666667,1.0821477360969336
2010-08-01 22:00:00,0.3077,0.6183094841289065,0.7122055,0.7659276228507345,0.6522666666666667,0.9970209429824612
2010-08-01 23:00:00,0.30091525423728815,1.0555370932513997,0.7188195,0.7530737076127169,2.316577777777778,1.2320696937672784
2010-08-02 00:00:00,0.3015,0.40413841804808953,0.59350365,0.8268510876205424,0.3406333333333333,0.5778654229629918
2010-08-02 01:00:00,0.25253333333333333,0.4292531704992612,0.43120736,0.5063104675279353,0.3388,0.43946384546790573
2010-08-02 02:00:00,0.31683333333333336,0.40852782614878763,0.4020601,0.40497520611850835,0.27876666666666666,0.33182492991183377
2010-08-02 03:00:00,0.2521379310344828,0.34630263183997456,0.38748485,0.26892639068464685,0.2999272727272727,0.35215249089153966
2010-08-02 04:00:00,0.7077333333333333,0.4254149436278884,0.43855652,0.29196597304400473,0.3076,0.3808253750432632
2010-08-02 05:00:00,0.7583636363636364,0.5034408177383743,0.4142655,0.26017801351165604,0.33383333333333337,0.39821514752780496
2010-08-02 06:00:00,0.30686206896551727,0.5336107303457759,0.54234517,0.4192380687971633,0.2578,0.5692550872015416
2010-08-02 07:00:00,0.2859,0.6007463117939856,0.6308218,0.5142906793500217,0.33330000000000004,0.6269840329387617
2010-08-02 08:00:00,0.2823157894736842,0.8215058190928033,0.6849966,0.8737091559973229,1.741457627118644,0.721020056585711
2010-08-02 09:00:00,0.32283333333333336,0.5387813680916925,0.5841811,0.5021402129808714,0.3386909090909091,0.5753168403190996
2010-08-02 10:00:00,0.2617966101694915,0.6507033688882667,0.63081604,0.9783551076368355,0.7432333333333333,0.7249978542765214
2010-08-02 11:00:00,0.3393333333333333,0.7646260407452296,0.6774113,1.217600380022003,0.9807037037037036,0.8597759471594046
2010-08-02 12:00:00,0.2793333333333334,0.7168306007678321,0.58293897,0.7601243400796861,0.5131666666666667,0.7508159598364412
2010-08-02 13:00:00,0.26127272727272727,0.4481257619216564,0.50535685,0.48166748052413266,0.32996666666666663,0.5984721224008688
2010-08-02 14:00:00,0.29173333333333334,0.4449986901399703,0.40746832,0.41594521815626107,0.2629818181818182,0.49014667357671604
2010-08-02 15:00:00,0.3312333333333333,0.44724470717618,0.48321438,0.4473197613284373,0.29573333333333335,0.5458607857411439
2010-08-02 16:00:00,0.7098620689655172,0.4761434873774216,0.45360345,0.43868162421992984,0.27341818181818184,0.5625480188126992
2010-08-02 17:00:00,0.698896551724138,0.5413262381178816,0.49305102,0.503260751635656,0.2626779661016949,0.649794128477289
2010-08-02 18:00:00,0.2919310344827586,0.6108193333548567,0.47622424,0.4495435536615432,0.3483,0.7748169037100731
2010-08-02 19:00:00,0.30816666666666664,0.5915089863701354,0.5810801,0.5641572083497695,0.29503333333333337,0.8221166281670375
2010-08-02 20:00:00,0.3232,0.772938321144721,0.6807191,0.9687988066498543,0.3242333333333333,0.710550773500635
2010-08-02 21:00:00,0.30696666666666667,0.6723825502637546,0.63396895,0.7773633065142384,1.1052280701754387,0.9823915795764142
2010-08-02 22:00:00,0.3078,0.8824376452930289,0.89965063,0.7569558496889026,1.9759272727272728,1.2934609862609596
2010-08-02 23:00:00,0.28966666666666663,1.0988182184006745,0.8404159,1.371324905075035,1.8942,1.474086649525313
2010-08-03 00:00:00,0.28715789473684206,0.8318269738206514,0.6996089,0.4800809608925142,1.603719298245614,0.8616378945267281
2010-08-03 01:00:00,0.2728,0.7596776888088208,0.4735116,0.1094563297718042,1.2876470588235294,0.7266274815449417
2010-08-03 02:00:00,0.3206666666666667,0.4318354156598558,0.30468673,0.25512854118068695,0.8101333333333333,0.43660942824403626
2010-08-03 03:00:00,0.29013333333333335,0.42522769033492225,0.35031378,0.6014251020489548,0.35683333333333334,0.46419198668249084
2010-08-03 04:00:00,0.9235666666666666,0.43511098366929024,0.41054666,0.4556511862928867,0.2897666666666667,0.37330117349422864
2010-08-03 05:00:00,0.4701071428571429,0.39694778278089016,0.39450267,0.3468870461933722,0.28513793103448276,0.39316057451089925
2010-08-03 06:00:00,0.26967857142857143,0.5941575767437314,0.55785346,0.36453727064634067,0.3014,0.542127537012874
2010-08-03 07:00:00,0.2826666666666667,0.555253589681356,0.6785825,0.4097286699544712,0.29517241379310344,0.5176325236055817
2010-08-03 08:00:00,0.3582,0.8561387709788534,0.8565761,0.5164683649647708,0.2753333333333333,0.6926061260815146
2010-08-03 09:00:00,0.35505454545454546,0.736988592162821,0.7497869,0.6102426688355755,0.9870196078431372,0.6993750573022728
2010-08-03 10:00:00,0.38026666666666664,0.9279515442791358,0.9805322,1.2967215966741903,0.7449333333333333,0.9567012490361452
2010-08-03 11:00:00,0.3789830508474576,0.9334117457236288,0.9131617,1.2977780311171085,0.5313666666666667,0.8696572738995204
2010-08-03 12:00:00,0.3237894736842105,0.7337847486846556,0.7339042,1.068327236269585,0.5818333333333334,0.7656304220172797
2010-08-03 13:00:00,0.41583333333333333,0.6713338127866991,0.734788,0.7160388050561122,0.49633333333333335,0.6638603508480803
2010-08-03 14:00:00,0.3883,0.61263098660375,0.6688852,0.4158219920865531,0.2895333333333333,0.5848108056929826
2010-08-03 15:00:00,0.4288666666666667,0.6774446247502,0.56171167,0.4389973706919805,1.0424642857142856,0.733528447933977
2010-08-03 16:00:00,1.3014545454545454,0.5997892716233288,0.6124375,0.4069965232173216,0.3030666666666667,0.596282576447255
2010-08-03 17:00:00,0.42447457627118645,0.6235899988438992,0.59091645,0.3475505652065939,0.2901666666666667,0.5632600875305753
2010-08-03 18:00:00,0.3534,0.5962393800961544,0.685426,0.5255855802280782,0.25870270270270274,0.6445914139163802
2010-08-03 19:00:00,0.3572280701754386,0.6738194323612298,0.8608622,0.566117107123058,0.27576666666666666,0.7086617522672217
2010-08-03 20:00:00,0.3806,0.7271766832036408,0.69117624,0.5592686714379458,0.3175593220338983,0.7791310421939215
2010-08-03 21:00:00,0.2781,0.8490144223391285,0.86301965,0.8616318940723671,0.8642000000000001,0.9091174371799053
2010-08-03 22:00:00,0.26083636363636364,0.9091764647561632,0.9638633,0.7907732288624234,1.2083333333333333,1.1427326917315939
2010-08-03 23:00:00,0.28623333333333334,1.190791413031369,1.1610425,1.5071092664315375,1.4248,1.3808732940934643
2010-08-04 00:00:00,0.27535714285714286,1.1040708524250282,0.79515266,0.7465788962596049,1.6404905660377358,1.0560700355999617
2010-08-04 01:00:00,0.26999999999999996,0.5301765422338579,0.5941785,0.5284015405093924,1.0092941176470587,0.7801755612513386
2010-08-04 02:00:00,0.3335,0.4117137849258525,0.3482388,0.2503998327507909,0.6788620689655173,0.44813384734219763
2010-08-04 03:00:00,0.24596491228070175,0.3764371940133649,0.49108192,0.41136131067316506,0.3252,0.3963235850314324
2010-08-04 04:00:00,1.1254137931034482,0.401796940932358,0.467291,0.3693417254786082,0.30223333333333335,0.3579506339033506
2010-08-04 05:00:00,0.3000344827586207,0.3845663689050959,0.4023589,0.3387068066874246,0.3055,0.38658953189639034
2010-08-04 06:00:00,0.28040000000000004,0.5911178260400839,0.55662,0.33228877597956286,0.4513333333333333,0.4413992423372539
2010-08-04 07:00:00,0.3162333333333333,0.7751712813989474,0.8754091,0.8652161102836913,1.4878928571428571,0.7693143558370555
2010-08-04 08:00:00,0.31829999999999997,0.7868683116305923,0.8943292,0.8645523919917187,1.2750000000000001,0.9457902672015029
2010-08-04 09:00:00,0.23683636363636362,0.8264627413538993,0.87905824,1.0928200368673047,1.1855636363636364,0.8430493370197596
2010-08-04 10:00:00,0.2806666666666667,0.7798603204321053,0.7655797,0.7037864173975216,0.27783050847457624,0.6226163195192131
2010-08-04 11:00:00,0.32580000000000003,0.6980810903884458,0.7247075,0.727027149312139,0.3096,0.576308429562648
2010-08-04 12:00:00,0.25503333333333333,0.6923522460681284,0.669952,0.6370425181345786,0.3046,0.5510115681493807
2010-08-04 13:00:00,0.27759999999999996,0.6374826966366163,0.64259803,0.44507689106844317,0.32016666666666665,0.5995071478951782
2010-08-04 14:00:00,0.28311864406779663,0.5485377515289419,0.66594845,0.40472023336420404,0.29183333333333333,0.6217096512331735
2010-08-04 15:00:00,0.559,0.7026376021699936,0.77742696,0.6392131655334184,0.32106666666666667,0.712347869661377
2010-08-04 16:00:00,0.9081071428571429,0.5977224350077691,0.62326473,0.5000927755579516,0.31606666666666666,0.7171460320004184
2010-08-04 17:00:00,0.3169666666666667,0.5665157274052358,0.593777,0.41909850725745135,0.2830333333333333,0.6652790766297145
2010-08-04 18:00:00,0.3072666666666667,0.544127103967155,0.52104753,0.4644897860886056,0.3363,0.6261892174714806
2010-08-04 19:00:00,0.2920666666666667,0.7447120281751373,0.7853358,0.6053168392933717,0.6200344827586207,0.7568300303477844
2010-08-04 20:00:00,0.2766545454545455,0.6919805072029209,0.7315091,0.4936878386216902,0.712509090909091,0.8500173619492801
2010-08-04 21:00:00,0.27226666666666666,0.9300816943276422,1.021953,0.9514074386502857,0.2951333333333333,0.8181363895393964
2010-08-04 22:00:00,0.3032666666666667,0.9680065367484053,0.9632957,0.7909877622722341,0.3436,1.0003430878717732
2010-08-04 23:00:00,0.25343333333333334,1.1658285549213914,0.8049072,1.1035720397353646,0.2560344827586207,1.151363844085834
2010-08-05 00:00:00,0.30866666666666664,0.49942402841019357,0.5810848,0.7511732602503871,0.3317,0.9634230523111783
2010-08-05 01:00:00,0.27283333333333337,0.45766080309667034,0.4031973,0.5246812023571183,0.3173666666666667,0.8087881955971992
2010-08-05 02:00:00,0.3154237288135593,0.39232435257196285,0.35438016,0.39378332198956034,0.25859649122807016,0.6276291489573185
2010-08-05 03:00:00,0.6917000000000001,0.41196109260067565,0.4057181,0.40331736156294307,0.3265333333333333,0.5797768118863746
2010-08-05 04:00:00,0.8628333333333333,0.4286983593856069,0.40077698,0.3383728424484064,0.2866101694915254,0.5685862931903232
2010-08-05 05:00:00,0.2514909090909091,0.3909602872890519,0.46648842,0.25155126311096376,0.2584,0.448820050881358
2010-08-05 06:00:00,0.2312,0.5219401070658698,0.53366685,0.26789635571076664,0.2748666666666667,0.45659228789938355
2010-08-05 07:00:00,0.2998333333333333,0.675618757739219,0.715101,0.9167343668945984,1.144962962962963,0.8133445720832745
2010-08-05 08:00:00,0.29883333333333334,0.8459885712638738,0.8196128,0.7184983821141022,0.29463333333333336,0.7348064853969862
2010-08-05 09:00:00,0.25661818181818186,0.7763661865811193,0.83920884,0.9061438355455649,0.32453333333333334,0.6571252415187906
2010-08-05 10:00:00,0.2725666666666667,0.6865416763059744,0.55480635,0.4966963081261221,0.2288421052631579,0.48839184725567264
2010-08-05 11:00:00,0.2775666666666667,0.7113485509039147,0.6005137,0.4508041808796516,0.2486896551724138,0.5011177339469353
2010-08-05 12:00:00,0.2622,0.672317073129059,0.55994684,0.5128056528310507,0.2986666666666667,0.5022492903847424
2010-08-05 13:00:00,0.2653214285714286,0.630798561312987,0.52173877,0.41459370142144125,0.2671071428571429,0.49471090355036174
2010-08-05 14:00:00,0.2877,0.5366202340370119,0.5037439,0.24723895987011268,0.3056,0.6549919173576841
2010-08-05 15:00:00,0.9352068965517241,0.6241702388015387,0.5498364,0.2759255439926861,0.2859666666666667,0.6106602524670526
2010-08-05 16:00:00,0.48993103448275865,0.5478606915008682,0.5110516,0.19100146605363733,0.3153103448275862,0.5932519723910421
2010-08-05 17:00:00,0.2808275862068966,0.5586978524461972,0.5527596,0.1365763876195767,0.2716333333333333,0.5834804845100531
2010-08-05 18:00:00,0.30419999999999997,0.5329040871319796,0.5699174,0.2133418382724216,0.3379642857142858,0.5952055850795511
2010-08-05 19:00:00,0.28536666666666666,0.6296917109246057,0.68395555,0.6268165863240094,1.0928666666666667,0.8061216430090548
2010-08-05 20:00:00,0.33566666666666667,0.6161905557426539,0.59747374,0.5390226428324146,0.3196333333333333,0.681522693222517
2010-08-05 21:00:00,0.20853333333333335,0.7430724387177008,0.78516304,0.6011389893720909,0.2858,0.6864137510895376
2010-08-05 22:00:00,0.31880000000000003,0.6333846461334697,0.54518795,0.5246299757176419,0.2972280701754386,0.7400139711885432
2010-08-05 23:00:00,0.29036666666666666,0.6768110330492461,0.5897206,0.5588274233795922,0.28576666666666667,0.664403186685073
2010-08-06 00:00:00,0.22414814814814812,0.4060606108251457,0.423572,0.3399296312750184,0.23140740740740742,0.4684465246873909
2010-08-06 01:00:00,0.28073333333333333,0.4269895364083966,0.33617243,0.35987748606270864,0.31893333333333335,0.547144446340297
2010-08-06 02:00:00,0.2885,0.40157133594583777,0.4305931,0.27546943557399894,0.29100000000000004,0.4701297637999411
2010-08-06 03:00:00,1.2259,0.4251573832537538,0.42558545,0.31482359115141956,0.3068,0.5463809183057415
2010-08-06 04:00:00,0.2449818181818182,0.4005713965933865,0.45835826,0.2665370061890169,0.3015,0.473638787645997
2010-08-06 05:00:00,0.29779999999999995,0.39784005570989217,0.4133566,0.2918812172604006,0.31229999999999997,0.5127924607582527
2010-08-06 06:00:00,0.2818333333333333,0.5124273491224534,0.5700909,0.22855508980038186,0.36086666666666667,0.464358908557282
2010-08-06 07:00:00,0.2513559322033898,0.7072554453008989,0.7801614,1.1420864661546797,1.070981818181818,0.8482367959449663
2010-08-06 08:00:00,0.22807142857142856,0.6779599021178538,0.60693073,0.5377377915271986,0.38446428571428576,0.6506751035151659
2010-08-06 09:00:00,0.2968,0.6175658175704084,0.5568019,0.5807649331007542,0.2754642857142857,0.6916570762495221
2010-08-06 10:00:00,0.27463333333333334,0.5542668362196913,0.59475595,0.41454080436911667,0.29710000000000003,0.47673802562282697
2010-08-06 11:00:00,0.3009,0.5500900229615487,0.5691005,0.39884193814547275,0.30670000000000003,0.47861515690550027
2010-08-06 12:00:00,0.2164,0.47729852295688496,0.48477796,0.3881272910092849,0.2687118644067797,0.49575847185887345
2010-08-06 13:00:00,0.26538181818181816,0.49165223686049364,0.49497816,0.3492803958693059,0.2663,0.5456923222379069
2010-08-06 14:00:00,0.5978666666666667,0.4509983792017271,0.52983594,0.12816314885341495,0.27949999999999997,0.5621545011998518
2010-08-06 15:00:00,0.9192333333333333,0.4299662709064348,0.44115463,0.18097055421273267,0.24029090909090908,0.6025864314794722
2010-08-06 16:00:00,0.2670333333333333,0.4483315108027909,0.48415223,0.3587934743399125,0.3171666666666667,0.5752428174388324
2010-08-06 17:00:00,0.3032666666666667,0.5563693643674881,0.4812082,0.6612116853383309,1.1489999999999998,0.7195084775692981
2010-08-06 18:00:00,0.2873,0.630741254440399,0.5570537,0.4842316009873866,0.31516666666666665,0.6475956214147908
2010-08-06 19:00:00,0.29969999999999997,0.8066180915025357,0.8857215,0.8444592563925876,0.28963333333333335,0.8587995882903001
2010-08-06 20:00:00,0.27090000000000003,0.6443757770624791,0.6984045,0.5208653306070514,0.2808,0.7532963269930308
2010-08-06 21:00:00,0.2672,0.575243751096463,0.7726011,0.3201695136774222,0.2802,0.745542000071942
2010-08-06 22:00:00,0.33063333333333333,0.5458446488067399,0.5981567,0.4910284875572183,0.33849999999999997,0.6651338574845891
2010-08-06 23:00:00,0.2713,0.5857316412743804,0.5325701,0.36348364212579287,0.2765666666666667,0.6489076833939242
2010-08-07 00:00:00,0.2987,0.41208011731518857,0.3981946,0.07737037121382073,0.2520727272727273,0.5417650114426265
2010-08-07 01:00:00,0.23376666666666665,0.42740823669462297,0.41661844,0.24824119716940563,0.30183333333333334,0.5531621309566067
2010-08-07 02:00:00,0.9127666666666666,0.409387965662978,0.41223282,0.15436160373931518,0.22766666666666668,0.4881357498600253
2010-08-07 03:00:00,0.6713,0.4048152965783728,0.42708445,0.27527762043169557,0.2885666666666667,0.4871356686266958
2010-08-07 04:00:00,0.32270000000000004,0.486041511113458,0.49355954,0.5015250549733684,0.5586666666666668,0.5623057090858516
2010-08-07 05:00:00,0.2813,0.6575610652315044,0.4547529,1.1342227114110919,0.9862456140350877,0.6874964469863096
2010-08-07 06:00:00,0.23513333333333333,0.6197629162623399,0.63166213,0.511566426089036,0.314,0.5560027146291918
2010-08-07 07:00:00,0.306,0.7213940070931393,0.7184769,0.9027088485720272,0.2689090909090909,0.7433981286161824
2010-08-07 08:00:00,0.2949333333333333,0.5666403646247834,0.69383335,0.462283196412,0.28463333333333335,0.5401990558771772
2010-08-07 09:00:00,0.3062333333333333,0.46285647191359586,0.5620477,0.2531034505977916,0.2845084745762712,0.5581699320347949
2010-08-07 10:00:00,0.22626666666666667,0.4464539059209261,0.53129935,0.3535969796649684,0.26063333333333333,0.5248630973959638
2010-08-07 11:00:00,0.3064666666666667,0.5288282387026871,0.5601633,0.28064753397922515,0.3007,0.5681069152199554
2010-08-07 12:00:00,0.21824561403508771,0.5205905738133496,0.5151287,0.24856584685740513,0.284,0.629943888659185
2010-08-07 13:00:00,0.2999649122807017,0.4466157145019072,0.48539656,0.3051452547764274,0.30924137931034484,0.6619845796968709
2010-08-07 14:00:00,0.7998947368421053,0.5147448680927585,0.55452377,0.2444713952919655,0.2824,0.6230345438027113
2010-08-07 15:00:00,0.5972542372881355,0.4241893255304339,0.49096492,0.2033398861121264,0.24956363636363635,0.6058315740389011
2010-08-07 16:00:00,0.25263157894736843,0.554385255257944,0.5559535,0.6148270086297813,0.6855666666666667,0.7483048856927135
2010-08-07 17:00:00,0.2349090909090909,0.7471725403981881,0.8408058,1.1532604659265753,0.9024333333333333,0.893022401480817
2010-08-07 18:00:00,0.28040000000000004,0.594728303132837,0.6711819,0.5066967714670464,0.28886666666666666,0.7386202365237654
2010-08-07 19:00:00,0.303578947368421,0.6953139764218775,0.6456969,0.6882345477683713,0.34280000000000005,0.7763800031821156
2010-08-07 20:00:00,0.2285,0.48501608895205195,0.5563638,0.5704579990637403,0.24501818181818183,0.6427973631981256
2010-08-07 21:00:00,0.2992666666666667,0.5251784881295776,0.42508548,0.2817950527930453,0.29786666666666667,0.7957096063415203
2010-08-07 22:00:00,0.30970000000000003,0.5475930655177611,0.5428883,0.346114875600661,0.2873571428571428,0.7617332211320795
2010-08-07 23:00:00,0.27759999999999996,0.6552221091236317,0.676827,0.22074746372332232,0.2922666666666667,0.7830358265041191
2010-08-08 00:00:00,0.3172666666666667,0.5441382812977862,0.5088741,0.335042165197064,0.31706666666666666,0.5612383991167872
2010-08-08 01:00:00,0.28500000000000003,0.49861542450496843,0.53063905,0.37224840575019014,0.29283333333333333,0.5422078830354518
2010-08-08 02:00:00,1.1826333333333332,0.5507598589168743,0.512857,0.274595822361688,0.31244827586206897,0.485339486223631
2010-08-08 03:00:00,0.32003333333333334,0.4663053298955522,0.47299334,0.34998232881198277,0.26416666666666666,0.456382159929964
2010-08-08 04:00:00,0.3169,0.5659445075195925,0.49777016,0.6190125940333537,0.5410357142857143,0.5809284209221686
2010-08-08 05:00:00,0.27016666666666667,0.630846646600329,0.5115163,1.1827528071938256,0.9396,0.7338211140891973
2010-08-08 06:00:00,0.3204666666666667,0.7870069041723695,0.59085906,0.6678513006819558,0.3158333333333333,0.6118834596538051
2010-08-08 07:00:00,0.2682,0.7367754364996527,0.5749387,0.5551191995417047,0.2383793103448276,0.5712203248270048
2010-08-08 08:00:00,0.2649,0.7719694763359887,0.62583923,0.35915573119742783,0.252,0.5069397120824969
2010-08-08 09:00:00,0.29023333333333334,0.6480992688304683,0.6394909,0.35676994451029476,0.3096333333333333,0.5162253938358123
2010-08-08 10:00:00,0.3186333333333333,0.5821358582230411,0.5386765,0.29014372445366865,0.2906666666666667,0.6259005175896735
2010-08-08 11:00:00,0.2392982456140351,0.6019535638530357,0.5872724,0.19223494915317785,0.29164285714285715,0.7219557773457129
2010-08-08 12:00:00,0.24223333333333336,0.4697191200967405,0.6841386,0.18470753869317968,0.2644,0.7093007280003563
2010-08-08 13:00:00,0.5302333333333333,0.4491565845325237,0.5290772,0.21236232605728123,0.26847272727272725,0.6118349261739688
2010-08-08 14:00:00,0.9463214285714285,0.511625948477225,0.5621198,0.266042442177297,0.29150000000000004,0.5764767059431146
2010-08-08 15:00:00,0.2639642857142857,0.4251752406787489,0.46681648,0.17242427701305674,0.24044444444444443,0.54891888674046
2010-08-08 16:00:00,0.23006666666666667,0.595864674134682,0.6101822,0.8273165969026628,0.6569,0.7151809829853955
2010-08-08 17:00:00,0.29296666666666665,0.6897223126016455,0.78142816,1.0655732991396227,0.9184333333333333,0.8836198429401358
2010-08-08 18:00:00,0.2939,0.6903611687548148,0.7148357,0.5531971241133087,0.29077966101694913,0.6271892866276786
2010-08-08 19:00:00,0.2742545454545455,0.7502722318384459,0.7492092,0.355656930456529,0.31216666666666665,0.649748167377068
2010-08-08 20:00:00,0.20953333333333335,0.6743773116349873,0.72276217,0.3782704291147543,0.26127272727272727,0.6182869336358287
2010-08-08 21:00:00,0.3331,0.6747966816281307,0.6874155,0.374977589028164,0.30546666666666666,0.6484416976211567
2010-08-08 22:00:00,0.26913333333333334,0.6524478473917028,0.5988778,0.3178765315458,0.3077,0.6706242287307435
2010-08-08 23:00:00,0.2528,0.7274364839138917,0.50296414,-0.02543770604005635,0.30091525423728815,0.9044333652953379
2010-08-09 00:00:00,0.2829666666666667,0.42707693564465493,0.45969963,0.3380191823278551,0.3015,0.31232310693050747
2010-08-09 01:00:00,0.7714285714285715,0.44109158908542073,0.3959271,0.27064948333937866,0.25253333333333333,0.33702820263764033
2010-08-09 02:00:00,0.6601666666666667,0.42835769951974234,0.43423432,0.340724889380134,0.31683333333333336,0.3270178491458573
2010-08-09 03:00:00,0.25727272727272726,0.38079386470245213,0.3481938,0.276668671203654,0.2521379310344828,0.30488922595658396
2010-08-09 04:00:00,0.29629999999999995,0.4729072171405224,0.47514296,0.346980479337734,0.7077333333333333,0.47995244911031665
2010-08-09 05:00:00,0.23382142857142857,0.5508938667782706,0.5849989,0.613145107429784,0.7583636363636364,0.6111208083796718
2010-08-09 06:00:00,0.31776666666666664,0.6750021445401075,0.5417218,0.4176483719990123,0.30686206896551727,0.36604419582520054
2010-08-09 07:00:00,0.2921666666666667,0.7422644780848526,0.75684834,0.5129383286371633,0.2859,0.33613551361307104
2010-08-09 08:00:00,0.24810000000000001,0.7259762332581574,0.6322982,0.41420755356806105,0.2823157894736842,0.5624742304270378
2010-08-09 09:00:00,0.23781818181818182,0.6341366763775816,0.6541045,0.49825726655479785,0.32283333333333336,0.37993349867995374
2010-08-09 10:00:00,0.29813333333333336,0.5290693792721798,0.51489735,0.4277290575953533,0.2617966101694915,0.41777684911293544
2010-08-09 11:00:00,0.27546666666666664,0.50580109427555,0.54708534,0.45571872214834486,0.3393333333333333,0.4705739977605915
2010-08-09 12:00:00,0.26941818181818183,0.4978902670189443,0.49183124,0.31067510031544443,0.2793333333333334,0.3941943269543904
2010-08-09 13:00:00,1.0964666666666667,0.42456254577394753,0.46699724,0.3190868095327495,0.26127272727272727,0.37927895733424566
2010-08-09 14:00:00,0.3942333333333333,0.4870375174365444,0.49901286,0.37317733125880326,0.29173333333333334,0.388817880113304
2010-08-09 15:00:00,0.2846,0.5276452086939701,0.46244624,0.37575577061066456,0.3312333333333333,0.40747188350829366
2010-08-09 16:00:00,0.2569818181818182,0.5350157611398143,0.53819644,0.3667027501348912,0.7098620689655172,0.5919466977853223
2010-08-09 17:00:00,0.2699,0.5678247788561677,0.57849675,0.4388848919679379,0.698896551724138,0.6614017756593682
2010-08-09 18:00:00,0.30223333333333335,0.6154830409339112,0.5861283,0.6132709159734648,0.2919310344827586,0.46880190913437214
2010-08-09 19:00:00,0.26780000000000004,0.6553839577320804,0.6987255,0.7069121463243179,0.30816666666666664,0.4418508759774973
2010-08-09 20:00:00,0.30879999999999996,0.5925385426883594,0.6425372,0.7362574183477355,0.3232,0.4378915028635465
2010-08-09 21:00:00,0.3081333333333333,0.6176924590136817,0.6254886,0.5242579280130486,0.30696666666666667,0.5972847300208024
2010-08-09 22:00:00,0.30277966101694914,0.6071524606817161,0.5447678,0.31741128099709937,0.3078,0.7024325974111578
2010-08-09 23:00:00,0.264448275862069,0.6304523315683015,0.51934445,0.2833312864128483,0.28966666666666663,0.7079119664016977
2010-08-10 00:00:00,0.3537666666666667,0.6279123587492755,0.65023005,0.28037728749515956,0.28715789473684206,0.4463478467566333
2010-08-10 01:00:00,1.1745818181818182,0.46097477621042665,0.44118872,0.26977609108825096,0.2728,0.36840662384487877
2010-08-10 02:00:00,0.29036666666666666,0.6447136403545782,0.60643685,0.31197924175239655,0.3206666666666667,0.3288986481421503
2010-08-10 03:00:00,0.26193333333333335,0.47252233087733164,0.49467465,0.28523896442908214,0.29013333333333335,0.25219333390773135
2010-08-10 04:00:00,0.22789090909090912,0.657380029720867,0.5744163,0.2923966204176055,0.9235666666666666,0.4601977419293779
2010-08-10 05:00:00,0.31373333333333336,0.7614919686634647,0.7829993,0.4623067811543832,0.4701071428571429,0.44743290463110985
2010-08-10 06:00:00,0.2842,0.7717923968125229,0.7749704,0.4764765600518459,0.26967857142857143,0.27190164246634885
2010-08-10 07:00:00,0.3331666666666667,0.7582319391870554,0.72641647,0.5500484991604793,0.2826666666666667,0.27294282733153397
2010-08-10 08:00:00,0.23375862068965517,0.7537664174834744,0.6602318,0.5300994416881315,0.3582,0.28546485116672415
2010-08-10 09:00:00,0.3389666666666667,0.6340675994382614,0.62655747,0.396752950783837,0.35505454545454546,0.3957865685157783
2010-08-10 10:00:00,0.25873333333333337,0.6269139429418579,0.61725575,0.3796817149878299,0.38026666666666664,0.349469546520908
2010-08-10 11:00:00,0.27420000000000005,0.546309557185634,0.5604547,0.36083899781550943,0.3789830508474576,0.3743565077410962
2010-08-10 12:00:00,0.4379,0.5310518916422133,0.5844655,0.2766694436923036,0.3237894736842105,0.36348074763167604
2010-08-10 13:00:00,1.0967142857142858,0.49312814736711813,0.5518174,0.3373133579076254,0.41583333333333333,0.3848923493341164
2010-08-10 14:00:00,0.2911,0.5597633615099873,0.5233333,0.3048599460537156,0.3883,0.3807123332956017
2010-08-10 15:00:00,0.3003666666666667,0.578732713696001,0.570945,0.37216498457336344,0.4288666666666667,0.47569456883634764
2010-08-10 16:00:00,0.26964285714285713,0.492121867049967,0.5521221,0.12965848101958355,1.3014545454545454,0.6361502796211733
2010-08-10 17:00:00,0.28450000000000003,0.5416441009538028,0.59698766,0.3509396523258327,0.42447457627118645,0.5316343640136401
2010-08-10 18:00:00,0.28428070175438597,0.5869212033123116,0.53219867,0.5254701417474958,0.3534,0.35032307728960566
2010-08-10 19:00:00,0.26203333333333334,0.5715292554752593,0.62707293,0.6646639646853783,0.3572280701754386,0.37086621306830303
2010-08-10 20:00:00,0.29969999999999997,0.5886291783083496,0.6370518,0.6602975280557573,0.3806,0.4077176600914453
2010-08-10 21:00:00,0.2843,0.6073461299420664,0.7306017,0.5803099325689929,0.2781,0.46385163184748046
2010-08-10 22:00:00,0.3190847457627119,0.7055498855445229,0.64940166,0.5495893270896808,0.26083636363636364,0.491226205978873
2010-08-10 23:00:00,0.2764666666666667,0.6273077086689913,0.54695964,0.4458356127689692,0.28623333333333334,0.5769160639760015
2010-08-11 00:00:00,0.3866545454545454,0.47361410087161976,0.48756504,0.2613193846819829,0.27535714285714286,0.40452753940700903
2010-08-11 01:00:00,1.0594545454545454,0.5674413533642969,0.44072154,0.28265344114809665,0.26999999999999996,0.2818196467366272
2010-08-11 02:00:00,0.3216,0.7535316095967423,0.5488232,0.3871250582710093,0.3335,0.28752420494416
2010-08-11 03:00:00,0.27576666666666666,0.6272594714364518,0.40057245,0.257559371296498,0.24596491228070175,0.2104020531976163
2010-08-11 04:00:00,0.327,0.7560487640329719,0.5846818,0.4427992803277492,1.1254137931034482,0.5253512037754644
2010-08-11 05:00:00,0.24113333333333334,0.844589331144395,0.7297064,0.49591607194172027,0.3000344827586207,0.3645407736881878
2010-08-11 06:00:00,0.2839,0.8564168123819897,0.8506286,0.3747475720563168,0.28040000000000004,0.25367632485285685
2010-08-11 07:00:00,0.3261,0.8690714632530974,0.6640707,0.3129177972248329,0.3162333333333333,0.3871930149466669
2010-08-11 08:00:00,0.2825666666666667,0.8470499580213317,0.60933673,0.3068906834653614,0.31829999999999997,0.38835635638330757
2010-08-11 09:00:00,0.29858620689655174,0.6831340552102505,0.60896,0.2944202624835994,0.23683636363636362,0.3626089726128231
2010-08-11 10:00:00,0.2798,0.67623034655101,0.64390576,0.41367725721920645,0.2806666666666667,0.2204151879599432
2010-08-11 11:00:00,0.3235,0.5067859085849218,0.5303405,0.34186537891823054,0.32580000000000003,0.30139150438774864
2010-08-11 12:00:00,0.4844333333333333,0.4700460087648311,0.49621603,0.245533304633752,0.25503333333333333,0.2685728320090309
2010-08-11 13:00:00,0.9789473684210526,0.4667196689919304,0.48689952,0.3244232480936181,0.27759999999999996,0.28716998164167185
2010-08-11 14:00:00,0.2878,0.5081356330921092,0.5042672,0.31623995114503534,0.28311864406779663,0.31905041618788754
2010-08-11 15:00:00,0.2321090909090909,0.5175450269982542,0.4894483,0.27549233374791104,0.559,0.3788355409792008
2010-08-11 16:00:00,0.28646666666666665,0.6895193781923099,0.66812664,0.429256474464222,0.9081071428571429,0.6381628936024055
2010-08-11 17:00:00,0.3285,0.6667746673683788,0.67863613,0.5164452937457826,0.3169666666666667,0.42862356814207514
2010-08-11 18:00:00,0.2832,0.6373884617223468,0.63786143,0.5140402133474096,0.3072666666666667,0.36285949808558415
2010-08-11 19:00:00,0.31893333333333335,0.6421333992974873,0.7067654,0.5002768932329484,0.2920666666666667,0.37683651343791547
2010-08-11 20:00:00,0.25766666666666665,0.6178118708713598,0.6650061,0.537241097126377,0.2766545454545455,0.4070224755258459
2010-08-11 21:00:00,0.23301818181818182,0.8066048582116973,0.7114741,0.5636584395363079,0.27226666666666666,0.30365675415761495
2010-08-11 22:00:00,0.3141666666666667,0.84452213967642,0.69088846,0.626936052977946,0.3032666666666667,0.3326782502542269
2010-08-11 23:00:00,0.2962666666666667,0.5438996974477923,0.53287214,0.5076835994210389,0.25343333333333334,0.3731446297688238
2010-08-12 00:00:00,0.5809090909090909,0.7432944294013921,0.47130755,0.44383570856598054,0.30866666666666664,0.1756865062802928
2010-08-12 01:00:00,0.9415,0.7366378182366912,0.43267927,0.36080061884865444,0.27283333333333337,0.18242082195538556
2010-08-12 02:00:00,0.27763333333333334,0.858351837478439,0.61628795,0.44292395318253897,0.3154237288135593,0.21737791731916856
2010-08-12 03:00:00,0.2701333333333334,0.7211826620744654,0.433839,0.30862868656465403,0.6917000000000001,0.2942437758407056
2010-08-12 04:00:00,0.2962033898305085,0.8942232225983388,0.64520085,0.455302507639067,0.8628333333333333,0.50425369281556
2010-08-12 05:00:00,0.28859999999999997,0.9216856143212455,0.8316918,0.5372740461141621,0.2514909090909091,0.2537556472971372
2010-08-12 06:00:00,0.2754035087719298,0.7926224173146709,0.79669905,0.4188615453365876,0.2312,0.17311538053854414
2010-08-12 07:00:00,0.25482758620689655,0.8246121392642536,0.6498603,0.35809526716926243,0.2998333333333333,0.3211008775086437
2010-08-12 08:00:00,0.2598666666666667,0.8294289813640863,0.6506486,0.5225828723238551,0.29883333333333334,0.22885738535177458
2010-08-12 09:00:00,0.28389655172413797,0.6632570977494245,0.5970751,0.401852632094191,0.25661818181818186,0.19295070736313114
2010-08-12 10:00:00,0.22325,0.6975195885791166,0.56670207,0.34935877333626175,0.2725666666666667,0.19903331056133422
2010-08-12 11:00:00,0.27153571428571427,0.5194585201527148,0.4977975,0.34757953607770553,0.2775666666666667,0.27599270830092615
2010-08-12 12:00:00,0.6421818181818182,0.4467242888504984,0.47184244,0.22928287600059394,0.2622,0.23732471164876823
2010-08-12 13:00:00,0.7424,0.43999737889742063,0.4346431,0.26754411284360347,0.2653214285714286,0.2663598976249544
2010-08-12 14:00:00,0.2616551724137931,0.4669405624933852,0.47571012,0.28975139185469556,0.2877,0.29313992985767845
2010-08-12 15:00:00,0.2667857142857143,0.5277042630444067,0.454344,0.2540200531506418,0.9352068965517241,0.4780231532333967
2010-08-12 16:00:00,0.2699,0.6638209099746891,0.583125,0.3556925178292609,0.48993103448275865,0.5393544180164034
2010-08-12 17:00:00,0.2787586206896552,0.7292206377927052,0.6319184,0.4944301439193659,0.2808275862068966,0.32917697781332045
2010-08-12 18:00:00,0.2345084745762712,0.8157425757995184,0.7081841,0.48001764402382596,0.30419999999999997,0.32101072984394663
2010-08-12 19:00:00,0.31096666666666667,0.6622819831939022,0.6852679,0.3075410108530885,0.28536666666666666,0.43629432850463634
2010-08-12 20:00:00,0.30546666666666666,0.6793149546579855,0.6965679,0.5410150029977421,0.33566666666666667,0.3550591091062052
2010-08-12 21:00:00,0.3128666666666667,0.7356654719536441,0.61914855,0.3677118795687482,0.20853333333333335,0.2899271657157674
2010-08-12 22:00:00,0.26143333333333335,0.6176236122443027,0.66946,0.505310609797196,0.31880000000000003,0.34860257170369224
2010-08-12 23:00:00,0.2603666666666667,0.7506328280940757,0.7439836,0.4778801086025454,0.29036666666666666,0.37394915323613187
2010-08-13 00:00:00,1.0248666666666666,0.7606752947701968,0.44811508,0.39357755869163447,0.22414814814814812,0.11479679653829
2010-08-13 01:00:00,0.5477666666666666,0.7239006424134183,0.4428133,0.43933492980483435,0.28073333333333333,0.16502423288379808
2010-08-13 02:00:00,0.3143,0.8260157090063402,0.63714504,0.4828496285126227,0.2885,0.1948673396545899
2010-08-13 03:00:00,0.22713333333333333,0.60706727894608,0.5911068,0.45969146132656036,1.2259,0.4335438839888114
2010-08-13 04:00:00,0.31073333333333336,0.918223505524052,0.7208055,0.3906674560572311,0.2449818181818182,0.3694645159814606
2010-08-13 05:00:00,0.2627333333333333,0.8005828837289566,0.7468571,0.47566638522187976,0.29779999999999995,0.21154272359245174
2010-08-13 06:00:00,0.33049999999999996,0.9205162940511389,0.8180956,0.5239508869300737,0.2818333333333333,0.2056383064863233
2010-08-13 07:00:00,0.26916666666666667,0.7679293303187497,0.6427614,0.35952904447571243,0.2513559322033898,0.3365509522528124
2010-08-13 08:00:00,0.2537666666666667,0.8095587279884738,0.65924525,0.43541150637280435,0.22807142857142856,0.23404080526198356
2010-08-13 09:00:00,0.31453333333333333,0.808996421939896,0.7263091,0.49720532135585627,0.2968,0.2358906131116354
2010-08-13 10:00:00,0.27599999999999997,0.5034526933697658,0.52821773,0.16213477051467395,0.27463333333333334,0.30778346925513744
2010-08-13 11:00:00,0.3081,0.5230416205280715,0.52488345,0.3234275067747089,0.3009,0.31126412889946387
2010-08-13 12:00:00,1.1421724137931033,0.5269323748264473,0.5288264,0.13187183020177684,0.2164,0.26791829380788657
2010-08-13 13:00:00,0.2853448275862069,0.4189370212484078,0.39232692,0.2906163656808659,0.26538181818181816,0.29304440929147335
2010-08-13 14:00:00,0.22893103448275862,0.64879944880736,0.49497622,0.2615808172276056,0.5978666666666667,0.37922503414815223
2010-08-13 15:00:00,0.2963508771929824,0.689394382501205,0.63392186,0.4172610602949657,0.9192333333333333,0.585744649871665
2010-08-13 16:00:00,0.2618,0.6772692838521963,0.6296552,0.35013265956733064,0.2670333333333333,0.424536736053887
2010-08-13 17:00:00,0.2516,0.6924400909571302,0.6072539,0.2927217999785745,0.3032666666666667,0.45414744830248555
2010-08-13 18:00:00,0.26480701754385966,0.716341814563283,0.6537113,0.33435354499017056,0.2873,0.33177006925029706
2010-08-13 19:00:00,0.29653333333333337,0.6945931801008125,0.6877006,0.4037001880279931,0.29969999999999997,0.3360162122942627
2010-08-13 20:00:00,0.2919,0.7717475861354436,0.7675491,0.3826737283907582,0.27090000000000003,0.3377326137345251
2010-08-13 21:00:00,0.25283333333333335,0.8144710225060737,0.7372879,0.28820695453855427,0.2672,0.33549516750458475
2010-08-13 22:00:00,0.30193333333333333,0.6141448435071137,0.6978402,0.40433346177284213,0.33063333333333333,0.41504982345988495
2010-08-13 23:00:00,0.41313333333333335,0.5487752004288943,0.6459172,0.32661249053789154,0.2713,0.386543594784146
2010-08-14 00:00:00,1.101,0.7912464185972358,0.5700863,0.6504077822999013,0.2987,0.23294534875600337
2010-08-14 01:00:00,0.22230000000000003,0.7402721094005962,0.45471025,0.579885979385268,0.23376666666666665,0.2361095920049594
2010-08-14 02:00:00,0.29610000000000003,0.860229146937105,0.6845587,0.9690229525182692,0.9127666666666666,0.39222975602793997
2010-08-14 03:00:00,0.28300000000000003,0.8737828901153613,0.7190514,1.1850961216627014,0.6713,0.5428106213252897
2010-08-14 04:00:00,0.3064406779661017,0.8858056028417596,0.6575198,0.7080060037695648,0.32270000000000004,0.3834505788545097
2010-08-14 05:00:00,0.20033333333333334,0.8094404964454331,0.83170694,0.5441684355794839,0.2813,0.3574564911225959
2010-08-14 06:00:00,0.3201,0.7965732475179705,0.7284476,0.5329256287036044,0.23513333333333333,0.25646135375772994
2010-08-14 07:00:00,0.26793333333333336,0.8846803596299805,0.6095451,0.6075015725519874,0.306,0.2955472394557277
2010-08-14 08:00:00,0.31229999999999997,0.8094163852648149,0.65817165,0.5168839421961479,0.2949333333333333,0.30483930993597097
2010-08-14 09:00:00,0.21163333333333334,0.5104417469146598,0.60820657,0.5518577576041345,0.3062333333333333,0.33513355200152495
2010-08-14 10:00:00,0.31903333333333334,0.4532161378532297,0.51186806,0.431386517474201,0.22626666666666667,0.3513057143012839
2010-08-14 11:00:00,0.6667368421052631,0.4647818274053509,0.56376886,0.5191458692645541,0.3064666666666667,0.3598868796037472
2010-08-14 12:00:00,0.7658333333333333,0.5791134154044711,0.50750446,0.391251045692234,0.21824561403508771,0.3209256861118639
2010-08-14 13:00:00,0.29586666666666667,0.5579641171794407,0.5849723,0.40329252430142604,0.2999649122807017,0.34508710977522894
2010-08-14 14:00:00,0.22739285714285715,0.661207594421335,0.7506562,1.304007700451624,0.7998947368421053,0.5252078221402738
2010-08-14 15:00:00,0.28152542372881356,0.6753345510452293,0.646476,0.9922148588679343,0.5972542372881355,0.5983200773616293
2010-08-14 16:00:00,0.23790000000000003,0.6633549897229856,0.5967064,0.473429441054684,0.25263157894736843,0.45869193716148315
2010-08-14 17:00:00,0.2874,0.6759595338588501,0.5571305,0.2441333655746195,0.2349090909090909,0.43467304503103066
2010-08-14 18:00:00,0.28680000000000005,0.8521994980289199,0.72701746,0.4624933351380025,0.28040000000000004,0.3818241379411128
2010-08-14 19:00:00,0.2719333333333333,0.7054895513549954,0.64079094,0.41840569354745616,0.303578947368421,0.3974661520868902
2010-08-14 20:00:00,0.2736,0.6427804454874029,0.6601379,0.3467484500857171,0.2285,0.3747504329554334
2010-08-14 21:00:00,0.30383333333333334,0.5685140014124319,0.67659354,0.34720964575569213,0.2992666666666667,0.46319381996347475
2010-08-14 22:00:00,0.26475862068965517,0.6810772496298525,0.7702083,0.42954058893859715,0.30970000000000003,0.4889926378868322
2010-08-14 23:00:00,1.0143666666666666,0.6098888871080822,0.714863,0.4073642569998188,0.27759999999999996,0.4774461145546167
2010-08-15 00:00:00,0.3991929824561404,1.071597625823839,0.91299003,0.7515675417290808,0.3172666666666667,0.2497504347336843
2010-08-15 01:00:00,0.3296,1.0686758654568258,0.6763283,0.6231019593421723,0.28500000000000003,0.21689520460689804
2010-08-15 02:00:00,0.25833333333333336,0.9146777671028571,1.049542,1.3519589948815405,1.1826333333333332,0.5158673055698746
2010-08-15 03:00:00,0.252,0.8048079846356554,0.68760073,0.7955017676908221,0.32003333333333334,0.4301732177068075
2010-08-15 04:00:00,0.28223333333333334,0.7666952895990855,0.7701567,0.41226418769082185,0.3169,0.30353045095528897
2010-08-15 05:00:00,0.2712982456140351,0.7797423646711671,0.8195908,0.46646292347057805,0.27016666666666667,0.33826675877113466
2010-08-15 06:00:00,0.26486666666666664,0.9344525374568882,0.8534935,0.3989974497575114,0.3204666666666667,0.26250778855347157
2010-08-15 07:00:00,0.26443333333333335,0.8855853232673694,0.6480654,0.43015719618870163,0.2682,0.2599715405608053
2010-08-15 08:00:00,0.28026666666666666,0.9025924928655009,0.7252452,0.3249362199572321,0.2649,0.26625951015046656
2010-08-15 09:00:00,0.294,0.541711735597773,0.5736974,0.4287217455369413,0.29023333333333334,0.328930225073751
2010-08-15 10:00:00,0.3007142857142857,0.5081630066675408,0.50591797,0.47027602598927354,0.3186333333333333,0.3578595609735383
2010-08-15 11:00:00,1.2265666666666668,0.49345697232016505,0.53124064,0.3541750950643703,0.2392982456140351,0.3704329181245951
2010-08-15 12:00:00,0.29006666666666664,0.4813188348809874,0.47428456,0.203271442711645,0.24223333333333336,0.37974612849052936
2010-08-15 13:00:00,0.3015,0.518016019099052,0.57613844,0.5101668776358979,0.5302333333333333,0.4626110913286957
2010-08-15 14:00:00,0.3672941176470588,0.6839209741780856,0.7220981,1.290440602071991,0.9463214285714285,0.6582830039761655
2010-08-15 15:00:00,0.40204,0.6666397789352787,0.69645035,0.6353922709860971,0.2639642857142857,0.5284650361898987
2010-08-15 16:00:00,1.2956410256410256,0.7156366613924624,0.60296136,0.04728044399564524,0.23006666666666667,0.45264004845635974
2010-08-15 17:00:00,1.9023,0.7970152503122422,0.62513185,0.10208142817539978,0.29296666666666665,0.520950473156861
2010-08-15 18:00:00,1.9465106382978725,0.8011333137139617,0.6498798,0.2533997231820653,0.2939,0.458111459378725
2010-08-15 19:00:00,0.9115862068965517,0.6875242783842814,0.73660785,0.15462861966575814,0.2742545454545455,0.46759544934510566
2010-08-15 20:00:00,1.2045,0.7932604651157618,0.65394706,0.1363252183525071,0.20953333333333335,0.41426176930737246
2010-08-15 21:00:00,0.9719666666666666,0.6017129100670205,0.66766477,0.194058875929499,0.3331,0.5204192974782026
2010-08-15 22:00:00,1.4028214285714284,0.7253170064531063,0.6725735,0.3222602297933098,0.26913333333333334,0.46472720328557715
2010-08-15 23:00:00,0.5244,0.6878261623887637,0.53596693,0.16303140916969572,0.2528,0.4435838372982891
2010-08-16 00:00:00,0.29763333333333336,1.0750414894071105,0.78414184,0.3382382603193378,0.2829666666666667,0.13551255669814655
2010-08-16 01:00:00,0.3223728813559322,1.0709467369405323,0.72374034,0.2355187691459093,0.7714285714285715,0.2465087429929741
2010-08-16 02:00:00,0.26386666666666664,0.9394417334802355,0.68565804,0.34415846419981677,0.6601666666666667,0.4163879864765331
2010-08-16 03:00:00,0.30246666666666666,0.8636116621688058,0.62228274,0.46044123208019905,0.25727272727272726,0.2041995918227707
2010-08-16 04:00:00,0.31856666666666666,0.8683931659392295,0.78015834,0.5629564702267011,0.29629999999999995,0.23737689022981234
2010-08-16 05:00:00,0.30970000000000003,0.7547959113104968,0.5909316,0.49820286160423843,0.23382142857142857,0.2418741031895043
2010-08-16 06:00:00,0.2612,0.6838838523630584,0.82968384,0.5379608351224403,0.31776666666666664,0.21470971892251633
2010-08-16 07:00:00,0.9650666666666666,0.6944419889984332,0.66657114,0.5530085003658907,0.2921666666666667,0.2200783720662386
2010-08-16 08:00:00,1.478892857142857,0.6249403693123989,0.6255382,0.4497188387801606,0.24810000000000001,0.22966991746540832
2010-08-16 09:00:00,1.3233818181818182,0.5249843152455865,0.5163427,0.30279953720368324,0.23781818181818182,0.27487194123882297
2010-08-16 10:00:00,1.3420333333333334,0.4745981188734657,0.4816919,0.2928028088225294,0.29813333333333336,0.2528238968719403
2010-08-16 11:00:00,0.2498,0.5435294540066082,0.5026044,0.27964632960495917,0.27546666666666664,0.2873703739677439
2010-08-16 12:00:00,0.36810909090909094,0.4358969850960762,0.44842485,0.30229542942668486,0.26941818181818183,0.28500491878077405
2010-08-16 13:00:00,0.7548,0.5506515752974948,0.5147989,0.1849750097371674,1.0964666666666667,0.5028247364705084
2010-08-16 14:00:00,0.8666,0.6905726958792313,0.5563154,0.5439442256677147,0.3942333333333333,0.5239279926558968
2010-08-16 15:00:00,0.3209,0.691631873869257,0.6028646,0.6456118041257736,0.2846,0.3154122322202594
2010-08-16 16:00:00,0.8527333333333333,0.7122351909910921,0.54032093,0.6813201597156104,0.2569818181818182,0.3603962297736891
2010-08-16 17:00:00,0.6712333333333333,0.8027552733973026,0.5980262,0.6213464568589029,0.2699,0.357818053264218
2010-08-16 18:00:00,0.7438333333333333,0.7392219072107435,0.6200019,0.6564145060248978,0.30223333333333335,0.33574824421652716
2010-08-16 19:00:00,0.8584363636363637,0.7530500322346185,0.7977698,0.675449369368298,0.26780000000000004,0.31107944433065526
2010-08-16 20:00:00,1.4273703703703704,0.6415448744325677,0.62047344,0.48191828610182563,0.30879999999999996,0.3425305435797419
2010-08-16 21:00:00,1.2868333333333335,0.6669813436704924,0.73149955,0.49436185748266215,0.3081333333333333,0.38064929527681524
2010-08-16 22:00:00,1.5521666666666667,0.5719101675958751,0.69870114,0.5044953321964581,0.30277966101694914,0.36511469200431534
2010-08-16 23:00:00,1.2357666666666667,0.563392207510208,0.63231826,0.5438184907223284,0.264448275862069,0.3560748705271627
2010-08-17 00:00:00,1.0600666666666667,1.129085073708291,1.0076573,0.3845177418533944,0.3537666666666667,0.17428633200052113
2010-08-17 01:00:00,1.0075087719298246,0.9058089590550682,0.95755434,0.33673409075857696,1.1745818181818182,0.4158168647541842
2010-08-17 02:00:00,0.8246666666666667,0.8604556000793951,0.5809113,0.3329486004594798,0.29036666666666666,0.331286809901173
2010-08-17 03:00:00,0.7446666666666667,0.8418721496255205,0.6120852,0.4464682472712981,0.26193333333333335,0.14837328080907342
2010-08-17 04:00:00,0.8127666666666666,0.8912952643464251,0.74415684,0.5002609746712421,0.22789090909090912,0.22651170202786075
2010-08-17 05:00:00,0.8006,1.0872243396072148,0.8580429,0.5458864854262246,0.31373333333333336,0.20091462849754205
2010-08-17 06:00:00,0.7530666666666667,0.9203552813636997,0.9554559,0.5148173905771487,0.2842,0.18924984969180825
2010-08-17 07:00:00,1.0798666666666668,0.9173292230830593,0.7154401,0.5820073810537904,0.3331666666666667,0.21120415501268308
2010-08-17 08:00:00,1.0765714285714285,0.5857306668761197,0.55924994,0.21399857137146228,0.23375862068965517,0.25804186144498853
2010-08-17 09:00:00,1.4720816326530612,0.5919271033602514,0.5739604,0.3295354607859986,0.3389666666666667,0.3156234462256975
2010-08-17 10:00:00,1.0564074074074075,0.5664430665533322,0.52163506,0.2822452317768559,0.25873333333333337,0.3026399172548123
2010-08-17 11:00:00,0.7785333333333334,0.49280425658130184,0.53096396,0.3197759083749656,0.27420000000000005,0.26053831247936354
2010-08-17 12:00:00,0.27105084745762714,0.5122085610076322,0.55046785,0.29302094712826476,0.4379,0.29626876521847056
2010-08-17 13:00:00,0.382140350877193,0.6468150217439899,0.56451964,0.2243441285075637,1.0967142857142858,0.6141196266302305
2010-08-17 14:00:00,0.33716666666666667,0.6632481324646682,0.61274785,0.459139443284556,0.2911,0.41176825406559614
2010-08-17 15:00:00,0.3581666666666667,0.7399565703971069,0.70477194,0.5469488354442085,0.3003666666666667,0.29890666112331243
2010-08-17 16:00:00,0.7013333333333334,0.7262700766625529,0.6151237,0.5214244273181439,0.26964285714285713,0.4061224491105855
2010-08-17 17:00:00,0.25814545454545457,0.7061389180516374,0.6235012,0.5715974678662153,0.28450000000000003,0.28858619235341865
2010-08-17 18:00:00,0.2351666666666667,0.7535196549389839,0.63695467,0.6005556512552721,0.28428070175438597,0.3001613622833348
2010-08-17 19:00:00,0.3628,0.8087233320751227,0.7814145,0.6507423109828594,0.26203333333333334,0.32761845977757265
2010-08-17 20:00:00,0.8698666666666667,0.643671896757633,0.65032184,0.3987012503957379,0.29969999999999997,0.39175880431142285
2010-08-17 21:00:00,0.888,0.593396821846543,0.66527355,0.4210908937273159,0.2843,0.3996583549499395
2010-08-17 22:00:00,0.6475172413793103,0.5760116906276642,0.63098097,0.5115309660157358,0.3190847457627119,0.38783150033274894
2010-08-17 23:00:00,0.7656666666666667,0.5602820807197372,0.64852977,0.5747057800816491,0.2764666666666667,0.3579078499470114
2010-08-18 00:00:00,0.3643666666666666,1.059406522770083,0.90684474,0.37938296360198365,0.3866545454545454,0.21317396541096967
2010-08-18 01:00:00,0.3238620689655172,1.0704384298546177,1.0065407,0.5950998303288995,1.0594545454545454,0.5176051456795191
2010-08-18 02:00:00,0.3358666666666667,1.1216000471444405,1.0481217,0.62613943181723,0.3216,0.28776439598207415
2010-08-18 03:00:00,0.3663,1.0490613642073994,0.69874054,0.45965817522426966,0.27576666666666666,0.17165131916443133
2010-08-18 04:00:00,0.7032499999999999,1.075608514780483,0.81687313,0.5261340820420125,0.327,0.31360540595087594
2010-08-18 05:00:00,0.7053666666666667,1.0685965738301,1.1186571,0.5427805460434432,0.24113333333333334,0.1913819337047089
2010-08-18 06:00:00,0.32436666666666664,0.8154990655988992,0.8326566,0.5474287991987102,0.2839,0.21977404724165417
2010-08-18 07:00:00,0.2915925925925926,0.9322533949932531,0.6467192,0.6392219952407214,0.3261,0.24970208728027865
2010-08-18 08:00:00,1.229090909090909,0.6004400804276229,0.5717594,0.28591882597597074,0.2825666666666667,0.22494805166777299
2010-08-18 09:00:00,1.3529411764705883,0.5466385081029346,0.57358396,0.29561111792985173,0.29858620689655174,0.2843182418325546
2010-08-18 10:00:00,0.5256140350877193,0.4807150055329771,0.5130459,0.21124333401393935,0.2798,0.30859438440277365
2010-08-18 11:00:00,0.35698305084745763,0.48801086122069376,0.52850455,0.35970361895628333,0.3235,0.28936749001286555
2010-08-18 12:00:00,0.3167241379310345,0.5275608925953751,0.5265189,0.22527019041264873,0.4844333333333333,0.338066806168722
2010-08-18 13:00:00,0.31999999999999995,0.6300380889040949,0.6942133,0.39485381469057657,0.9789473684210526,0.6260926431352709
2010-08-18 14:00:00,0.31308771929824564,0.7217755261695916,0.67452383,0.5230687207869757,0.2878,0.35747831911461025
2010-08-18 15:00:00,0.31766666666666665,0.6589421218394496,0.594083,0.43073956058692386,0.2321090909090909,0.3180787832555384
2010-08-18 16:00:00,0.32046428571428576,0.6181326159371409,0.62704545,0.4813473928148412,0.28646666666666665,0.38069987776577563
2010-08-18 17:00:00,0.3078333333333333,0.8471016189759756,0.6805828,0.5914311974864441,0.3285,0.3226195682078262
2010-08-18 18:00:00,0.3139636363636364,0.6636017957400557,0.6339205,0.5307198447612779,0.2832,0.3269534956367578
2010-08-18 19:00:00,0.9786666666666667,0.800964164486559,0.70854276,0.6005826163323305,0.31893333333333335,0.34638006338712835
2010-08-18 20:00:00,0.4583333333333333,0.5424902589388635,0.62058544,0.4327439396645344,0.25766666666666665,0.352440226202817
2010-08-18 21:00:00,0.45012500000000005,0.5299169368615051,0.5549789,0.3878461089064501,0.23301818181818182,0.3621316335733089
2010-08-18 22:00:00,0.60592,0.5721608639453918,0.67135286,0.5008642917506746,0.3141666666666667,0.3765225104848102
2010-08-18 23:00:00,0.4538305084745763,0.6458112683335635,0.6312294,0.4759457790155679,0.2962666666666667,0.40404381025339453
2010-08-19 00:00:00,0.3278666666666667,1.1397209170809572,0.9346464,0.3804132285714744,0.5809090909090909,0.3004803773427349
2010-08-19 01:00:00,0.3574,1.098370452247842,1.0766251,0.6372868670685257,0.9415,0.5085611191603839
2010-08-19 02:00:00,0.3046779661016949,1.0617047899402394,0.9659246,0.6661722745197572,0.27763333333333334,0.2502902929669929
2010-08-19 03:00:00,0.3532666666666666,1.0350667978332841,0.71936494,0.46325074368619223,0.2701333333333334,0.22480496877598577
2010-08-19 04:00:00,0.30146666666666666,1.0761218135768664,1.119892,0.4934021863938606,0.2962033898305085,0.2776976671119892
2010-08-19 05:00:00,0.3378965517241379,1.1458639250269382,1.07005,0.5292554183787321,0.28859999999999997,0.21290926239151164
2010-08-19 06:00:00,0.626448275862069,0.7819431496987304,0.827677,0.5473864953150507,0.2754035087719298,0.20240040044201635
2010-08-19 07:00:00,0.6438245614035087,0.7838057556990559,0.6173163,0.4404408206147098,0.25482758620689655,0.2112533191998356
2010-08-19 08:00:00,0.996,0.5303571053286966,0.631833,0.28490769912932556,0.2598666666666667,0.2494615823033668
2010-08-19 09:00:00,1.3492222222222223,0.5880555981070225,0.5493939,0.31020814322309964,0.28389655172413797,0.27526544291563515
2010-08-19 10:00:00,0.6852857142857143,0.4199676713805609,0.4943743,0.186630669970698,0.22325,0.22906895258791016
2010-08-19 11:00:00,0.33447457627118643,0.41290531414369297,0.50420415,0.32100186848772105,0.27153571428571427,0.26158642147219746
2010-08-19 12:00:00,0.34986666666666666,0.6181883174207838,0.4637022,0.2897050424206853,0.6421818181818182,0.37526841713223447
2010-08-19 13:00:00,0.32876666666666665,0.6608727768789998,0.6094657,0.38150249138740455,0.7424,0.5443195885343612
2010-08-19 14:00:00,0.3201428571428572,0.5650181033402185,0.5598847,0.4660848592368919,0.2616551724137931,0.3178947649933571
2010-08-19 15:00:00,0.31010000000000004,0.6149536890599915,0.57707435,0.42922522370811245,0.2667857142857143,0.3686461230567345
2010-08-19 16:00:00,0.32543333333333335,0.6101994809564851,0.564138,0.43794966322212103,0.2699,0.3078821853749446
2010-08-19 17:00:00,0.3030666666666667,0.5802800190520935,0.58004093,0.47175425499592205,0.2787586206896552,0.29152126457163763
2010-08-19 18:00:00,0.31921428571428573,0.5674423641662111,0.56964064,0.4347946506903754,0.2345084745762712,0.27421345822025256
2010-08-19 19:00:00,0.8464727272727273,0.6369392888402118,0.6555813,0.4825486403773279,0.31096666666666667,0.3409863844186283
2010-08-19 20:00:00,0.3668474576271186,0.6297486183422484,0.59830755,0.2603644445037949,0.30546666666666666,0.40091200309175634
2010-08-19 21:00:00,0.30936842105263157,0.6239225586773703,0.59500664,0.348463584330155,0.3128666666666667,0.3964549759691729
2010-08-19 22:00:00,0.3119272727272727,0.6405982073516158,0.7084111,0.32525483177101777,0.26143333333333335,0.3945776937234564
2010-08-19 23:00:00,0.6837,0.56251362605651,0.6403663,0.4230810740372771,0.2603666666666667,0.37521541578386
2010-08-20 00:00:00,0.2907272727272727,1.0953277032912438,1.0211756,0.4667110118830763,1.0248666666666666,0.3860447525555939
2010-08-20 01:00:00,0.3427,1.1243225169407722,0.95219797,0.5593501897712463,0.5477666666666666,0.4111088759376761
2010-08-20 02:00:00,0.3297666666666667,1.1232135732511468,0.74236953,0.5983940155974254,0.3143,0.2051950788789777
2010-08-20 03:00:00,0.31859649122807016,1.0571116706908652,0.6575817,0.4286079393481258,0.22713333333333333,0.2817236108279618
2010-08-20 04:00:00,0.3103666666666667,1.1479687851452764,1.2264823,0.5880145136678896,0.31073333333333336,0.17851451725425416
2010-08-20 05:00:00,0.8194237288135593,1.0650177604379838,1.0948145,0.49337804091620774,0.2627333333333333,0.1809168866469616
2010-08-20 06:00:00,0.47410526315789475,0.9364241370629027,0.78285414,0.6178929588777547,0.33049999999999996,0.20707963171611676
2010-08-20 07:00:00,0.33427586206896553,0.6109344650178068,0.52060586,0.33834091134617794,0.26916666666666667,0.213217064296233
2010-08-20 08:00:00,1.1093214285714286,0.5286748835266084,0.52633005,0.2781429181306573,0.2537666666666667,0.1932193982541046
2010-08-20 09:00:00,1.4297872340425533,0.5287367928693911,0.57267475,0.37221032696678247,0.31453333333333333,0.26458646767561955
2010-08-20 10:00:00,1.3900754716981134,0.5042771834533796,0.53225034,0.2621112299097781,0.27599999999999997,0.2464583707618595
2010-08-20 11:00:00,0.33676666666666666,0.490603789484615,0.5543068,0.3079624575741762,0.3081,0.29500492887351615
2010-08-20 12:00:00,0.2591186440677966,0.6121405714317377,0.5032606,0.39942671597032975,1.1421724137931033,0.528207709988559
2010-08-20 13:00:00,0.2724561403508772,0.6675891577467157,0.60954773,0.3940186515474413,0.2853448275862069,0.45536566186613703
2010-08-20 14:00:00,0.31943333333333335,0.6932966373263235,0.65286946,0.16703061989024526,0.22893103448275862,0.3430383769113913
2010-08-20 15:00:00,0.31183333333333335,0.7680874221643363,0.69119745,0.34939617566034153,0.2963508771929824,0.3925849044724845
2010-08-20 16:00:00,0.33676666666666666,0.6909810102276682,0.6147722,0.3891329327503844,0.2618,0.2843289792321494
2010-08-20 17:00:00,0.23946666666666666,0.7663464935970441,0.53135633,0.3932603440016492,0.2516,0.3017668690320391
2010-08-20 18:00:00,0.3452,0.8307334214829833,0.69170815,0.3398410502028739,0.26480701754385966,0.329258673673432
2010-08-20 19:00:00,0.9426,0.5919705202737203,0.5688078,0.29805656543010195,0.29653333333333337,0.3682002357480386
2010-08-20 20:00:00,0.3047857142857143,0.6036275212087067,0.55705744,0.30571042635321355,0.2919,0.36654808141461337
2010-08-20 21:00:00,0.9123636363636364,0.5355146663349489,0.6301423,0.31181072898417705,0.25283333333333335,0.3675926892061725
2010-08-20 22:00:00,1.5309818181818182,0.5741381358696237,0.6430105,0.3746386075542103,0.30193333333333333,0.389156101055794
2010-08-20 23:00:00,1.413418181818182,0.6463042666676506,0.74088144,0.4195658327737892,0.41313333333333335,0.39377812672007995
2010-08-21 00:00:00,0.8256,1.0604691933598633,0.9982977,1.2694835143181211,1.101,0.5631531037340487
2010-08-21 01:00:00,0.5391666666666667,1.132804071111099,0.991398,0.7729967288492001,0.22230000000000003,0.36088517847212453
2010-08-21 02:00:00,0.2715666666666667,1.0823819459913433,0.99123585,0.4562087577165458,0.29610000000000003,0.34164678523098935
2010-08-21 03:00:00,0.32380000000000003,1.0873569048351803,0.71004456,0.5701721844321632,0.28300000000000003,0.2866705214112135
2010-08-21 04:00:00,0.3172666666666667,1.0945117254564933,1.1041853,0.5467016003083027,0.3064406779661017,0.2750301098836052
2010-08-21 05:00:00,0.3435666666666667,1.0798698321988436,0.7983964,0.3856032851616569,0.20033333333333334,0.2321222574327968
2010-08-21 06:00:00,0.3033666666666666,0.8919000756651897,0.812523,0.47370762105987285,0.3201,0.2814400144039726
2010-08-21 07:00:00,0.3152758620689655,0.6990431399023345,0.61836237,0.494711265755587,0.26793333333333336,0.3187497306376811
2010-08-21 08:00:00,1.2057407407407408,0.6338311506780259,0.5346077,0.4833134487715779,0.31229999999999997,0.3526437633983279
2010-08-21 09:00:00,1.3690714285714285,0.5776049994039533,0.6181755,0.36822426222144367,0.21163333333333334,0.3310419060630998
2010-08-21 10:00:00,0.7121333333333334,0.47816641324225573,0.51365566,0.4687264538324438,0.31903333333333334,0.35906010663263066
2010-08-21 11:00:00,0.32939999999999997,0.666171352507167,0.6686248,0.7840843314422041,0.6667368421052631,0.4509196545893357
2010-08-21 12:00:00,0.33196666666666663,0.7178204208701138,0.7461143,1.2391146030812548,0.7658333333333333,0.6254262785947353
2010-08-21 13:00:00,0.38188679245283014,0.7066592659165027,0.65389305,0.6044411392418823,0.29586666666666667,0.43148382205805225
2010-08-21 14:00:00,0.33676666666666666,0.5915655141875912,0.5253232,0.22543835835616677,0.22739285714285715,0.4128643586926469
2010-08-21 15:00:00,0.33819999999999995,0.7160343769625612,0.62980485,0.42357856712558495,0.28152542372881356,0.4137195652022051
2010-08-21 16:00:00,0.29982758620689653,0.585959657638449,0.5568048,0.40377116393171486,0.23790000000000003,0.3716864394934164
2010-08-21 17:00:00,0.3312,0.8461438281999382,0.67843676,0.3761434469453028,0.2874,0.3806196396160654
2010-08-21 18:00:00,0.292,0.5890122427546776,0.59297186,0.4044686499699831,0.28680000000000005,0.4153696849939086
2010-08-21 19:00:00,0.9729666666666666,0.525714435008746,0.6631665,0.36450602517984443,0.2719333333333333,0.4371094566605217
2010-08-21 20:00:00,0.4751,0.5530845162730045,0.56032103,0.4074029154124754,0.2736,0.4200419255763136
2010-08-21 21:00:00,0.3965666666666667,0.6482076190282813,0.726187,0.3502630238709963,0.30383333333333334,0.47489445932075547
2010-08-21 22:00:00,0.6483050847457628,0.5437634400738588,0.68811613,0.3993839178593981,0.26475862068965517,0.4711694223245444
2010-08-21 23:00:00,0.25636363636363635,0.6204744567659966,0.5620681,0.969111124345211,1.0143666666666666,0.6584489761055503
2010-08-22 00:00:00,1.0543666666666667,1.0547788697229263,0.9838267,1.0646718535554245,0.3991929824561404,0.489144889770319
2010-08-22 01:00:00,0.5064,1.0854659229257826,0.8248242,0.5235254581635754,0.3296,0.27101888998783896
2010-08-22 02:00:00,0.4091666666666667,1.0905108657855698,1.0575991,0.5174725443295358,0.25833333333333336,0.33924687739521153
2010-08-22 03:00:00,0.3346666666666666,1.0056558222908023,0.8821499,0.5005622594713207,0.252,0.23153162283759054
2010-08-22 04:00:00,0.34983333333333333,1.1124909085966868,1.1250066,0.4726257707992755,0.28223333333333334,0.2391961846888604
2010-08-22 05:00:00,1.0364363636363636,1.0173314287242596,0.77490246,0.3342356842361448,0.2712982456140351,0.22315855515304373
2010-08-22 06:00:00,0.32436666666666664,0.5785676487683937,0.67634904,0.46066119094772773,0.26486666666666664,0.2767563859026463
2010-08-22 07:00:00,0.28036363636363637,0.5356306548090796,0.4374755,0.41995656982352325,0.26443333333333335,0.28066119992633665
2010-08-22 08:00:00,0.5213333333333333,0.5448938279888533,0.48701808,0.4665479410691987,0.28026666666666666,0.3002108254664586
2010-08-22 09:00:00,1.0708727272727274,0.5519453356738386,0.42908293,0.33974995586321877,0.294,0.2869716626356983
2010-08-22 10:00:00,1.47168,0.46099494249686457,0.5704163,0.422711084721479,0.3007142857142857,0.3317975169681683
2010-08-22 11:00:00,1.4487999999999999,0.5954289000033216,0.6223113,1.5153411079195003,1.2265666666666668,0.577186789897254
2010-08-22 12:00:00,1.481547169811321,0.7043342324143324,0.57252866,0.5234472549823789,0.29006666666666664,0.513843113662114
2010-08-22 13:00:00,1.704090909090909,0.7432776893109581,0.696101,0.13290459042947234,0.3015,0.37257701178167846
2010-08-22 14:00:00,1.6495744680851063,0.7210087283115812,0.63718796,0.05715721776181948,0.3672941176470588,0.4543311387137875
2010-08-22 15:00:00,1.959875,0.7883013190843297,0.6281268,0.4446731574969893,0.40204,0.4290766364708454
2010-08-22 16:00:00,1.2326666666666666,0.5565087823985084,0.49692327,0.9898707886730521,1.2956410256410256,0.559673173052969
2010-08-22 17:00:00,0.7115357142857143,0.6030893158398724,0.5310769,0.5766648882424963,1.9023,0.6680012542940869
2010-08-22 18:00:00,1.0317391304347827,0.65251748975818,0.6767573,1.057764415653195,1.9465106382978725,0.836276839812828
2010-08-22 19:00:00,2.13295,0.49120352128567063,0.5895943,0.3606648752721482,0.9115862068965517,0.7145217372329108
2010-08-22 20:00:00,2.5546857142857142,0.5353765723282149,0.5082005,0.015705465803933838,1.2045,0.7007556350815317
2010-08-22 21:00:00,1.8371836734693878,0.5226707692923509,0.63348264,-0.09621374786019254,0.9719666666666666,0.6499679979568658
2010-08-22 22:00:00,2.285017543859649,0.56910586692248,0.49060595,0.14945899701615684,1.4028214285714284,0.6905605126685976
2010-08-22 23:00:00,1.1345084745762712,0.6535623407758974,0.48131332,0.04997904569531919,0.5244,0.6526470635909745
2010-08-23 00:00:00,0.5790666666666666,0.612334586587068,0.43704757,0.8590901441626655,0.29763333333333336,0.20027158894843688
2010-08-23 01:00:00,0.38276363636363636,0.5051744031373793,0.49725348,0.5221868075711289,0.3223728813559322,0.23268083879120616
2010-08-23 02:00:00,0.3438,0.48958600461179275,0.4418996,0.46029487862104623,0.26386666666666664,0.22722797499585012
2010-08-23 03:00:00,0.2980740740740741,0.500492696779657,0.5068466,0.4600387559073713,0.30246666666666666,0.20363615109398325
2010-08-23 04:00:00,0.3543333333333333,0.6459114653829264,0.7912934,0.3731624272068724,0.31856666666666666,0.27140278880361324
2010-08-23 05:00:00,0.33370000000000005,0.6703298145350652,0.5884296,0.6679362921270526,0.30970000000000003,0.32337160089966943
2010-08-23 06:00:00,0.8623636363636363,0.5550200984771431,0.7291447,0.7788209592355918,0.2612,0.3077499557330079
2010-08-23 07:00:00,0.3224,0.5624237425220326,0.61743987,0.47567961109669255,0.9650666666666666,0.46227073911491257
2010-08-23 08:00:00,0.33146666666666663,0.6173227966791465,0.6394551,0.4959596107352421,1.478892857142857,0.620048235308711
2010-08-23 09:00:00,0.4172,0.5982495418221163,0.6448598,0.43098413090897714,1.3233818181818182,0.5917619394360819
2010-08-23 10:00:00,0.6422000000000001,0.5638161768056301,0.53236294,0.5432137758609126,1.3420333333333334,0.5979475793421238
2010-08-23 11:00:00,0.6088666666666666,0.5407032326341532,0.54354125,0.4662190981046864,0.2498,0.4090405727743083
2010-08-23 12:00:00,1.4009090909090909,0.4983212431187457,0.47499582,0.45953679344021314,0.36810909090909094,0.2877607417402718
2010-08-23 13:00:00,2.195179487179487,0.592028766285909,0.57137364,0.8464094135083655,0.7548,0.34352545682299107
2010-08-23 14:00:00,1.76905,0.632680076657954,0.5368833,0.6645079666581103,0.8666,0.3246086089332585
2010-08-23 15:00:00,1.6369333333333336,0.6196298180125599,0.50579023,0.5651028786738677,0.3209,0.3351009186389553
2010-08-23 16:00:00,1.5196279069767444,0.5860637843636869,0.509321,0.2506969154482429,0.8527333333333333,0.5638796059325706
2010-08-23 17:00:00,1.4723783783783784,0.5394221988131858,0.57237685,0.3755813191373185,0.6712333333333333,0.6863699477965914
2010-08-23 18:00:00,1.5297391304347825,0.6005562005117989,0.6344911,0.42342749588106476,0.7438333333333333,0.6970755681885514
2010-08-23 19:00:00,1.3937454545454546,0.6263930548930899,0.48943725,0.538215446739045,0.8584363636363637,0.5681963771301961
2010-08-23 20:00:00,1.3709285714285715,0.6670872557705401,0.75200856,0.8238205409886163,1.4273703703703704,0.8756227299252377
2010-08-23 21:00:00,0.7625357142857142,0.6237731978321125,0.70816296,0.6926203815768845,1.2868333333333335,0.8327153143894226
2010-08-23 22:00:00,0.28285714285714286,0.7103338616105804,0.6004039,0.8152782707885032,1.5521666666666667,0.9180008122602455
2010-08-23 23:00:00,0.30256666666666665,0.5096357088523294,0.38505453,0.7980985555188937,1.2357666666666667,0.7919807321909467
2010-08-24 00:00:00,0.2970877192982456,0.4014757408654653,0.4152496,0.5760767687766446,1.0600666666666667,0.4312838927129261
2010-08-24 01:00:00,0.5878947368421052,0.45884358131969255,0.44030878,0.6356353672611483,1.0075087719298246,0.5111241658290343
2010-08-24 02:00:00,0.3606,0.4337084401419983,0.41614312,0.6414023796555512,0.8246666666666667,0.33920988782031203
2010-08-24 03:00:00,0.3186333333333333,0.46110136990272793,0.40478054,0.6010476680692369,0.7446666666666667,0.30278942663436026
2010-08-24 04:00:00,0.3347241379310345,0.5521017090075978,0.43064025,0.5408636416537396,0.8127666666666666,0.34196477746454246
2010-08-24 05:00:00,0.27476666666666666,0.5356373714629985,0.45233276,0.5128973589078767,0.8006,0.38961113467937936
2010-08-24 06:00:00,1.1188666666666667,0.6168248891325291,0.5690959,0.4482104195685238,0.7530666666666667,0.3560990116684988
2010-08-24 07:00:00,0.2983,0.6064182264557189,0.6257143,0.4161715456788623,1.0798666666666668,0.5254055892198881
2010-08-24 08:00:00,0.34223333333333333,0.5575776530000557,0.6337618,0.31932472844998006,1.0765714285714285,0.5842373223338082
2010-08-24 09:00:00,0.49173333333333336,0.6412835245066185,0.68127686,0.5044403066759527,1.4720816326530612,0.6598144719622507
2010-08-24 10:00:00,0.3921,0.6231146658510329,0.56744975,0.5922564715239449,1.0564074074074075,0.5942899816480025
2010-08-24 11:00:00,0.5948363636363636,0.5296176131823467,0.53709483,1.0713948362614865,0.7785333333333334,0.3901789767645486
2010-08-24 12:00:00,1.4885090909090908,0.6235355508853921,0.5678105,0.24237141498992854,0.27105084745762714,0.317303983912963
2010-08-24 13:00:00,2.1577619047619048,0.6329992801231288,0.59302384,0.3132910413014961,0.382140350877193,0.45020913479299274
2010-08-24 14:00:00,1.6978260869565216,0.664610344937579,0.532118,0.3164107787284991,0.33716666666666667,0.40930573596694375
2010-08-24 15:00:00,1.4601090909090908,0.6666469556651498,0.49923152,0.3854885366126385,0.3581666666666667,0.3454433820543188
2010-08-24 16:00:00,1.4193666666666667,0.6128218868267848,0.54011947,0.4705796474328463,0.7013333333333334,0.5697241473187296
2010-08-24 17:00:00,0.37416666666666665,0.5869815600098113,0.53129566,0.4160621022264237,0.25814545454545457,0.5388300933415433
2010-08-24 18:00:00,1.2211851851851852,0.6693585527218572,0.6801843,0.5817713966220821,0.2351666666666667,0.5802438273876823
2010-08-24 19:00:00,1.1072,0.6248417996672783,0.7043729,0.6761913477864993,0.3628,0.5785359713248965
2010-08-24 20:00:00,1.6850909090909092,0.6947096419400925,0.77225345,0.9866362708006167,0.8698666666666667,0.8072151774704932
2010-08-24 21:00:00,2.1404912280701756,0.7050923809140083,0.7622629,0.8490336513344218,0.888,0.8197068559787699
2010-08-29 21:00:00,2.688046511627907,0.59701455955864,0.7549856,0.7863608211408477,0.6475172413793103,0.8715022203177829
2010-08-29 22:00:00,1.834093023255814,0.5663750850982884,0.71198076,0.4846804361672795,0.7656666666666667,0.8084241997682997
2010-08-29 23:00:00,0.9488813559322035,0.63137081455106,0.5302327,0.5142974171380621,0.3643666666666666,0.660500842481549
2010-08-30 00:00:00,0.5507333333333334,0.39298042665358324,0.45763183,0.2987153844772398,0.3238620689655172,0.40560548562563115
2010-08-30 01:00:00,0.48323333333333335,0.42601289107283685,0.43074742,0.2969900183999633,0.3358666666666667,0.2985623366851454
2010-08-30 02:00:00,0.34113333333333334,0.49309251249875785,0.46189895,0.3837539748120572,0.3663,0.34230052418149093
2010-08-30 03:00:00,0.28736666666666666,0.4836472819680024,0.50359935,0.3315799949094953,0.7032499999999999,0.4420669086622848
2010-08-30 04:00:00,0.2851,0.6427542770239525,0.48272097,0.34583298703911913,0.7053666666666667,0.46632539768625947
2010-08-30 05:00:00,0.28673333333333334,0.647672816756482,0.52779424,0.2904423833426626,0.32436666666666664,0.40023649727861565
2010-08-30 06:00:00,0.27283636363636365,0.6479033513493567,0.6313667,0.2492972175398095,0.2915925925925926,0.4626674926504646
2010-08-30 07:00:00,0.8077500000000001,0.6288446446082231,0.6724768,0.6098312169086437,1.229090909090909,0.7265796570078819
2010-08-30 08:00:00,1.4085333333333334,0.7004844904073713,0.73006594,0.7364754497650506,1.3529411764705883,0.8553269110197398
2010-08-30 09:00:00,0.9871785714285715,0.6038397176111128,0.61760473,0.22714919832783742,0.5256140350877193,0.5732302392781023
2010-08-30 10:00:00,0.8606181818181817,0.5544565187927907,0.572626,0.26153187266395195,0.35698305084745763,0.41055303217756345
2010-08-30 11:00:00,1.4698214285714286,0.5593858069091429,0.55458915,0.4938239348767731,0.3167241379310345,0.3859340312745765
2010-08-30 12:00:00,1.6183076923076922,0.5218937164643598,0.54365927,0.44737230455889243,0.31999999999999995,0.489140983691305
2010-08-30 13:00:00,1.7718260869565219,0.5848155837816065,0.47766224,0.5587211278851685,0.31308771929824564,0.4140873210848304
2010-08-30 14:00:00,1.9030000000000002,0.6311523263271116,0.46738803,0.5329765800011486,0.31766666666666665,0.40916688339776797
2010-08-30 15:00:00,1.8369,0.5789873427173728,0.47743717,0.4191059091790069,0.32046428571428576,0.5186254834508173
2010-08-30 16:00:00,1.6407142857142856,0.6045645710458225,0.47777417,0.4606547016246668,0.3078333333333333,0.4685695983472016
2010-08-30 17:00:00,0.3625,0.5793932633859431,0.5111528,0.3979750883102634,0.3139636363636364,0.4721653318027301
2010-08-30 18:00:00,0.3312333333333333,0.6273572968187533,0.56717134,0.09729934627980108,0.9786666666666667,0.632839049415784
2010-08-30 19:00:00,1.0367450980392157,0.7360370442923824,0.7025757,0.7769276287971632,0.4583333333333333,0.6898466420956209
2010-08-30 20:00:00,0.8696333333333333,0.8202943448143251,0.7383704,0.9847701896325949,0.45012500000000005,0.6917429871635106
2010-08-30 21:00:00,2.242233333333333,0.7082445688550792,0.7613965,0.692793799641193,0.60592,0.7493774995322577
2010-08-30 22:00:00,1.1637666666666666,0.6863650821516752,0.6840699,0.5792883482118614,0.4538305084745763,0.6591191375532268
2010-08-30 23:00:00,0.5701,0.6740964108687401,0.51935065,0.6460522933741386,0.3278666666666667,0.5622175662252127
2010-08-31 00:00:00,0.4017666666666667,0.40275103124445144,0.4418733,0.3908582410246847,0.3574,0.44918099348977325
2010-08-31 01:00:00,0.34193103448275863,0.3962568424760412,0.42899328,0.3133593340556342,0.3046779661016949,0.3595748988864894
2010-08-31 02:00:00,0.3196333333333333,0.477303534474266,0.44178575,0.38570400954926287,0.3532666666666666,0.39044084664567347
2010-08-31 03:00:00,0.2955333333333333,0.38539200794636413,0.42472348,0.2990455282249892,0.30146666666666666,0.40974947654850347
2010-08-31 04:00:00,0.9690000000000001,0.5546006315881642,0.46449232,0.3774053459247737,0.3378965517241379,0.4469799264616555
2010-08-31 05:00:00,0.32880000000000004,0.6321915328699903,0.5810039,0.2531769689755683,0.626448275862069,0.47147389088338854
2010-08-31 06:00:00,0.24463333333333334,0.6308429133043331,0.6241462,0.436486667668866,0.6438245614035087,0.523383455439202
2010-08-31 07:00:00,0.5892,0.7678100087126619,0.792454,0.5327521538410538,0.996,0.7070729223242059
2010-08-31 08:00:00,1.4957857142857143,0.6449675600191902,0.78501636,0.42507358039293497,1.3492222222222223,0.8266127697741386
2010-08-31 09:00:00,1.0891372549019607,0.596114751254401,0.59837425,0.33071496387891564,0.6852857142857143,0.5568839000115517
2010-08-31 10:00:00,1.1666333333333334,0.5902938107579913,0.5630286,0.3663301338196798,0.33447457627118643,0.42768058749827054
2010-08-31 11:00:00,1.5806666666666667,0.6545024426018877,0.5954167,0.5055105229786346,0.34986666666666666,0.4170126996163852
2010-08-31 12:00:00,1.229642857142857,0.6180470699132257,0.6059809,0.44844022635284786,0.32876666666666665,0.4525094076526842
2010-08-31 13:00:00,0.8519607843137256,0.6509936154393239,0.52145326,0.5110573178606901,0.3201428571428572,0.39799593064283856
2010-08-31 14:00:00,0.8699333333333333,0.6904881182927312,0.5683916,0.5055721189519397,0.31010000000000004,0.41921041566639405
2010-08-31 15:00:00,0.6130333333333333,0.588263739393351,0.53295493,0.4870712417752808,0.32543333333333335,0.4699295254613134
2010-08-31 16:00:00,0.7542333333333333,0.5682843851809009,0.5395415,0.3463901679884097,0.3030666666666667,0.43861163283930327
2010-08-31 17:00:00,1.4167500000000002,0.5899643550783376,0.55622935,0.45160733353634996,0.31921428571428573,0.4636485802427338
2010-08-31 18:00:00,1.1057777777777777,0.7810150303208114,0.67713463,0.34251978528392246,0.8464727272727273,0.6641258056414762
2010-08-31 19:00:00,1.3334444444444444,0.7123524326150367,0.766516,0.6728210288500842,0.3668474576271186,0.5815262119333662
2010-08-31 20:00:00,1.8193666666666668,0.7557625338702594,0.77585834,0.7891176462087784,0.30936842105263157,0.5298153492916253
2010-08-31 21:00:00,1.1395666666666666,0.6977960734486521,0.6550685,0.6655501771552985,0.3119272727272727,0.5486725151909002
2010-08-31 22:00:00,0.6783728813559322,0.6508510364045255,0.62300956,0.6761067973799122,0.6837,0.6076845793905142
2010-08-31 23:00:00,0.5622666666666666,0.6830306581280088,0.49874768,0.6112807889358481,0.2907272727272727,0.611901405882888
2010-09-01 00:00:00,0.37710000000000005,0.41254495697339394,0.4614128,0.37381183969313403,0.3427,0.3333378296984838
2010-09-01 01:00:00,0.2891333333333333,0.410566965003387,0.44758737,0.37127582457515307,0.3297666666666667,0.3234617248970111
2010-09-01 02:00:00,0.3401666666666667,0.4329037712103606,0.44873956,0.3732741531011806,0.31859649122807016,0.3335602630412181
2010-09-01 03:00:00,0.28959322033898305,0.3749088836127541,0.44198465,0.2932456202167183,0.3103666666666667,0.3557291268728111
2010-09-01 04:00:00,0.8031666666666667,0.6170763255087632,0.45865238,0.3243321353887739,0.8194237288135593,0.4708301090135826
2010-09-01 05:00:00,0.27603508771929824,0.5820072205604764,0.5208589,0.31667968087268417,0.47410526315789475,0.463593695779134
2010-09-01 06:00:00,0.46140000000000003,0.7331786427286179,0.6198606,0.37572753884050647,0.33427586206896553,0.41938526618134686
2010-09-01 07:00:00,0.9282456140350878,0.7607719611516766,0.6531988,0.3210224932057296,1.1093214285714286,0.6729615384267471
2010-09-01 08:00:00,1.4253571428571428,0.7043046839804268,0.76425517,0.5727912451596779,1.4297872340425533,0.842060682847043
2010-09-01 09:00:00,0.8423666666666667,0.5462487266197519,0.66555256,0.6368767915193143,1.3900754716981134,0.6056243525562436
2010-09-01 10:00:00,1.024842105263158,0.6747586722439727,0.65994906,0.44198748718835434,0.33676666666666666,0.47006829338829437
2010-09-01 11:00:00,1.5810857142857142,0.6761394670542259,0.6163229,0.2593321415002655,0.2591186440677966,0.4881819395244601
2010-09-01 12:00:00,1.5902592592592593,0.5648257808714474,0.5627057,0.4047726791095718,0.2724561403508772,0.3637316704632647
2010-09-01 13:00:00,1.5630545454545455,0.6581741286360001,0.5233068,0.33397499749100223,0.31943333333333335,0.4208094364431394
2010-09-01 14:00:00,1.3957083333333333,0.6611505687169885,0.57277524,0.37066401723263676,0.31183333333333335,0.4184277284056164
2010-09-01 15:00:00,1.3809642857142859,0.6495014204135401,0.5827293,0.474307586659911,0.33676666666666666,0.44024061446124585
2010-09-01 16:00:00,1.3891666666666667,0.5940038994479993,0.54546255,0.4011109726852019,0.23946666666666666,0.4866153331039672
2010-09-01 17:00:00,1.432642857142857,0.5780012396445549,0.59845716,0.43788069245961136,0.3452,0.5281210919874615
2010-09-01 18:00:00,0.5392333333333333,0.7691002011302355,0.7116428,0.5254209700692385,0.9426,0.7750349776598195
2010-09-01 19:00:00,0.5494333333333333,0.7359830037405432,0.84746015,0.715667039085421,0.3047857142857143,0.593090658740645
2010-09-01 20:00:00,1.5841960784313724,0.7414773478623167,0.775948,0.6400384994136421,0.9123636363636364,0.6657436477917467
2010-09-01 21:00:00,2.0140000000000002,0.5723449335880724,0.75055295,0.20243344095411553,1.5309818181818182,0.8435071455012825
2010-09-01 22:00:00,1.1801333333333335,0.5666174647609485,0.75561965,0.22416499378683197,1.413418181818182,0.8364115072452318
2010-09-01 23:00:00,0.3677,0.6288351809214925,0.5521869,0.5079356018204444,0.8256,0.7280130336927775
2010-09-02 00:00:00,0.3330666666666667,0.41852092317834055,0.38598406,0.3258602898433184,0.5391666666666667,0.3260635559490148
2010-09-02 01:00:00,0.3055,0.3871180873768249,0.417345,0.2962625297862984,0.2715666666666667,0.29546386223584586
2010-09-02 02:00:00,0.296,0.3936110950495145,0.43751305,0.3270608391361237,0.32380000000000003,0.2921387069135828
2010-09-02 03:00:00,0.2548,0.4103783647883873,0.45711568,0.33283483110597323,0.3172666666666667,0.3045278145489727
2010-09-02 04:00:00,0.3398333333333333,0.6586972243654272,0.44599622,0.3634340929957205,0.3435666666666667,0.4062033545044915
2010-09-02 05:00:00,0.30093333333333333,0.5407702272363841,0.50601125,0.3230907875896115,0.3033666666666666,0.44466046558108663
2010-09-02 06:00:00,0.9469454545454545,0.5731678748165582,0.6033282,0.43855091027612425,0.3152758620689655,0.4438240117665595
2010-09-02 07:00:00,0.6751428571428572,0.698425682285532,0.80640453,0.6627726134875036,1.2057407407407408,0.7682434192406122
2010-09-02 08:00:00,1.5666071428571429,0.7130695071422407,0.788435,0.7576435450629233,1.3690714285714285,0.8778815062711627
2010-09-02 09:00:00,1.5841509433962262,0.7973821262113138,0.90123767,0.8091912543231927,0.7121333333333334,0.6936435223618538
2010-09-02 10:00:00,1.6584,0.619977954577489,0.71279377,0.31415384618111875,0.32939999999999997,0.5131014019586312
2010-09-02 11:00:00,1.6545333333333334,0.610375142681552,0.6436167,0.21678643958043564,0.33196666666666663,0.4834432774182029
2010-09-02 12:00:00,1.4804210526315789,0.5176285912577298,0.5567035,0.3454307192733407,0.38188679245283014,0.4172068594236815
2010-09-02 13:00:00,1.3185714285714287,0.6032784708104559,0.5158493,0.3260763182567631,0.33676666666666666,0.37935138799960344
2010-09-02 14:00:00,1.3588928571428571,0.6183159685301167,0.5725198,0.3937128208189886,0.33819999999999995,0.4193299579914641
2010-09-02 15:00:00,0.8876333333333334,0.6617077861343845,0.533158,0.39846322445464466,0.29982758620689653,0.4389568458344827
2010-09-02 16:00:00,0.3390666666666667,0.6535275496327739,0.5685474,0.4573486816287411,0.3312,0.45060665026011215
2010-09-02 17:00:00,0.49420000000000003,0.6137038525626273,0.59329355,0.4316194849553353,0.292,0.4654690935610025
2010-09-02 18:00:00,0.7261666666666666,0.7037618435172438,0.7263218,0.36494473249403847,0.9729666666666666,0.7373866618957543
2010-09-02 19:00:00,0.5276470588235295,0.7402414653876843,0.7895497,0.6812875226553684,0.4751,0.593277169192584
2010-09-02 20:00:00,1.9578695652173912,0.7707983579197263,0.90563256,0.5961130764640209,0.3965666666666667,0.6176341923968047
2010-09-02 21:00:00,1.354111111111111,0.7732572096452782,0.8060295,0.6101619324387503,0.6483050847457628,0.7886145986927152
2010-09-02 22:00:00,0.9164333333333333,0.8584007795543331,0.8282229,0.39960818005676146,0.25636363636363635,0.7659647058502721
2010-09-02 23:00:00,0.5968666666666667,0.6371245307828244,0.5462198,0.47844390232279144,1.0543666666666667,0.760420162754621
2010-09-03 00:00:00,0.39016666666666666,0.43176619494741125,0.44593713,0.3311021472362259,0.5064,0.42012242400058253
2010-09-03 01:00:00,0.3325762711864407,0.4583920873456397,0.42034963,0.38735286467202434,0.4091666666666667,0.3564050805825385
2010-09-03 02:00:00,0.3454666666666667,0.4174616753698921,0.43949896,0.35442044692962427,0.3346666666666666,0.3373404005256069
2010-09-03 03:00:00,0.4337241379310345,0.419752826650821,0.45736328,0.39648204995674596,0.34983333333333333,0.3451478463519412
2010-09-03 04:00:00,0.5716,0.5391340095296115,0.5080364,0.367396005134769,1.0364363636363636,0.5400518882324153
2010-09-03 05:00:00,0.9556333333333333,0.6193041146261968,0.4397899,0.3517933520577705,0.32436666666666664,0.41203600155746767
2010-09-03 06:00:00,0.9327666666666666,0.8439771527056936,0.6232143,0.2707008760169559,0.28036363636363637,0.385879502644344
2010-09-03 07:00:00,1.1417241379310346,0.7835389509505116,0.80696213,0.43435127196550993,0.5213333333333333,0.6282438996853265
2010-09-03 08:00:00,1.4430909090909092,0.787371650765508,0.8213579,0.9295120303417159,1.0708727272727274,0.8078781669198611
2010-09-03 09:00:00,1.4255714285714285,0.9017224907367704,0.8472047,0.9783088895706877,1.47168,0.8343265203325803
2010-09-03 10:00:00,1.3302105263157895,0.9241338661373725,0.8642108,0.9358585113900013,1.4487999999999999,0.8509458764355864
2010-09-03 11:00:00,1.3496,0.821269305131587,0.84992623,0.9161498151026808,1.481547169811321,0.7680499596551843
2010-09-03 12:00:00,1.3982745098039215,0.8621930885090078,0.8361694,0.8484937909721132,1.704090909090909,0.7898576963920116
2010-09-03 13:00:00,0.7313666666666666,0.8640948190169766,0.9459985,0.849444751964964,1.6495744680851063,0.79439498021337
2010-09-03 14:00:00,0.35523333333333335,0.9190144149366957,1.0141577,0.2881548720310698,1.959875,0.763913397258946
2010-09-03 15:00:00,0.41023333333333334,0.8777731977782569,0.6065474,0.1077072931612133,1.2326666666666666,0.7308000050599223
2010-09-03 16:00:00,0.3091333333333333,0.8029110717845747,0.7062508,0.0767728001603335,0.7115357142857143,0.6860052118011434
2010-09-03 17:00:00,0.34396666666666664,0.8108895356920945,0.68799627,-0.12765278944407887,1.0317391304347827,0.6848741455056255
2010-09-03 18:00:00,0.36483333333333334,1.1011520976603806,1.0150179,0.5734846945531404,2.13295,0.9426400046940603
2010-09-03 19:00:00,0.531,1.116789820083627,1.1707639,0.7293316280101452,2.5546857142857142,1.0827715738158488
2010-09-03 20:00:00,1.8896444444444447,1.1471571568577776,1.3636001,0.5204381114895058,1.8371836734693878,1.0320471003814766
2010-09-03 21:00:00,1.6782456140350877,1.350359636704502,1.6805955,1.2141364249368602,2.285017543859649,1.3208967572104349
2010-09-03 22:00:00,1.3925769230769232,0.9415007079269906,1.1394718,1.1591327256520567,1.1345084745762712,0.8557837075187023
2010-09-03 23:00:00,0.9627666666666667,0.7331667221203181,0.79363424,0.3734062710437336,0.5790666666666666,0.6123053027947536
2010-09-04 00:00:00,0.4686666666666667,0.6465015989519811,0.74043614,0.8829301728245627,0.38276363636363636,0.3247483399562845
2010-09-04 01:00:00,0.33326666666666666,0.5677453743336176,0.488023,0.6150516216282609,0.3438,0.2830527211287529
2010-09-04 02:00:00,0.2752666666666667,0.5151483957530134,0.56181556,0.38458145906154295,0.2980740740740741,0.3477090953483475
2010-09-04 03:00:00,0.3137666666666667,0.5327625727171624,0.5388547,0.4572423791150393,0.3543333333333333,0.3782040419184185
2010-09-04 04:00:00,0.9966071428571429,0.5478991932138563,0.5480328,0.23690588236998378,0.33370000000000005,0.5127931930874672
2010-09-04 05:00:00,0.32289999999999996,0.6666606913532581,0.5318584,0.2069690042267388,0.8623636363636363,0.5843170522081026
2010-09-04 06:00:00,0.6465614035087719,0.6295073835026472,0.6950102,0.26162075740320256,0.3224,0.6142607351290913
2010-09-04 07:00:00,1.9171272727272728,0.6864486171742162,0.80514514,0.4478048296964596,0.33146666666666663,0.7720191522040224
2010-09-04 08:00:00,1.4015,0.8263790848149692,0.8394381,0.7906871259032922,0.4172,0.8401239416606259
2010-09-04 09:00:00,0.779,0.7696178879353623,0.8242967,0.8958361840023552,0.6422000000000001,0.8991106656339449
2010-09-04 10:00:00,0.8279148936170213,0.7505522748958887,0.80624586,0.5008857111742736,0.6088666666666666,0.7273361977645749
2010-09-04 11:00:00,1.3944313725490196,0.9770001801429826,1.0048339,0.6497717833734549,1.4009090909090909,0.9339979863321566
2010-09-04 12:00:00,0.92572,1.3092469819571408,1.3301003,1.2941098400809299,2.195179487179487,1.184801034717964
2010-09-04 13:00:00,1.1751666666666667,1.1523008565959798,1.2232392,1.3802775312590492,1.76905,1.1770350917131258
2010-09-04 14:00:00,1.6475882352941176,1.06371099959324,1.0283201,1.0903737754114917,1.6369333333333336,1.0718644114473983
2010-09-04 15:00:00,1.416235294117647,0.9361960489191368,1.0247182,0.9268233700179954,1.5196279069767444,1.0086216874994882
2010-09-04 16:00:00,0.7704666666666667,0.8846797063046232,1.0010223,0.9835209898358941,1.4723783783783784,0.9094265980413082
2010-09-04 17:00:00,0.5642333333333334,0.9361171103853282,1.008648,1.1725066089192773,1.5297391304347825,0.9557850894959674
2010-09-04 18:00:00,1.5319272727272728,0.8976393370741336,1.0514119,0.9176806356916908,1.3937454545454546,1.1119625388769685
2010-09-04 19:00:00,1.5626666666666666,0.914759059342643,1.0460702,0.8062000804010847,1.3709285714285715,1.2077353134261248
2010-09-04 20:00:00,2.1963703703703703,0.7875712028340764,0.9563833,1.0112795630403748,0.7625357142857142,0.9833622399271623
2010-09-04 21:00:00,2.474727272727273,0.8986392927973186,1.1420069,0.6758229932877744,0.28285714285714286,0.9862215010294298
2010-09-04 22:00:00,2.1484642857142857,0.8868615270142338,0.91886604,0.6589201663775783,0.30256666666666665,0.7756302319549819
2010-09-04 23:00:00,0.9402758620689655,0.83991941517506,0.8665373,0.9011581887323041,0.2970877192982456,0.7705518576283209
2010-09-05 00:00:00,0.5024561403508772,0.5519648780334259,0.50795996,0.3651869463824613,0.5878947368421052,0.6317406616048948
2010-09-05 01:00:00,0.4830333333333333,0.4859892211618527,0.50149196,0.31102454979635585,0.3606,0.586677190769651
2010-09-05 02:00:00,0.5433,0.4420403498074758,0.5098006,0.27837568497916054,0.3186333333333333,0.5862386355418373
2010-09-05 03:00:00,0.3478,0.45812488075169555,0.4030542,0.2764461438559249,0.3347241379310345,0.6230559979389134
2010-09-05 04:00:00,0.3080333333333333,0.46902823604724886,0.37331957,0.29958347855380296,0.27476666666666666,0.6464067456356819
2010-09-05 05:00:00,0.33823333333333333,0.6451504790089809,0.46024486,0.40126373449972064,1.1188666666666667,0.8404285810542382
2010-09-05 06:00:00,0.26953333333333335,0.6488855129998379,0.5886491,0.3851566975377917,0.2983,0.6885064310939096
2010-09-05 07:00:00,0.30996666666666667,0.6174442587657782,0.727322,0.3751862566120485,0.34223333333333333,0.694261206312049
2010-09-05 08:00:00,1.2964363636363636,0.7485912378828377,0.8679928,0.4669607793341062,0.49173333333333336,0.836674151442313
2010-09-05 09:00:00,0.43196666666666667,0.766785284407178,0.74188036,0.6109483767093897,0.3921,0.8295968792999957
2010-09-05 10:00:00,1.1405818181818181,0.7842724058130394,0.82247925,0.5821898272298789,0.5948363636363636,0.8267445936485533
2010-09-05 11:00:00,1.5833928571428573,0.9384457969282353,1.0326504,0.31958742087875447,1.4885090909090908,1.0451213003554058
2010-09-05 12:00:00,0.9285517241379311,1.5039700428326161,1.3837023,1.161828161392159,2.1577619047619048,1.2980360710202483
2010-09-05 13:00:00,0.7988999999999999,1.3206529933903115,1.196678,1.4720527459860455,1.6978260869565216,1.2192909178366498
2010-09-05 14:00:00,1.1668620689655171,1.0943474776130357,1.3624457,1.7402199553977733,1.4601090909090908,1.1599295817475521
2010-09-05 15:00:00,1.6796969696969697,0.9744259333411214,1.024662,1.1684420139814153,1.4193666666666667,1.1227068953811583
2010-09-05 16:00:00,0.9763793103448276,0.7678898843787825,0.84041023,0.5697896393103151,0.37416666666666665,0.7661090896652709
2010-09-05 17:00:00,0.5999333333333333,0.9882216880966452,0.9792202,1.5622777937447674,1.2211851851851852,0.7830341514394833
2010-09-05 18:00:00,0.7380000000000001,0.8311777719047978,1.2151457,0.7982488059027384,1.1072,1.0633178126767802
2010-09-05 19:00:00,1.1562962962962962,1.2976596785433232,1.394078,0.764268618537628,1.6850909090909092,1.3174178965601513
2010-09-05 20:00:00,1.0963666666666667,1.4302782328450994,1.5148689,1.1266569053559972,2.1404912280701756,1.3976088719727384
2010-09-05 21:00:00,2.0339636363636364,1.4477707726054772,1.5750915,1.7809652789474282,2.688046511627907,1.4842899314417228
2010-09-05 22:00:00,1.478896551724138,1.2226816806892273,1.3492615,1.7416184012742972,1.834093023255814,1.206412228432158
2010-09-05 23:00:00,0.4088,1.0493792172495087,1.0597706,0.8998021146949136,0.9488813559322035,0.8398143911576854
2010-09-06 00:00:00,0.34935593220338984,0.5742721517304734,0.6242198,0.39917297014601827,0.5507333333333334,0.42820182579370714
2010-09-06 01:00:00,0.33393333333333336,0.492700821937068,0.47811893,0.4695172323140061,0.48323333333333335,0.3511990130855194
2010-09-06 02:00:00,0.3303389830508474,0.46009171735494164,0.41540986,0.37619083836375955,0.34113333333333334,0.35531676519829114
2010-09-06 03:00:00,0.28243333333333337,0.4482445091039436,0.46330345,0.39121525419075454,0.28736666666666666,0.40006900163390857
2010-09-06 04:00:00,0.306,0.4407376933687251,0.40937182,0.3939026289954234,0.2851,0.4585990366932965
2010-09-06 05:00:00,0.22310000000000002,0.4441182472112064,0.5050419,0.2702959815700384,0.28673333333333334,0.631499676190796
2010-09-06 06:00:00,1.4113333333333333,0.5530002833896748,0.66810495,0.24813102028681455,0.27283636363636365,0.4913911732764824
2010-09-06 07:00:00,1.8016727272727273,0.931012761330611,1.0804697,0.6692166955635821,0.8077500000000001,0.7903578068024769
2010-09-06 08:00:00,1.5421785714285714,1.2250614578332746,1.1930032,1.192853301907447,1.4085333333333334,1.0148390968156125
2010-09-06 09:00:00,1.4338000000000002,1.105766916112153,1.1162114,0.7616649295514176,0.9871785714285715,0.8239001987026617
2010-09-06 10:00:00,0.44207142857142856,1.0513355606260733,0.9905507,1.0942798268858802,0.8606181818181817,0.7447883822123743
2010-09-06 11:00:00,0.3156,1.166077710996205,1.0620599,1.3242700946955264,1.4698214285714286,0.9777696323899253
2010-09-06 12:00:00,1.2492142857142858,1.328073963064963,1.2295194,1.496592057661881,1.6183076923076922,1.2201633953736077
2010-09-06 13:00:00,1.311758620689655,1.2447729770638052,1.0538846,1.116397329965842,1.7718260869565219,1.105161560648567
2010-09-06 14:00:00,0.35322033898305083,1.1029023292251057,0.86987686,1.2821005717869518,1.9030000000000002,1.1133131595555752
2010-09-06 15:00:00,0.8616727272727274,1.1304902137592097,0.77874005,1.455802637899111,1.8369,1.101165838047998
2010-09-06 16:00:00,1.3497454545454546,1.04299986025679,0.82186615,1.255476999843596,1.6407142857142856,0.9319406265671304
2010-09-06 17:00:00,1.6525142857142858,0.6413670895196691,0.57906836,0.5563841190833512,0.3625,0.7365154026268257
2010-09-06 18:00:00,0.8907,0.7325623198995573,0.73137784,0.5157582355756398,0.3312333333333333,0.7227947826366747
2010-09-06 19:00:00,1.1277192982456141,0.7954906843736493,0.72527415,0.52257022637232,1.0367450980392157,0.9331695503108783
2010-09-06 20:00:00,1.1888666666666665,0.9417596287527769,1.0241647,0.8062253776414052,0.8696333333333333,1.0064069092323948
2010-09-06 21:00:00,1.4324615384615385,1.4847644523413432,1.57484,1.399779605525227,2.242233333333333,1.3670965963530892
2010-09-06 22:00:00,1.1933220338983053,0.9512795187771985,0.8864349,0.8660571542114375,1.1637666666666666,1.0438701361839793
2010-09-06 23:00:00,0.35465454545454544,0.7915534149724496,0.71473265,1.0431458592413403,0.5701,0.7996573072043568
2010-09-07 00:00:00,0.5922105263157895,0.4769853343636859,0.47574598,0.49571774568634974,0.4017666666666667,0.4676799317595395
2010-09-07 01:00:00,0.6508333333333333,0.4102400674577833,0.4312615,0.31364600275266274,0.34193103448275863,0.4551087498879912
2010-09-07 02:00:00,0.2722,0.3882511371497975,0.43670306,0.3387633549532584,0.3196333333333333,0.4684820019400201
2010-09-07 03:00:00,0.3152666666666667,0.4140939578647185,0.4072307,0.3627326691457814,0.2955333333333333,0.4533622675070369
2010-09-07 04:00:00,0.305,0.458687714707304,0.45236742,0.47927278990098254,0.9690000000000001,0.6480007068251759
2010-09-07 05:00:00,0.32686666666666664,0.43645367728489104,0.43744075,0.30782578925601667,0.32880000000000004,0.6617142109078971
2010-09-07 06:00:00,0.6378,0.7647789436767806,0.6272254,0.4289659420102033,0.24463333333333334,0.5556224685732833
2010-09-07 07:00:00,1.807890909090909,0.9139006973522845,0.98197395,0.6155326980078317,0.5892,0.7402455173134544
2010-09-07 08:00:00,1.3777818181818182,1.2515982468938696,1.2305328,1.1012275500347355,1.4957857142857143,1.063628046760682
2010-09-07 09:00:00,1.3794545454545455,1.0290324492922973,1.1128678,1.419418545775637,1.0891372549019607,0.8116751842316624
2010-09-07 10:00:00,0.6150333333333333,1.0559520396744615,0.95924324,1.3689236787794086,1.1666333333333334,0.7680761778585788
2010-09-07 11:00:00,0.94292,1.1788607918219982,1.036885,1.3026313493555413,1.5806666666666667,1.1290514796193105
2010-09-07 12:00:00,0.4864666666666667,1.1333982914330487,1.2005396,1.2568720539166371,1.229642857142857,1.1136214821339412
2010-09-07 13:00:00,0.4363666666666666,0.9160906323430871,0.9526998,1.1786503710801146,0.8519607843137256,0.9941548068161432
2010-09-07 14:00:00,0.3362,0.8727610399321576,0.8134218,0.617426158774643,0.8699333333333333,0.9577539617632201
2010-09-07 15:00:00,0.3363333333333333,0.8598891676417303,0.8153181,0.4707221360115108,0.6130333333333333,0.9140540515341046
2010-09-07 16:00:00,0.9365000000000001,0.9321432670144105,0.8762638,0.5165306334631046,0.7542333333333333,0.8343091098539388
2010-09-07 17:00:00,0.3335,0.998619636459357,0.95082575,0.6698182481978279,1.4167500000000002,0.886497815170593
2010-09-07 18:00:00,0.9581754385964912,1.041265407224873,0.9768996,0.7624539946809983,1.1057777777777777,0.9450373257526973
2010-09-07 19:00:00,2.3707555555555553,1.0874530189554188,0.9166847,1.1552160779882577,1.3334444444444444,0.9354848816070628
2010-09-07 20:00:00,2.087309090909091,1.0650168884359825,1.253824,0.9555280988765099,1.8193666666666668,1.1768424881324953
2010-09-07 21:00:00,2.1895636363636366,1.137831922924252,1.2962767,1.5762759433042919,1.1395666666666666,1.2833159716986007
2010-09-07 22:00:00,2.0166521739130436,0.9184380213769578,0.9607364,0.525786202849711,0.6783728813559322,0.9681666776270439
2010-09-07 23:00:00,1.0987796610169491,0.7972004939953727,0.64605737,0.4191296950330884,0.5622666666666666,0.7109871187695405
2010-09-08 00:00:00,0.36596666666666666,0.3354032190718428,0.4363654,0.2673045412795425,0.37710000000000005,0.44408246112687266
2010-09-08 01:00:00,0.34976666666666667,0.31882355047493327,0.41856542,0.2819231649032975,0.2891333333333333,0.4161038776956085
2010-09-08 02:00:00,0.45790000000000003,0.3390909984491377,0.42312005,0.3439636457923819,0.3401666666666667,0.4272984610132733
2010-09-08 03:00:00,0.3013333333333333,0.3752563951606395,0.43561974,0.30725550834845083,0.28959322033898305,0.43789377071804403
2010-09-08 04:00:00,0.346,0.389599396117727,0.50118107,0.42849888506457967,0.8031666666666667,0.7291557022226339
2010-09-08 05:00:00,0.32243333333333335,0.38129087023146985,0.4819796,0.3631728066687725,0.27603508771929824,0.5555219080438184
2010-09-08 06:00:00,0.7503928571428571,0.7820710865345036,0.7277445,0.4507690817636608,0.46140000000000003,0.5574921653226739
2010-09-08 07:00:00,1.8671636363636364,1.0454642537951886,1.1414934,0.7594451105002862,0.9282456140350878,0.8601629720051196
2010-09-08 08:00:00,1.568618181818182,1.4296135674551318,1.4270732,1.48097497045764,1.4253571428571428,1.2132180466875762
2010-09-08 09:00:00,1.4198947368421053,1.2051591543825069,1.1924914,1.1528902615004495,0.8423666666666667,0.9861749509417301
2010-09-08 10:00:00,0.458135593220339,0.9680652926495519,1.0554487,1.0760476727546102,1.024842105263158,0.8334398824461811
2010-09-08 11:00:00,0.2840357142857143,1.219608162364266,1.2468427,1.438421852228874,1.5810857142857142,1.068010388177659
2010-09-08 12:00:00,0.4886274509803922,1.274355047857708,1.3740177,1.2408968897984298,1.5902592592592593,1.0923238831809612
2010-09-08 13:00:00,0.45713333333333334,0.9975901818580281,1.1689388,1.1318695531980074,1.5630545454545455,1.0324212467523195
2010-09-08 14:00:00,0.46075,0.9379941590863764,0.94911313,1.0202877400076489,1.3957083333333333,0.9931461080232448
2010-09-08 15:00:00,0.44661016949152543,0.9667149068447104,0.90796703,0.9130396508544415,1.3809642857142859,0.9726107993006775
2010-09-08 16:00:00,0.544406779661017,0.8080123323001941,0.9993561,0.6968690251366911,1.3891666666666667,0.9186219967015791
2010-09-08 17:00:00,0.9294,0.8025780998542615,0.9305766,0.8492695212663018,1.432642857142857,0.9321265651033402
2010-09-08 18:00:00,1.4092549019607843,0.8646027936714361,0.88029516,0.7717793165941726,0.5392333333333333,0.7986977144723454
2010-09-08 19:00:00,0.7245333333333334,0.8333277247489025,0.86991745,0.5211891782203955,0.5494333333333333,0.7882538063756842
2010-09-08 20:00:00,1.5282222222222221,1.302034365475745,1.6118653,1.3710757032018965,1.5841960784313724,1.2091223145646859
2010-09-08 21:00:00,2.645230769230769,1.510746782381975,1.6779703,1.8779343647673201,2.0140000000000002,1.4429548832748806
2010-09-08 22:00:00,1.389535714285714,0.9960339708012736,0.94666046,1.054462655906514,1.1801333333333335,1.0013201211935314
2010-09-08 23:00:00,0.9917333333333332,0.6939057930169469,0.6498772,0.5436331344469627,0.3677,0.733912680081301
2010-09-09 00:00:00,0.9049666666666667,0.37577622014713014,0.38675332,0.3209319235475462,0.3330666666666667,0.4347028935314532
2010-09-09 01:00:00,0.47246666666666665,0.35165058465085075,0.37380016,0.31541826590808175,0.3055,0.41378335753053697
2010-09-09 02:00:00,0.29182456140350876,0.3244476925174096,0.3806459,0.31183467664025066,0.296,0.43440145177111344
2010-09-09 03:00:00,0.2828,0.33745381990872253,0.38779053,0.38262136117930845,0.2548,0.44251250179010737
2010-09-09 04:00:00,0.24960000000000002,0.33452741641420325,0.41703597,0.3927937744635146,0.3398333333333333,0.6408335226970034
2010-09-09 05:00:00,0.7349333333333334,0.3832272303524528,0.4358527,0.4429745382388345,0.30093333333333333,0.5776754011966905
2010-09-09 06:00:00,0.79075,0.7840616650561006,0.6593421,0.4923683939020085,0.9469454545454545,0.6986366890723616
2010-09-09 07:00:00,1.819709090909091,0.9488618334057594,1.1656046,0.8199207485113604,0.6751428571428572,0.9117165766685916
2010-09-09 08:00:00,1.4102,1.4005999612074427,1.475617,1.6128142486870953,1.5666071428571429,1.2409796464642395
2010-09-09 09:00:00,0.9245357142857143,1.2869444176833833,1.481671,1.4915418866928616,1.5841509433962262,1.1024048935473825
2010-09-09 10:00:00,0.4267666666666666,1.2772114424331924,1.3759702,1.6143479223058077,1.6584,1.073871172367358
2010-09-09 11:00:00,0.7595714285714286,1.2550482100321296,1.2419405,1.3744887334740494,1.6545333333333334,1.1421443300758205
2010-09-09 12:00:00,0.6913333333333334,1.0974137104581871,1.1178324,1.167173355171555,1.4804210526315789,1.0833119539024663
2010-09-09 13:00:00,0.958,1.0026394849610165,1.020943,0.8182929294202637,1.3185714285714287,0.9906084238103281
2010-09-09 14:00:00,0.42096666666666666,0.8131865983049719,0.8525506,0.8117076793948554,1.3588928571428571,0.9490747296745967
2010-09-09 15:00:00,0.7772333333333333,0.971919004577117,0.83993745,0.5427076708493732,0.8876333333333334,0.823966849578907
2010-09-09 16:00:00,0.3003666666666666,0.6258815378217486,0.7538046,0.3633953927706205,0.3390666666666667,0.7075715680142343
2010-09-09 17:00:00,0.524,0.6588978737605439,0.65997666,0.4952657256714239,0.49420000000000003,0.8022932928323211
2010-09-09 18:00:00,0.47,1.0146958855315613,0.95444185,0.7757104529674431,0.7261666666666666,0.8796676447132872
2010-09-09 19:00:00,1.4739591836734696,0.8743208451687764,0.9881192,0.7545819630758992,0.5276470588235295,0.7966435040566889
2010-09-09 20:00:00,1.9662439024390244,1.4773637781978661,1.57249,1.8311699253193403,1.9578695652173912,1.2972433211352685
2010-09-09 21:00:00,1.2951666666666666,1.2477238114530882,1.3592515,1.5588430119791687,1.354111111111111,1.2696410017786213
2010-09-09 22:00:00,0.8265333333333333,0.9830519257312001,1.0260832,0.8892903019640332,0.9164333333333333,0.991333651361082
2010-09-09 23:00:00,0.43516666666666665,0.7603515182533874,0.63636494,0.4117897776845181,0.5968666666666667,0.8501131537592586
2010-09-10 00:00:00,0.3246,0.3762057732982108,0.4110246,0.3266401849690347,0.39016666666666666,0.48011982295591416
2010-09-10 01:00:00,0.8062666666666666,0.34775852899125015,0.41152334,0.36125648563526935,0.3325762711864407,0.4823749334546398
2010-09-10 02:00:00,0.29538181818181813,0.3442451316855612,0.40627143,0.4271603521406957,0.3454666666666667,0.49370368879497795
2010-09-10 03:00:00,0.28825,0.36865778636513746,0.3807929,0.30318206738264997,0.4337241379310345,0.527702457643285
2010-09-10 04:00:00,0.2793333333333334,0.36413374400775006,0.48330113,0.3348656634071412,0.5716,0.7457783146160286
2010-09-10 05:00:00,0.26126666666666665,0.43093161759229753,0.5293468,0.5353725917608049,0.9556333333333333,0.7097153054858568
2010-09-10 06:00:00,0.8187931034482759,0.890944623261775,0.8689006,0.6727507102240491,0.9327666666666666,0.8480085310556944
2010-09-10 07:00:00,1.622909090909091,1.0928239782230582,1.1554266,0.8501535778283201,1.1417241379310346,0.8864813346001527
2010-09-10 08:00:00,0.2988813559322034,1.396757953295122,1.4840235,1.3651978393415178,1.4430909090909092,1.1848034981148174
2010-09-10 09:00:00,0.30700000000000005,1.330745255852691,1.4464872,1.4581012117701133,1.4255714285714285,1.1965843277450998
2010-09-10 10:00:00,0.3499333333333333,1.2835574156160283,1.3510201,1.332428357643591,1.3302105263157895,1.1944260179865775
2010-09-10 11:00:00,0.46993333333333337,1.2113543335627162,1.2338779,1.1345945637717425,1.3496,1.2251293199943727
2010-09-10 12:00:00,0.23243333333333333,1.130794789563548,1.2794125,1.1588317784256101,1.3982745098039215,1.232550572419334
2010-09-10 13:00:00,0.3631525423728814,1.091179537337563,1.1905805,0.8388795609516668,0.7313666666666666,1.064533531216273
2010-09-10 14:00:00,0.4270333333333333,1.0957540026156136,1.1785018,0.8295456543027158,0.35523333333333335,0.9913006200176707
2010-09-10 15:00:00,0.3281,0.9683092004813184,0.7967178,0.6659622257607878,0.41023333333333334,0.8397567313281186
2010-09-10 16:00:00,0.8277857142857143,1.0533667299872218,0.7381891,0.5461879192832058,0.3091333333333333,0.7053337991305053
2010-09-10 17:00:00,1.068780487804878,1.012539812536402,0.8116059,0.749160635239696,0.34396666666666664,0.8062784097160494
2010-09-10 18:00:00,1.6143404255319147,1.1485008704628217,1.1699965,0.9980583817756956,0.36483333333333334,0.9425885190609534
2010-09-10 19:00:00,1.6377037037037037,1.152628533064594,1.2639414,1.3054751757065504,0.531,1.1092154153257234
2010-09-10 20:00:00,2.0984313725490193,1.7391873214135598,1.9767218,1.933280618418759,1.8896444444444447,1.5808271977944077
2010-09-10 21:00:00,2.0193818181818184,1.7209456311593734,1.84668,2.0392724871312913,1.6782456140350877,1.6114842402924672
2010-09-10 22:00:00,2.299714285714286,1.305810907000068,1.3100803,1.3708583351764334,1.3925769230769232,1.1831583499446974
2010-09-10 23:00:00,1.5127647058823528,0.8065262525191069,0.68182266,0.6434540205379726,0.9627666666666667,0.8931571819792601
2010-09-11 00:00:00,0.9520377358490566,0.3725084010863209,0.45559302,0.3371446384167127,0.4686666666666667,0.5653508242795799
2010-09-11 01:00:00,0.4137857142857143,0.34177404203705636,0.45507687,0.3779616806340219,0.33326666666666666,0.48547117491910263
2010-09-11 02:00:00,0.32103448275862073,0.3515330078010934,0.44341788,0.35333829653093385,0.2752666666666667,0.45215293256658917
2010-09-11 03:00:00,0.2740666666666666,0.34444620432690004,0.40396833,0.3469708519000475,0.3137666666666667,0.49643740667408576
2010-09-11 04:00:00,0.31868965517241377,0.38098546381226783,0.4218175,0.14904344671346526,0.9966071428571429,0.7141507112213468
2010-09-11 05:00:00,0.30256666666666665,0.4231139357958776,0.47851,0.40125283593319827,0.32289999999999996,0.7578014026874937
2010-09-11 06:00:00,0.5994545454545455,0.8733129033861473,0.6763283,0.7321721419670163,0.6465614035087719,0.7945309604252457
2010-09-11 07:00:00,1.621357142857143,1.3244892212718424,1.5839238,1.0413999991018263,1.9171272727272728,1.1263039861702255
2010-09-11 08:00:00,1.4151,1.3998572605575728,1.4612801,1.4690218686230938,1.4015,1.226673322265357
2010-09-11 09:00:00,0.730125,1.2437282337071338,1.2377881,1.6042955089673077,0.779,1.0495600298981924
2010-09-11 10:00:00,1.183,1.2414582807206493,1.1049012,1.523643517472547,0.8279148936170213,1.0454119043274168
2010-09-11 11:00:00,0.4276666666666667,1.2917427247412496,1.3924221,1.5111738550222682,1.3944313725490196,1.2438302454941066
2010-09-11 12:00:00,0.7289444444444445,1.2377224388181753,1.2637314,1.2485492088402537,0.92572,1.2136065772496751
2010-09-11 13:00:00,1.2459565217391304,1.0868538459780133,1.0531515,0.7864038365745304,1.1751666666666667,1.031202863506325
2010-09-11 14:00:00,1.4677499999999999,1.2466069914929188,1.2466477,0.9635640445372986,1.6475882352941176,1.1564792541226292
2010-09-11 15:00:00,0.8254035087719298,1.161641279047731,1.2938765,1.5067232081084532,1.416235294117647,1.128722733223833
2010-09-11 16:00:00,0.4134285714285714,0.9659404333025401,1.01859,1.2596369765327384,0.7704666666666667,0.8397601455504232
2010-09-11 17:00:00,1.1598214285714286,0.9697030725737598,1.1007358,1.2060231726279385,0.5642333333333334,0.855988254089832
2010-09-11 18:00:00,0.7167719298245614,1.2067686651613534,1.2362062,1.2685115773111089,1.5319272727272728,1.1078182187402588
2010-09-11 19:00:00,0.38176666666666664,1.3077910022448314,1.5950406,1.7590810529984355,1.5626666666666666,1.158089841278596
2010-09-11 20:00:00,0.9231272727272727,1.749233674121258,1.874911,2.0739278640967793,2.1963703703703703,1.4984972113175756
2010-09-11 21:00:00,1.847457627118644,1.742350747184201,1.7661244,2.291901240175774,2.474727272727273,1.4865875122036654
2010-09-11 22:00:00,1.9192280701754385,1.5021048496245606,1.5204036,1.9473820016958316,2.1484642857142857,1.3569318456088924
2010-09-11 23:00:00,1.9510666666666665,0.981392926207796,1.1069962,1.1397640973304035,0.9402758620689655,0.9829704950585093
2010-09-12 00:00:00,1.843381818181818,0.813649094029305,0.6508323,0.7439196765700842,0.5024561403508772,0.49589769553675755
2010-09-12 01:00:00,1.7626333333333333,0.6929355705633933,0.6018263,0.4724480249306885,0.4830333333333333,0.4417962843144154
2010-09-12 02:00:00,2.2741,0.5656258350928227,0.52845514,0.4437359802980827,0.5433,0.4724015837258718
2010-09-12 03:00:00,1.7403636363636361,0.5225701578918891,0.52984345,0.27489590807228304,0.3478,0.45682589222848713
2010-09-12 04:00:00,1.3813571428571427,0.48182414942510343,0.49450624,0.3076475361353619,0.3080333333333333,0.5566550720478372
2010-09-12 05:00:00,0.2998,0.46012064319611773,0.42785686,0.2454396542813012,0.33823333333333333,0.6990597455565728
2010-09-12 06:00:00,0.2440689655172414,0.5113524402463919,0.45640633,0.09432358629190285,0.26953333333333335,0.6579425425794238
2010-09-12 07:00:00,0.3059298245614035,0.5843834446769295,0.67851764,0.06588988800769924,0.30996666666666667,0.8497965996503475
2010-09-12 08:00:00,0.31639285714285714,1.2045061450370032,1.159745,0.6654462878603765,1.2964363636363636,1.113159943418715
2010-09-12 09:00:00,0.4345,0.9211394830282325,0.84294206,0.8414650342637195,0.43196666666666667,0.9178779767789293
2010-09-12 10:00:00,0.26186666666666664,1.1338524991260135,1.1151143,1.5252799243438728,1.1405818181818181,1.0404919877990846
2010-09-12 11:00:00,0.7725423728813559,1.3978092483198545,1.4301791,1.797700466041722,1.5833928571428573,1.3353786116080286
2010-09-12 12:00:00,0.734,1.4953680094463992,1.225919,1.5652395830624,0.9285517241379311,1.2151530637068446
2010-09-12 13:00:00,1.4110810810810812,1.2762463632436336,1.1314753,1.4029659717118983,0.7988999999999999,1.037896782393252
2010-09-12 14:00:00,1.5736,1.2523493919373918,1.172449,1.1782337845894575,1.1668620689655171,1.0982974474599265
2010-09-12 15:00:00,1.5487333333333335,1.3216692364580902,1.4242218,1.5926365987905697,1.6796969696969697,1.103577406514797
2010-09-12 16:00:00,0.9458928571428571,0.915561834891735,0.99967474,1.0886189272167008,0.9763793103448276,0.8493316801009022
2010-09-12 17:00:00,0.474135593220339,0.9475868402103275,1.0320134,1.0927024493611233,0.5999333333333333,0.855681451326086
2010-09-12 18:00:00,0.3704363636363636,1.064453293574594,1.1852978,1.2236368350387883,0.7380000000000001,0.9961231509617609
2010-09-12 19:00:00,0.3076666666666667,1.3764397638215926,1.4753398,1.367183618851141,1.1562962962962962,1.1376113147313058
2010-09-12 20:00:00,1.3114909090909093,1.5749005516283976,1.7713209,1.8299387499357735,1.0963666666666667,1.5246164673936
2010-09-12 21:00:00,1.5269830508474576,1.8208627161746085,1.8615988,1.781105027129927,2.0339636363636364,1.7854859987632963
2010-09-12 22:00:00,1.412982456140351,1.5089296789814373,1.5601292,1.9977885574653387,1.478896551724138,1.564471680213878
2010-09-12 23:00:00,0.997265306122449,0.800985895912358,0.7479072,0.7674294431833125,0.4088,0.9486653977097843
2010-09-13 00:00:00,0.7721333333333333,0.39481605842763495,0.40098706,0.3019448218091114,0.34935593220338984,0.409650517463493
2010-09-13 01:00:00,0.31331034482758624,0.34143667108753384,0.40830964,0.30849772722288593,0.33393333333333336,0.3966358985330888
2010-09-13 02:00:00,0.8720363636363636,0.34772716196627484,0.4339258,0.4037363149849382,0.3303389830508474,0.4174487477067623
2010-09-13 03:00:00,0.3106666666666667,0.3787004896438899,0.41249302,0.39532402902792796,0.28243333333333337,0.38860292534886554
2010-09-13 04:00:00,0.2142,0.3570138136504265,0.40881598,0.35083104888961725,0.306,0.48990598031843513
2010-09-13 05:00:00,0.2632,0.38854155562500103,0.44512177,0.3637556240893841,0.22310000000000002,0.47816910541484303
2010-09-13 06:00:00,0.6027796610169491,0.9737362370236652,0.9932775,0.7605322116209335,1.4113333333333333,0.7750199307188904
2010-09-13 07:00:00,1.7999629629629628,1.5020645516652282,1.6232003,1.848751552170946,1.8016727272727273,1.1120856081811492
2010-09-13 08:00:00,1.4296949152542373,1.436279999204146,1.4821408,1.6444644946460476,1.5421785714285714,1.224964404464009
2010-09-13 09:00:00,0.4871785714285714,1.2485474461618038,1.3848189,1.310318254859225,1.4338000000000002,0.9471257687892534
2010-09-13 10:00:00,0.3149285714285714,0.9825508966681221,0.97967273,1.0169542479532043,0.44207142857142856,0.7676451535698494
2010-09-13 11:00:00,0.3375666666666667,1.106551526363281,1.0387108,0.8185967045087634,0.3156,0.8430646681552918
2010-09-13 12:00:00,0.23976271186440676,1.1481525147403535,0.96939784,0.42728682304737287,1.2492142857142858,0.8372205999272245
2010-09-13 13:00:00,1.239142857142857,1.2852486921334414,1.0154486,0.5599681367996037,1.311758620689655,0.9331110567906964
2010-09-13 14:00:00,0.3499666666666667,1.0346984979882625,0.9135033,0.9540209205095361,0.35322033898305083,0.9888227748410263
2010-09-13 15:00:00,0.24180000000000001,1.118483052586586,0.88568306,1.5516036042090473,0.8616727272727274,1.0588218823261184
2010-09-13 16:00:00,0.3480666666666667,1.2075012739791575,1.1140462,1.4634464954711555,1.3497454545454546,1.0964747451362018
2010-09-13 17:00:00,0.34590000000000004,1.1255291134603735,1.3762798,1.1184199522257912,1.6525142857142858,0.9180082635514344
2010-09-13 18:00:00,0.3895925925925926,1.0539811875664862,1.0191398,0.9648081287863547,0.8907,0.8753025388724065
2010-09-13 19:00:00,1.1114545454545455,1.1060719284920817,1.0422636,0.9928313916499073,1.1277192982456141,1.0375790690420272
2010-09-13 20:00:00,1.4990999999999999,1.1518153032842868,1.2522053,1.363616553243442,1.1888666666666665,1.1356686227047785
2010-09-13 21:00:00,1.7951000000000001,1.662255127250688,1.7378871,1.766908173097486,1.4324615384615385,1.4895736206278611
2010-09-13 22:00:00,1.4222333333333335,1.0692028732740346,0.8953014,0.4742661500906007,1.1933220338983053,1.083187872175655
2010-09-13 23:00:00,0.31356666666666666,0.5957133167531223,0.48679793,0.03143995469313421,0.35465454545454544,0.6465973269824875
2010-09-14 00:00:00,0.2931071428571429,0.36196562478265143,0.41967192,0.21367739710522649,0.5922105263157895,0.4326212130408853
2010-09-14 01:00:00,0.2849285714285714,0.3339279131010843,0.4355774,0.20472614951158385,0.6508333333333333,0.46673965178836685
2010-09-14 02:00:00,0.32884745762711864,0.33523568584364916,0.41824636,0.22022477211623748,0.2722,0.39696616441274435
2010-09-14 03:00:00,0.27923333333333333,0.32405523944794157,0.39813653,0.26920638122544804,0.3152666666666667,0.39396846254956586
2010-09-14 04:00:00,0.25666666666666665,0.3502530546355015,0.45725623,0.2664258121375134,0.305,0.5284411196716063
2010-09-14 05:00:00,0.2604,0.3616308063159049,0.47872958,0.47525841569157945,0.32686666666666664,0.4825897149714815
2010-09-14 06:00:00,0.5541052631578948,0.8494677152319957,0.79909146,0.45525091241788485,0.6378,0.6715665028892281
2010-09-14 07:00:00,1.705927272727273,1.5282737203859784,1.6342062,1.708502303427327,1.807890909090909,1.083184749728638
2010-09-14 08:00:00,1.4405000000000001,1.4943499358513446,1.3904489,1.6959435666222114,1.3777818181818182,1.2217887794212687
2010-09-14 09:00:00,1.6545,1.3438912698871563,1.3024899,1.6836223530687748,1.3794545454545455,1.0277637270164246
2010-09-14 10:00:00,0.9704666666666667,1.0553314230907171,0.98255706,0.8661069590055066,0.6150333333333333,0.7750510647792735
2010-09-14 11:00:00,0.90845,1.108791289529614,0.9607336,1.0273782237759808,0.94292,0.952947416876033
2010-09-14 12:00:00,0.5667666666666666,1.0048494448055882,0.93881434,0.8116523953366239,0.4864666666666667,0.8366053518825218
2010-09-14 13:00:00,0.5091666666666667,0.909650341187741,0.8564374,0.5990645258194723,0.4363666666666666,0.7306672373242109
2010-09-14 14:00:00,0.87625,0.9257640955204798,0.7598627,0.4464680286541324,0.3362,0.6695605148945665
2010-09-14 15:00:00,0.3289666666666667,0.789341903427394,0.6704297,0.43482944431923176,0.3363333333333333,0.7390649266460285
2010-09-14 16:00:00,0.3869666666666667,0.9666553511762754,0.9263376,0.7501245325844847,0.9365000000000001,0.9295276146080054
2010-09-14 17:00:00,0.5036896551724138,1.1163459429938096,1.0702401,0.9192842625508958,0.3335,0.9441037618498422
2010-09-14 18:00:00,1.5675357142857143,1.031669762192453,1.0031636,0.8376801304894345,0.9581754385964912,0.9363010116404535
2010-09-14 19:00:00,1.8976153846153847,1.518553422460362,1.3901318,0.8613486166347738,2.3707555555555553,1.3066451438626256
2010-09-14 20:00:00,2.0699298245614037,1.7846818440567902,1.8918191,1.8715411806862088,2.087309090909091,1.5285116455311927
2010-09-14 21:00:00,2.072607142857143,1.7529181127962212,1.7674577,1.851541820381235,2.1895636363636366,1.5079821570701626
2010-09-14 22:00:00,1.2549655172413792,1.2789218411721825,1.162274,1.0991679754283201,2.0166521739130436,1.2433137500086457
2010-09-14 23:00:00,0.8584999999999999,0.7879050124119001,0.482572,0.3540492022136382,1.0987796610169491,0.7387756713828049
2010-09-15 00:00:00,0.3596842105263158,0.49431249364076413,0.48527533,0.5093561742249163,0.36596666666666666,0.425365010152586
2010-09-15 01:00:00,0.3530909090909091,0.39656291779407027,0.4163167,0.3576586312740978,0.34976666666666667,0.38603046012967135
2010-09-15 02:00:00,0.3699322033898305,0.36019385743217996,0.39120448,0.2524560396609543,0.45790000000000003,0.42801356792399003
2010-09-15 03:00:00,0.351,0.33917404962732456,0.3761249,0.2799856322455141,0.3013333333333333,0.42938487700571293
2010-09-15 04:00:00,0.23933333333333331,0.3595342782601528,0.41189253,0.27288139192528216,0.346,0.5556969794307234
2010-09-15 05:00:00,0.28148275862068967,0.4256692253875806,0.41658604,0.297177655553854,0.32243333333333335,0.5368674368434088
2010-09-15 06:00:00,0.8122666666666667,0.963420989362863,0.755776,0.7134355111532161,0.7503928571428571,0.811043649604394
2010-09-15 07:00:00,1.9256226415094342,1.57403247907715,1.6922538,2.1365026875929187,1.8671636363636364,1.360174397560768
2010-09-15 08:00:00,1.4719642857142858,1.4497823243822254,1.5612925,1.8486322524514591,1.568618181818182,1.327197911402061
2010-09-15 09:00:00,1.063719298245614,1.3835446820202884,1.4607025,1.588853551165005,1.4198947368421053,1.2020675239124827
2010-09-15 10:00:00,0.31056666666666666,1.0363919436345983,1.1291064,1.0784298134478836,0.458135593220339,0.7976333923325415
2010-09-15 11:00:00,0.21572881355932202,1.110763694906216,1.0579214,0.8028357437100591,0.2840357142857143,0.7572422207221556
2010-09-15 12:00:00,0.278037037037037,0.9143571553831744,0.829065,0.761771143835142,0.4886274509803922,0.7988698695228831
2010-09-15 13:00:00,0.27376666666666666,0.8811258453748966,0.7960986,0.587900294794468,0.45713333333333334,0.8050587609315836
2010-09-15 14:00:00,0.29871428571428577,0.9698243954897411,0.76093835,0.49757077925125914,0.46075,0.766958815792001
2010-09-15 15:00:00,0.35886666666666667,0.772547679043124,0.77193874,0.5487336236202031,0.44661016949152543,0.8175428072872319
2010-09-15 16:00:00,0.3928135593220339,1.0349046971175917,0.87876475,0.6398528639487389,0.544406779661017,0.9842351922923163
2010-09-15 17:00:00,0.3291578947368421,1.1357233586078304,1.0360277,0.7900744352361991,0.9294,1.0873829494633755
2010-09-15 18:00:00,0.9265614035087719,1.196324754222229,1.2571701,0.7563638511125016,1.4092549019607843,1.0631993877375188
2010-09-15 19:00:00,0.20803333333333332,1.0943944327305597,1.1722715,1.3246709793592295,0.7245333333333334,1.1625339095155176
2010-09-15 20:00:00,0.7553,1.4436874696755129,1.5427196,1.7753304511983132,1.5282222222222221,1.4294651630458222
2010-09-15 21:00:00,1.5866666666666667,1.9201587953257744,1.8084979,2.3082580561594406,2.645230769230769,1.7951975003972511
2010-09-15 22:00:00,1.5805116279069769,1.3295241872313535,1.1779506,1.3848158851053516,1.389535714285714,1.3590575035130694
2010-09-15 23:00:00,0.979,0.7823621569252956,0.730445,0.7217850791602829,0.9917333333333332,0.8743050546016593
2010-09-16 00:00:00,0.35676363636363634,0.4505802496727306,0.35219598,0.3245167937215756,0.9049666666666667,0.5699485487281709
2010-09-16 01:00:00,0.3023728813559322,0.3686968523033478,0.41811308,0.33100198238196765,0.47246666666666665,0.4872442728157591
2010-09-16 02:00:00,0.26486666666666664,0.3657981146800347,0.3518103,0.35566903726782617,0.29182456140350876,0.411879615968462
2010-09-16 03:00:00,0.9834999999999999,0.3657155791837856,0.37117815,0.34067564185118016,0.2828,0.3861382120855228
2010-09-16 04:00:00,0.25166101694915255,0.3348556402738741,0.33612162,0.2513844853684568,0.24960000000000002,0.4721988183055137
2010-09-16 05:00:00,0.25029090909090906,0.3729407837586259,0.4221406,0.39417963696824354,0.7349333333333334,0.618447176729003
2010-09-16 06:00:00,0.5627241379310345,0.9788290349909345,0.8357236,0.6394635222829586,0.79075,0.8353496679559385
2010-09-16 07:00:00,1.8505964912280701,1.4541477768444957,1.5972428,1.9185397952584171,1.819709090909091,1.277753984527295
2010-09-16 08:00:00,1.4013571428571427,1.421577505956369,1.3761543,1.6718301638196775,1.4102,1.2920510808585226
2010-09-16 09:00:00,0.5514666666666667,1.3994755256135918,1.2558604,1.4435210015648001,0.9245357142857143,1.1613257082964565
2010-09-16 10:00:00,0.44007142857142856,1.1315236775993913,1.0027527,0.9570163781790542,0.4267666666666666,0.8542900856797442
2010-09-16 11:00:00,1.2938928571428572,1.0624773758103934,0.99918294,0.7847818934846233,0.7595714285714286,0.8621843354394585
2010-09-16 12:00:00,1.4146666666666665,1.0201224321589966,0.9275454,0.8398097694390848,0.6913333333333334,0.838779499981541
2010-09-16 13:00:00,1.4134545454545453,1.0303338884012831,0.8397737,0.9466223185374443,0.958,0.7578360739072385
2010-09-16 14:00:00,0.5580363636363637,0.9292734443209159,0.92309725,0.8552358123500483,0.42096666666666666,0.7780272153080123
2010-09-16 15:00:00,0.2752666666666667,0.8869902347443367,0.8251232,0.7582279965277461,0.7772333333333333,0.6565147641721267
2010-09-16 16:00:00,0.2105,0.7102836408357726,0.7110669,0.3829329374964662,0.3003666666666666,0.666673310505439
2010-09-16 17:00:00,0.2618333333333333,0.8074460862152687,0.83361804,0.6359448984473459,0.524,0.7601620043840511
2010-09-16 18:00:00,0.7915333333333333,0.8585464143584209,0.9289822,0.6899003730568083,0.47,0.9152697248983572
2010-09-16 19:00:00,1.2207346938775512,1.186355606852618,1.1568534,0.8741707104338343,1.4739591836734696,1.0658912455095308
2010-09-16 20:00:00,2.2793333333333337,1.7348984340523892,1.9935623,1.73904605035777,1.9662439024390244,1.506581228159356
2010-09-16 21:00:00,1.7319333333333333,1.6773045876250825,1.3201498,2.318304107249596,1.2951666666666666,1.5639938436185086
2010-09-16 22:00:00,1.4070169491525424,1.045258305496088,0.95216703,1.0284344566429673,0.8265333333333333,1.1144649751933542
2010-09-16 23:00:00,0.7833666666666667,0.8408708666395863,0.543614,0.3465897522117508,0.43516666666666665,0.8019338629384587
2010-09-17 00:00:00,0.4765666666666667,0.37127762345668835,0.4312655,0.37234290835466943,0.3246,0.43952548880593145
2010-09-17 01:00:00,0.2953,0.3537902158492561,0.3816135,0.3375563806203149,0.8062666666666666,0.49069033889308034
2010-09-17 02:00:00,0.5572631578947368,0.3532667896977218,0.41083854,0.3422628214513692,0.29538181818181813,0.4246183754874454
2010-09-17 03:00:00,0.6470175438596492,0.35988842750398986,0.43074855,0.27009291894475596,0.28825,0.4504206898943549
2010-09-17 04:00:00,0.19949999999999998,0.37026580194401154,0.41296503,0.2686790512391002,0.2793333333333334,0.48259189255457613
2010-09-17 05:00:00,0.26236666666666664,0.37476009853355696,0.4438162,0.32559218249475574,0.26126666666666665,0.6349209440651669
2010-09-17 06:00:00,0.5255714285714286,0.8830290026911807,0.7834984,0.4440495749195178,0.8187931034482759,0.7982962415798066
2010-09-17 07:00:00,1.920135593220339,1.472336464779748,1.6306175,1.5216594681862696,1.622909090909091,1.2907483693431394
2010-09-17 08:00:00,1.3838983050847458,1.2847283436405958,1.2385613,1.7831714479840035,0.2988813559322034,1.0426959056893386
2010-09-17 09:00:00,0.8234482758620689,1.225606482233097,1.044707,1.0702789156743873,0.30700000000000005,0.8777693949549497
2010-09-17 10:00:00,0.1999,0.9474106421128053,0.7983844,0.680401440367097,0.3499333333333333,0.7042458555614619
2010-09-17 11:00:00,0.28723333333333334,0.9962904659838684,0.8990672,0.6797266854248872,0.46993333333333337,0.7912003742091548
2010-09-17 12:00:00,0.5261666666666667,0.9627965363822927,0.8631206,0.685356460968394,0.23243333333333333,0.7459677227134587
2010-09-17 13:00:00,0.3563,0.9738353606471102,0.76938695,0.7897734623178692,0.3631525423728814,0.765877534931445
2010-09-17 14:00:00,0.4715925925925926,0.8622611949778352,0.62451535,0.5046497065726936,0.4270333333333333,0.7103583298794272
2010-09-17 15:00:00,1.5466415094339625,0.8507188122831104,0.7893743,0.5037404158106821,0.3281,0.7533795562687506
2010-09-17 16:00:00,1.8334375,0.8350155176284829,0.79378504,0.7266605649433003,0.8277857142857143,0.7871251561085445
2010-09-17 17:00:00,1.5464666666666667,0.8620340128343432,0.89547014,0.9393254037273067,1.068780487804878,0.9576005582258678
2010-09-17 18:00:00,1.6801777777777778,1.1892918644362105,1.3542044,1.7289148322014625,1.6143404255319147,1.1192929541859211
2010-09-17 19:00:00,1.8672571428571427,1.4154736406989803,1.5643902,1.5945252937888514,1.6377037037037037,1.2634504129045125
2010-09-17 20:00:00,1.969,1.6706413473047261,1.8334148,1.73732777641819,2.0984313725490193,1.618613853370079
2010-09-17 21:00:00,0.5411228070175439,1.4101860922038378,1.7897716,2.059636742748096,2.0193818181818184,1.58031317853669
2010-09-17 22:00:00,0.5266333333333334,1.4691525202531173,1.2779988,1.8916065099788615,2.299714285714286,1.42720723068401
2010-09-17 23:00:00,0.484,0.9178055805845381,0.9953757,1.0457507094072114,1.5127647058823528,1.1397176687340058
2010-09-18 00:00:00,0.2914333333333333,0.5029863448077743,0.7275966,1.4454665828446542,0.9520377358490566,0.7355347645329255
2010-09-18 01:00:00,0.2673666666666667,0.45278027926749187,0.52971566,0.8478197250195709,0.4137857142857143,0.5697619795669585
2010-09-18 02:00:00,0.8251666666666666,0.3944831287298642,0.3749339,0.6093826230284778,0.32103448275862073,0.4604788631325275
2010-09-18 03:00:00,0.30989285714285714,0.3821529864004344,0.430963,0.43610654480522404,0.2740666666666666,0.46650204748650514
2010-09-18 04:00:00,0.331,0.3763602584487743,0.38455456,0.39668941485726206,0.31868965517241377,0.6096160913969837
2010-09-18 05:00:00,0.20823333333333333,0.3548837288513842,0.3805436,0.4320635382055822,0.30256666666666665,0.6189270738927949
2010-09-18 06:00:00,0.6108666666666667,0.898909216901568,0.67264885,0.44068156458783236,0.5994545454545455,0.8703805867847416
2010-09-18 07:00:00,1.765709090909091,1.6180766036010967,1.730701,1.6027822033407735,1.621357142857143,1.4806457649730278
2010-09-18 08:00:00,1.3252727272727274,1.431986836426629,1.4127024,1.8968058967764392,1.4151,1.2446862356045738
2010-09-18 09:00:00,0.8287,1.178868643417218,1.1844804,0.9739594133840856,0.730125,0.9113575146012541
2010-09-18 10:00:00,0.5166333333333334,1.074344046561774,1.0500569,1.4069765917579324,1.183,0.9334331213294977
2010-09-18 11:00:00,0.3648666666666667,1.0224786201727236,1.0376953,1.0916695899392725,0.4276666666666667,0.9193106422121722
2010-09-18 12:00:00,0.3004,1.3022294980756863,1.0466213,1.4361804486680363,0.7289444444444445,0.8357168321487177
2010-09-18 13:00:00,0.8141016949152542,1.1241389218479516,1.1029907,1.3411671899557756,1.2459565217391304,1.009718399994379
2010-09-18 14:00:00,1.0549333333333333,1.301089409282992,1.3801286,1.6897243536617677,1.4677499999999999,1.1350560649467245
2010-09-18 15:00:00,0.8082142857142857,1.1255517226159168,1.1396224,1.5553415958342036,0.8254035087719298,0.9828791958398051
2010-09-18 16:00:00,0.9072666666666667,0.8099338438173653,0.9542844,1.1233632285916781,0.4134285714285714,0.7949736066160571
2010-09-18 17:00:00,1.2929122807017543,0.9624780291037516,1.002901,1.4056328971771106,1.1598214285714286,0.9671609577304078
2010-09-18 18:00:00,0.7190175438596491,1.211421012486543,1.2848266,1.5901740128032258,0.7167719298245614,1.1333665322713957
2010-09-18 19:00:00,1.4667719298245614,1.2510173606836594,1.3705591,1.6259027408027649,0.38176666666666664,1.1718200386164757
2010-09-18 20:00:00,1.6858545454545453,1.4418535033325732,1.6558793,2.5005584855171836,0.9231272727272727,1.4765353602044005
2010-09-18 21:00:00,1.5982333333333334,1.7487761967951228,1.9948545,2.1019756064368886,1.847457627118644,1.7017307204688972
2010-09-18 22:00:00,1.6424210526315788,1.7567976995392103,1.6665945,1.273784157707435,1.9192280701754385,1.6885096666875228
2010-09-18 23:00:00,0.49037288135593216,1.2048683259580597,1.1802438,1.2863718027797582,1.9510666666666665,1.336919591918038
2010-09-19 00:00:00,0.3826,0.8162564769780474,0.8836175,0.4642994052497905,1.843381818181818,1.0130303355662793
2010-09-19 01:00:00,0.40396666666666664,1.0245292875166565,0.725074,0.6801942538433412,1.7626333333333333,0.9983176863950702
2010-09-19 02:00:00,0.414,1.2313190951971078,1.1435088,0.8777936668302073,2.2741,1.0159755234166266
2010-09-19 03:00:00,0.46493103448275863,0.8023825970275511,0.73970467,0.742618593880797,1.7403636363636361,0.8193264421182059
2010-09-19 04:00:00,0.28163333333333335,0.6876634264661325,0.6702211,0.17620692036731556,1.3813571428571427,0.5547199904898679
2010-09-19 05:00:00,0.1971,0.6680810041165204,0.5457248,0.8581723772637702,0.2998,0.4437643998663062
2010-09-19 06:00:00,0.23706666666666668,0.706782854923399,0.5681709,0.6077533439651008,0.2440689655172414,0.45423643534160174
2010-09-19 07:00:00,0.5294333333333333,0.7144592216568489,0.62007177,0.8612475069897103,0.3059298245614035,0.6799681188271894
2010-09-19 08:00:00,0.9478333333333333,0.9915786646576816,0.78774536,0.80160132921386,0.31639285714285714,0.7686904113163996
2010-09-19 09:00:00,0.8190666666666666,0.7996353341986928,0.684501,0.40980693245043376,0.4345,0.7137300191795073
2010-09-19 10:00:00,0.5008421052631579,0.8626809233865674,0.97423565,0.674209768449743,0.26186666666666664,0.8625585719444081
2010-09-19 11:00:00,0.2659,1.1282597474059606,1.0955555,0.8243141249159386,0.7725423728813559,0.9964411934743039
2010-09-19 12:00:00,0.21293333333333334,1.0412910040889214,1.038284,0.7589132975044456,0.734,0.8849933531644678
2010-09-19 13:00:00,0.4809333333333334,1.2276375677980196,1.2391697,0.8774114877782723,1.4110810810810812,1.1434163647618951
2010-09-19 14:00:00,0.3187333333333333,1.3010777057727203,1.3611189,1.5152855622725085,1.5736,1.3025063172888787
2010-09-19 15:00:00,0.2951,1.3764101440274634,1.3689363,1.6232664213186025,1.5487333333333335,1.2674787745042015
2010-09-19 16:00:00,0.25279999999999997,1.1750000645079348,1.165414,1.5338988194240868,0.9458928571428571,1.0131497573864954
2010-09-19 17:00:00,0.3328,0.8742098809948908,1.0329679,1.213078123954141,0.474135593220339,0.9123360210752304
2010-09-19 18:00:00,1.2214285714285715,0.9290159712702082,0.968846,1.635069681229361,0.3704363636363636,0.8919611323218907
2010-09-19 19:00:00,0.9380384615384615,0.8099784991415342,1.0807768,1.5165258640433414,0.3076666666666667,0.8849296960136699
2010-09-19 20:00:00,2.298982456140351,1.3301446809554494,1.4671454,1.8661268767933326,1.3114909090909093,1.2425053359351557
2010-09-19 21:00:00,1.8975666666666666,1.77023447065412,1.7593976,1.8328227769765677,1.5269830508474576,1.582427638070751
2010-09-19 22:00:00,0.6718214285714286,1.4904720321426723,1.3674445,1.9311015303754937,1.412982456140351,1.5341308520910633
2010-09-19 23:00:00,0.2076666666666667,0.9252879903129058,0.77503926,1.2128965716575604,0.997265306122449,1.20257025004723
2010-09-20 00:00:00,0.3577666666666667,0.49955603353579214,0.3531834,0.4716662877746375,0.7721333333333333,0.6297534241744842
2010-09-20 01:00:00,0.3307333333333334,0.38303712309240034,0.43258825,0.5704011469818892,0.31331034482758624,0.6209960786667781
2010-09-20 02:00:00,0.8504666666666666,0.3664725933667073,0.36614192,0.5318271083495603,0.8720363636363636,0.7852481218815498
2010-09-20 03:00:00,0.2718666666666667,0.40118228615925483,0.48103723,0.4562277090711927,0.3106666666666667,0.6473113259516318
2010-09-20 04:00:00,0.1951,0.39006150580544885,0.45032862,0.45748718340098093,0.2142,0.5750384999900373
2010-09-20 05:00:00,0.2795333333333333,0.38813022344901377,0.43511748,0.5026487897299334,0.2632,0.4883811705820138
2010-09-20 06:00:00,0.6302,0.9386778059097881,0.748635,0.6417635984899202,0.6027796610169491,0.7613709121024289
2010-09-20 07:00:00,1.8750980392156862,1.5200001207640752,1.9137632,1.5481777146719813,1.7999629629629628,1.2103341078170804
2010-09-20 08:00:00,1.3627500000000001,1.374222632826631,1.2693777,1.700267429606181,1.4296949152542373,1.1553645633405871
2010-09-20 09:00:00,1.347578947368421,1.2925532719409998,1.1290609,0.9562039653778303,0.4871785714285714,0.8728042413460256
2010-09-20 10:00:00,1.4202666666666666,0.8772562183716188,0.86304003,0.9562415997406043,0.3149285714285714,0.6648260563043362
2010-09-20 11:00:00,0.8659661016949153,0.8931558618900671,0.733678,0.7893358353364505,0.3375666666666667,0.6256475415218663
2010-09-20 12:00:00,1.6801463414634146,0.9181277957567514,0.76554453,0.9008805701894806,0.23976271186440676,0.7301380561294213
2010-09-20 13:00:00,1.112,1.2656953207657051,0.97446936,1.2105170876352598,1.239142857142857,1.0464808536714054
2010-09-20 14:00:00,0.8762545454545455,0.778078804954544,0.6342204,0.8024160527615797,0.3499666666666667,0.9022505408354425
2010-09-20 15:00:00,1.304,0.9415174056477109,0.745321,0.8869611210283112,0.24180000000000001,0.8481300913851189
2010-09-20 16:00:00,1.3436949152542375,0.9461344607820508,0.71912163,0.836760468070592,0.3480666666666667,0.8447100257701377
2010-09-20 17:00:00,1.4535438596491228,1.0484590255877522,0.9992769,0.8945720554522049,0.34590000000000004,0.936787891814802
2010-09-20 18:00:00,1.159728813559322,0.8433064108381169,0.8796878,0.808810824428474,0.3895925925925926,0.7903357724482208
2010-09-20 19:00:00,1.2721754385964912,1.0982454194662075,1.0129671,0.34423476585480095,1.1114545454545455,0.968309241308526
2010-09-20 20:00:00,1.769735849056604,1.4058616502030856,1.5949446,1.2179986922311112,1.4990999999999999,1.3703859163377183
2010-09-20 21:00:00,2.0324166666666668,1.6226195936851107,1.6903658,1.6061622329184289,1.7951000000000001,1.5594336482250748
2010-09-20 22:00:00,1.071860465116279,1.4476682273871406,1.3107692,1.4651634292943085,1.4222333333333335,1.3636251115148335
2010-09-20 23:00:00,0.6227,0.8694725551276236,0.7292536,0.37193787674906054,0.31356666666666666,0.8645432185593437
2010-09-21 00:00:00,0.4720333333333333,0.38603897886872124,0.3800055,0.26085903354399687,0.2931071428571429,0.5824478047562753
2010-09-21 01:00:00,0.2535,0.3802142226934431,0.41427737,0.363659002391037,0.2849285714285714,0.5601411945502133
2010-09-21 02:00:00,0.20446666666666669,0.3595358912981124,0.43306103,0.2914292766693757,0.32884745762711864,0.6594365894339346
2010-09-21 03:00:00,0.26890000000000003,0.3712409564816139,0.34742016,0.302847173796298,0.27923333333333333,0.5691508967392126
2010-09-21 04:00:00,0.27230000000000004,0.36046485695912894,0.38367292,0.26026929726976444,0.25666666666666665,0.5665974243441335
2010-09-21 05:00:00,0.8551929824561404,0.3852607242402366,0.42216137,0.4157655002439461,0.2604,0.5741914444777518
2010-09-21 06:00:00,0.47710714285714284,0.8360703444423001,0.74836904,0.5227718949738711,0.5541052631578948,0.7341088475754924
2010-09-21 07:00:00,1.8489491525423727,1.6193695583271557,1.82074,1.583597678129078,1.705927272727273,1.331649134003348
2010-09-21 08:00:00,1.3144827586206895,1.441060053332909,1.4482157,1.7094594007990511,1.4405000000000001,1.2309751527601929
2010-09-21 09:00:00,1.3534137931034484,1.3094252520592184,1.2137754,1.2628758089885468,1.6545,1.0486252344563964
2010-09-21 10:00:00,0.5782916666666666,1.1170996017332826,1.2022661,1.0427460795309964,0.9704666666666667,0.8311818754644273
2010-09-21 11:00:00,0.4009302325581396,1.1272617348912948,1.0344377,0.7848977385399598,0.90845,0.818610456744816
2010-09-21 12:00:00,0.8323666666666667,0.8624894323049803,0.74507344,0.574385560720579,0.5667666666666666,0.6682024511886091
2010-09-21 13:00:00,0.5928666666666668,0.7250144113395836,0.8471682,0.4082433454031432,0.5091666666666667,0.793921476721624
2010-09-21 14:00:00,0.3046333333333333,0.7982432338480875,0.83918613,0.6087674107104446,0.87625,0.7895117528477611
2010-09-21 15:00:00,0.4016896551724138,0.6507782358768515,0.64501935,0.4463148153715557,0.3289666666666667,0.7009892667290786
2010-09-21 16:00:00,0.3527636363636364,0.747124870330623,0.7318447,0.533581566768579,0.3869666666666667,0.7765446887952372
2010-09-21 17:00:00,0.24773333333333333,0.6880487988349989,0.74052113,0.5309370313494167,0.5036896551724138,0.7161978750993099
2010-09-21 18:00:00,0.3106333333333334,1.2779605337353195,1.357889,0.9239871458993473,1.5675357142857143,1.070237101470604
2010-09-21 19:00:00,0.5478305084745764,1.6537665085116275,1.8083203,1.7971431804505802,1.8976153846153847,1.4923887528413755
2010-09-21 20:00:00,2.057418181818182,1.686620854380426,1.8779676,1.7132776379437478,2.0699298245614037,1.5877555982279166
2010-09-21 21:00:00,2.0067666666666666,1.7544562610469125,1.8744842,1.579267578085274,2.072607142857143,1.6616573465719373
2010-09-21 22:00:00,1.0306666666666666,1.2875845845555858,1.0271417,0.5574160939627182,1.2549655172413792,1.2582287882796521
2010-09-21 23:00:00,0.3279322033898305,0.846599860172864,0.48030204,0.009718550717311536,0.8584999999999999,0.7703811674824851
2010-09-22 00:00:00,0.28543333333333337,0.3910647734573265,0.40666234,0.4147658774837153,0.3596842105263158,0.4050513231946784
2010-09-22 01:00:00,0.3053666666666667,0.37193239323313143,0.36554497,0.3636194703380389,0.3530909090909091,0.3565349241766761
2010-09-22 02:00:00,0.32706666666666667,0.334960171791367,0.37656417,0.42360466603629965,0.3699322033898305,0.47654689602215594
2010-09-22 03:00:00,0.26043333333333335,0.3370057682260533,0.367451,0.30237727470856024,0.351,0.4404791047063603
2010-09-22 04:00:00,0.7687,0.4388184432969443,0.35600358,0.30169571570228737,0.23933333333333331,0.45855634775480925
2010-09-22 05:00:00,0.3939666666666667,0.3847133467781304,0.41040236,0.2833653494139565,0.28148275862068967,0.4904615974324279
2010-09-22 06:00:00,0.5784,0.8679236017421725,0.81727105,0.6372447790209422,0.8122666666666667,0.7655014049709921
2010-09-22 07:00:00,1.9438113207547172,1.8149006614469088,1.987162,2.133496291890837,1.9256226415094342,1.4886896316827203
2010-09-22 08:00:00,1.5924347826086955,1.390742552647353,1.4704111,1.779829761877362,1.4719642857142858,1.344145142292348
2010-09-22 09:00:00,1.3932,1.4112432368592045,1.2424266,1.6604993043095266,1.063719298245614,1.1542263757088271
2010-09-22 10:00:00,1.0242916666666668,1.029637414504197,0.9548417,0.8997087445421782,0.31056666666666666,0.669041162161752
2010-09-22 11:00:00,0.3152222222222222,0.8527244621927204,0.6788924,0.5898133044029312,0.21572881355932202,0.5481932315474867
2010-09-22 12:00:00,0.5715925925925925,0.6875495874707879,0.6537616,0.4017252007218969,0.278037037037037,0.5211887503681772
2010-09-22 13:00:00,1.4,0.5951180894898737,0.5301359,0.433388176547983,0.27376666666666666,0.6255545400644577
2010-09-22 14:00:00,0.3046333333333333,0.6218989237752903,0.58623374,0.42985324406616754,0.29871428571428577,0.6789309553721411
2010-09-22 15:00:00,0.9953000000000001,0.5297178613580612,0.5698858,0.31766372503801665,0.35886666666666667,0.684358380253411
2010-09-22 16:00:00,1.3391636363636363,0.595577727530406,0.63357514,0.3167528649959368,0.3928135593220339,0.765653323430487
2010-09-22 17:00:00,1.397381818181818,0.730434373878222,0.765233,0.3990917309953529,0.3291578947368421,0.8100108756931381
2010-09-22 18:00:00,1.3565217391304347,1.113216814263438,1.1469957,1.035435828864546,0.9265614035087719,1.146192804500687
2010-09-22 19:00:00,1.4480000000000002,1.0831952504803801,1.3810371,1.4544134989537598,0.20803333333333332,1.0711915338727955
2010-09-22 20:00:00,2.0115849056603774,1.2789535515471846,1.5319732,1.8820150845938863,0.7553,1.3446592125245027
2010-09-22 21:00:00,1.5795666666666668,1.7719916428678686,1.7647142,2.245799606354007,1.5866666666666667,1.7439495498475421
2010-09-22 22:00:00,0.8024,1.393247426931954,1.3248056,0.7905958937112146,1.5805116279069769,1.42078605392627
2010-09-22 23:00:00,0.3784666666666666,1.0082482981930512,0.7368838,0.4769523746776173,0.979,1.0401627377241027
2010-09-23 00:00:00,0.3320666666666667,0.36517976933344165,0.39197913,0.46227600903841015,0.35676363636363634,0.5666515209711406
2010-09-23 01:00:00,0.4959,0.49289735234581605,0.41972145,0.37280068310721526,0.3023728813559322,0.47855868367252263
2010-09-23 02:00:00,0.6616896551724138,0.3391602216699601,0.3691531,0.28428770027801464,0.26486666666666664,0.4550093257669099
2010-09-23 03:00:00,0.29883333333333334,0.3867628680334334,0.43676448,0.4165235054441596,0.9834999999999999,0.5976801840235455
2010-09-23 04:00:00,0.2033333333333333,0.4140100542522705,0.4137281,0.38012616460965587,0.25166101694915255,0.5063306698292966
2010-09-23 05:00:00,0.2656,0.4533329736689646,0.42352384,0.3783687866106459,0.25029090909090906,0.5774067913580705
2010-09-23 06:00:00,0.5317777777777778,1.046280906158811,0.75510657,0.6612444903235548,0.5627241379310345,0.7783133242972569
2010-09-23 07:00:00,2.4889433962264147,1.7400715070069372,1.6821703,1.1852385742515639,1.8505964912280701,1.4103498940440886
2010-09-23 08:00:00,1.5473333333333334,1.4854918633778136,1.4159783,1.506005818127845,1.4013571428571427,1.2580605141075032
2010-09-23 09:00:00,1.3900000000000001,1.1919104176652764,1.1795168,1.5342161183230245,0.5514666666666667,0.9631593032016914
2010-09-23 10:00:00,1.3170697674418606,1.0014812950609464,0.93214405,0.7722273431601852,0.44007142857142856,0.6792116566265971
2010-09-23 11:00:00,0.7760689655172414,1.204375817197984,1.0801548,0.6632006295669677,1.2938928571428572,0.8716493649477194
2010-09-23 12:00:00,1.4935849056603774,1.1699768751981048,1.1094671,1.2097009750752674,1.4146666666666665,0.9118102390114858
2010-09-23 13:00:00,1.4990999999999999,1.113452443201272,1.1382599,1.1721504943695118,1.4134545454545453,0.9124988827094885
2010-09-23 14:00:00,1.3590714285714287,0.9427598960548542,0.83231115,0.827556431708615,0.5580363636363637,0.7188819028660661
2010-09-23 15:00:00,0.6027586206896551,0.7465658102082285,0.77453965,0.4849577532553867,0.2752666666666667,0.636311811011546
2010-09-23 16:00:00,0.3339,0.6896565020669311,0.57963187,0.517215450442714,0.2105,0.5435423382514507
2010-09-23 17:00:00,0.36843333333333333,0.728164858282139,0.6489175,0.4994017666305993,0.2618333333333333,0.6070585120081505
2010-09-23 18:00:00,0.6257333333333333,0.8113069222748358,0.8488215,0.8913272563596177,0.7915333333333333,0.9403573801051561
2010-09-23 19:00:00,1.05,1.249696564056337,1.2931756,1.6203896390946178,1.2207346938775512,1.2255901787076426
2010-09-23 20:00:00,0.9679333333333333,1.8395085871332855,2.058008,1.5763778001898519,2.2793333333333337,1.6178330766541227
2010-09-23 21:00:00,1.9951379310344828,1.6325006537128885,1.6789203,1.9119663932622322,1.7319333333333333,1.5254591386565264
2010-09-23 22:00:00,1.0331,1.2451552023499435,1.139208,0.8758956462639383,1.4070169491525424,1.1898906988648994
2010-09-23 23:00:00,0.9488333333333333,0.9247682390399238,0.81183606,0.5625478865844444,0.7833666666666667,0.9269728687290034
2010-09-24 00:00:00,0.48444827586206896,0.37062559583488097,0.43290025,0.5086927965964416,0.4765666666666667,0.4576819458118778
2010-09-24 01:00:00,0.2846315789473684,0.36306831876030143,0.39391583,0.4232503553998904,0.2953,0.4699985585946158
2010-09-24 02:00:00,0.2555272727272727,0.3415406833097674,0.41877934,0.35781772743210527,0.5572631578947368,0.4405780704038289
2010-09-24 03:00:00,0.26683333333333337,0.3538293163111984,0.41000187,0.22215044541750295,0.6470175438596492,0.6016190070968441
2010-09-24 04:00:00,0.2029,0.44004331857824136,0.4021813,0.37817852677405384,0.19949999999999998,0.45457730613773784
2010-09-24 05:00:00,0.7952666666666667,0.4025793125960951,0.36230126,0.3612624592964524,0.26236666666666664,0.4872426288781704
2010-09-24 06:00:00,0.7827666666666667,0.824190846755946,0.68610334,0.4184852401085535,0.5255714285714286,0.7334710349936797
2010-09-24 07:00:00,2.062148148148148,1.6194551688695855,1.7258611,1.8692779097019117,1.920135593220339,1.4617726229054768
2010-09-24 08:00:00,1.3946296296296297,1.1994674275163861,1.3346081,1.4216978825006847,1.3838983050847458,1.2133639119431856
2010-09-24 09:00:00,1.3185714285714287,1.0336355909271806,1.0494059,1.25027287008678,0.8234482758620689,0.8722165503661847
2010-09-24 10:00:00,1.2882,0.9071302920999967,0.9004971,0.7838791412398507,0.1999,0.6267072212208327
2010-09-24 11:00:00,0.39576666666666666,0.9724724364224052,0.8195255,0.7256283082349664,0.28723333333333334,0.6687700514307053
2010-09-24 12:00:00,0.53025,0.7257503019551739,0.58836603,0.34897987714459155,0.5261666666666667,0.7072585338682911
2010-09-24 13:00:00,0.7904074074074074,0.7733721925810526,0.6828012,0.5125448718989687,0.3563,0.703999799285981
2010-09-24 14:00:00,0.64128,0.6362128291952002,0.6689687,0.42577938012040606,0.4715925925925926,0.6956543034029019
2010-09-24 15:00:00,0.26486666666666664,0.9813758109259045,1.0420048,0.7116731532717349,1.5466415094339625,0.8963542693768267
2010-09-24 16:00:00,0.5490188679245283,1.3139846245229618,1.3534799,1.932195569092514,1.8334375,1.0530451163527008
2010-09-24 17:00:00,0.7355333333333333,1.4310501291937914,1.2454056,1.8630273394334727,1.5464666666666667,1.0740614392235213
2010-09-24 18:00:00,0.8258214285714285,1.355372169546459,1.2870955,0.9857101504372859,1.6801777777777778,1.0564318694787405
2010-09-24 19:00:00,2.0774915254237287,1.2929685948564267,1.3931912,0.9145570461379479,1.8672571428571427,1.2876857698076343
2010-09-24 20:00:00,2.2476,1.6946666743070735,1.7312648,1.1827210100076049,1.969,1.4984026787447915
2010-09-24 21:00:00,1.5723666666666667,1.1269174064983956,1.3915721,0.5848140407286463,0.5411228070175439,1.207039776105016
2010-09-24 22:00:00,1.0881666666666667,0.9709873681346035,0.8036621,0.39755881255082937,0.5266333333333334,1.0706698600704632
2010-09-24 23:00:00,0.3933103448275862,0.8592948135526324,0.67048603,0.9012096872419405,0.484,0.8239251362852796
2010-09-25 00:00:00,0.35550000000000004,0.3852059159984591,0.42550334,0.4346964086198464,0.2914333333333333,0.5141783997910749
2010-09-25 01:00:00,0.9123793103448276,0.3802651880630923,0.41375014,0.4283869339369415,0.2673666666666667,0.4649556065971705
2010-09-25 02:00:00,0.2379666666666667,0.3543096571891632,0.37073216,0.25953529336130177,0.8251666666666666,0.6574305915871943
2010-09-25 03:00:00,0.24060714285714285,0.4273978968005823,0.45026374,0.45711909906412795,0.30989285714285714,0.7064883786660703
2010-09-25 04:00:00,2.1969787234042553,0.44499644239989594,0.45738772,0.4176350422606544,0.331,0.6139754489566605
2010-09-25 05:00:00,1.6650399999999999,0.4125373918144743,0.3948327,0.33449425292359436,0.20823333333333333,0.5875396014253814
2010-09-25 06:00:00,1.643375,0.8714671296960732,0.7293754,0.6531328966446623,0.6108666666666667,0.800641108172069
2010-09-25 07:00:00,1.0864333333333334,1.5719257680520087,1.7604462,1.6712453242522682,1.765709090909091,1.4885467685825877
2010-09-25 08:00:00,0.9712333333333334,1.4274615598138936,1.4371359,1.4069227441793892,1.3252727272727274,1.3241893826266138
2010-09-25 09:00:00,0.9060333333333334,1.1550172766550886,1.1350609,1.2596913399244967,0.8287,0.9675452493685618
2010-09-25 10:00:00,0.7261666666666666,1.0011038856548125,1.0182102,0.9772541229612064,0.5166333333333334,0.8287364105592314
2010-09-25 11:00:00,0.8463999999999999,0.7404217886058783,0.8428894,1.087966114529729,0.3648666666666667,0.7261379213278321
2010-09-25 12:00:00,0.5305084745762711,0.6830339808079138,0.8585175,0.9959650710350025,0.3004,0.7748074075640548
2010-09-25 13:00:00,0.3545666666666667,0.8996497424432012,0.8060013,1.1775195253790132,0.8141016949152542,0.8292350593121292
2010-09-25 14:00:00,0.3657666666666667,1.1819549666378035,1.0348455,1.249309751810642,1.0549333333333333,1.0513471368769538
2010-09-25 15:00:00,0.7652333333333333,1.1952320467595063,1.1235018,1.26005921079153,0.8082142857142857,0.9418815089277421
2010-09-25 16:00:00,2.4032363636363634,0.9812232377480063,1.1771758,1.356719643143921,0.9072666666666667,1.0267732374799186
2010-09-25 17:00:00,1.5763508771929826,1.370949039104009,1.471605,1.2938547610896498,1.2929122807017543,1.1928026992308731
2010-09-25 18:00:00,1.5476842105263158,1.2191517612443106,1.2217245,1.2147192701216845,0.7190175438596491,1.1069230948022328
2010-09-25 19:00:00,1.4527,1.2054402492929166,1.4481814,1.8086592084788706,1.4667719298245614,1.2813177682270036
2010-09-25 20:00:00,1.3870526315789473,1.4487267718696755,1.7629218,1.4512306459642659,1.6858545454545453,1.5169139354341854
2010-09-25 21:00:00,0.7224905660377359,1.3324130930512716,1.6468325,0.7687783844545657,1.5982333333333334,1.3728778165086721
2010-09-25 22:00:00,0.39596666666666663,1.2071133100251732,1.3163018,0.847086933008117,1.6424210526315788,1.3434468032413243
2010-09-25 23:00:00,1.0688363636363636,0.8691862521129178,0.90470755,0.8442164071002849,0.49037288135593216,1.0174914177637955
2010-09-26 00:00:00,1.5537818181818182,0.6087919690942494,0.62700176,0.7487509447061551,0.3826,0.6780834875695304
2010-09-26 01:00:00,1.4317192982456142,0.6078913756545937,0.66437703,0.670603981945578,0.40396666666666664,0.6904039034023788
2010-09-26 02:00:00,1.4049152542372882,0.47807115093606656,0.6292379,0.6990119794266251,0.414,0.8913815371228969
2010-09-26 03:00:00,1.1521818181818182,0.42299606537942835,0.49119416,0.5206976314175532,0.46493103448275863,0.7665429996200666
2010-09-26 04:00:00,0.8778620689655172,0.5169693481660981,0.44794208,0.46537782430548635,0.28163333333333335,0.6604943566377681
2010-09-26 05:00:00,1.5022745098039216,0.5037065493561241,0.43685508,0.362936057580446,0.1971,0.5417039089342959
2010-09-26 06:00:00,1.3950175438596493,0.6518428595957216,0.45165953,0.21174962332488745,0.23706666666666668,0.6277022261148294
2010-09-26 07:00:00,1.3882,0.880767946697329,0.8658024,0.40275561092148904,0.5294333333333333,0.969886712852031
2010-09-26 08:00:00,1.0732666666666666,1.0455430443749596,1.1416041,0.6379649046590209,0.9478333333333333,1.0430441670456585
2010-09-26 09:00:00,0.4951,1.0104329002286268,1.0698557,1.035461124833184,0.8190666666666666,0.938040981031478
2010-09-26 10:00:00,0.6048474576271187,0.9625527354508295,0.971265,0.9416503315321941,0.5008421052631579,0.7498349088774607
2010-09-26 11:00:00,0.5619642857142857,0.9529896210031419,0.9854831,0.784544186117358,0.2659,0.6829001550483949
2010-09-26 12:00:00,0.49779999999999996,0.9170184808171539,0.944423,0.7681254083637202,0.21293333333333334,0.6192094515993951
2010-09-26 13:00:00,0.5483,1.04013094903451,1.0284548,0.8426226226428278,0.4809333333333334,0.8543489160103248
2010-09-26 14:00:00,0.4808,1.031576679256141,1.1029952,0.937746092826062,0.3187333333333333,0.9213864558373098
2010-09-26 15:00:00,0.9778571428571429,0.876970090961377,0.9598867,0.8764429698561722,0.2951,0.9654364272254919
2010-09-26 16:00:00,2.539358490566038,0.9291758769707156,0.8264758,0.7555475925665769,0.25279999999999997,0.9219387440225819
2010-09-26 17:00:00,1.5788571428571427,0.8666686473474319,0.99142236,0.7581361120809076,0.3328,0.9616673147842755
2010-09-26 18:00:00,1.3473333333333335,1.0776082158847147,1.1133345,0.9308368766277046,1.2214285714285715,1.1092490339040384
2010-09-26 19:00:00,1.3858545454545455,1.0222547322024547,1.1257124,1.4304762282518055,0.9380384615384615,1.230404867535674
2010-09-26 20:00:00,1.1480333333333335,1.64530986798749,1.7555119,1.3738813970342643,2.298982456140351,1.6555340182659521
2010-09-26 21:00:00,0.4915357142857143,1.535787530315374,1.6609378,1.7076130474978144,1.8975666666666666,1.5453745108635988
2010-09-26 22:00:00,0.5711333333333334,1.1195379996326624,1.0674404,1.2005137696478738,0.6718214285714286,1.1912203104109498
2010-09-26 23:00:00,0.6650666666666666,0.8743430789804162,0.6539818,0.37621145918483934,0.2076666666666667,0.7622450074750204
2010-09-27 00:00:00,0.6374333333333334,0.4099902398372791,0.34046584,0.2874246955679779,0.3577666666666667,0.4036586109933604
2010-09-27 01:00:00,0.45386666666666664,0.4254897161834473,0.44993383,0.32514937687542034,0.3307333333333334,0.39105446432117275
2010-09-27 02:00:00,0.6844,0.424045523872594,0.47489756,0.5708205594191651,0.8504666666666666,0.6191204501886409
2010-09-27 03:00:00,1.8557254901960782,0.3643924954975841,0.4369369,0.30916817295469434,0.2718666666666667,0.4651806492575806
2010-09-27 04:00:00,0.7174237288135594,0.42569824079788643,0.34486848,0.4767618387625533,0.1951,0.432617595817925
2010-09-27 05:00:00,0.3869090909090909,0.6306591240254178,0.48831704,0.584399002554394,0.2795333333333333,0.480750546191161
2010-09-27 06:00:00,0.3501666666666667,0.9615457533721968,0.72097456,0.8073439895904664,0.6302,0.6552055561714513
2010-09-27 07:00:00,0.45716666666666667,1.6634956460460322,1.762748,1.5189072603227078,1.8750980392156862,1.2522110933622368
2010-09-27 08:00:00,0.8196333333333333,1.4311606812178936,1.3846229,1.4996627038128068,1.3627500000000001,1.1956181055312605
2010-09-27 09:00:00,0.46653333333333336,1.2919234746640473,1.3215711,1.4552003897917734,1.347578947368421,0.965733940089843
2010-09-27 10:00:00,0.4644666666666667,1.0806100667497087,1.2293482,1.1131455028094444,1.4202666666666666,0.8328847692054142
2010-09-27 11:00:00,0.39353333333333335,0.9843230144796309,0.92814785,0.5088914936132095,0.8659661016949153,0.7081758956688805
2010-09-27 12:00:00,1.1539666666666666,1.0190217462517615,0.9862007,1.0718879877567795,1.6801463414634146,0.8237064385272534
2010-09-27 13:00:00,0.29843333333333333,1.0261562353653424,0.7591865,1.0165863761783152,1.112,0.8009358732908824
2010-09-27 14:00:00,0.34769999999999995,0.9667853028611811,0.7379638,0.7352338357368693,0.8762545454545455,0.7437098596877203
2010-09-27 15:00:00,0.7348666666666667,0.9288081365219181,0.76312006,0.5564548944386257,1.304,0.747280150360398
2010-09-27 16:00:00,2.2951272727272727,0.9354526197667665,0.8526465,0.6028715320724373,1.3436949152542375,0.7993292582787935
2010-09-27 17:00:00,1.417107142857143,0.9623504015514324,1.0784011,0.652604037330857,1.4535438596491228,0.9379814939675021
2010-09-27 18:00:00,0.46159999999999995,0.9389744585795942,0.88672626,0.9979224229479152,1.159728813559322,0.802215169381163
2010-09-27 19:00:00,0.4330666666666667,1.1641997173751772,1.0694375,1.2662146976303053,1.2721754385964912,1.0108911929459667
2010-09-27 20:00:00,1.4879642857142856,1.5237544804013754,1.552742,1.9850232830576497,1.769735849056604,1.4371326357015115
2010-09-27 21:00:00,1.972577777777778,1.644349199323174,1.7419994,1.8373597775280468,2.0324166666666668,1.5012746843409723
2010-09-27 22:00:00,1.5507916666666668,1.0099404723787901,0.8934918,0.7501072245655074,1.071860465116279,1.1245068635674509
2010-09-27 23:00:00,1.419781818181818,0.6482730837695292,0.4798206,0.4506275067605825,0.6227,0.6291017841031881
2010-09-28 00:00:00,0.9758076923076923,0.4155632229123853,0.4184423,0.3582131661885438,0.4720333333333333,0.38575909041606216
2010-09-28 01:00:00,1.670736842105263,0.40541414090372874,0.3725872,0.3221338008388449,0.2535,0.3298353555089919
2010-09-28 02:00:00,0.3544333333333334,0.4088446489350752,0.3899404,0.2950082694032704,0.20446666666666669,0.41135243140761557
2010-09-28 03:00:00,0.5629000000000001,0.4501000401686637,0.39969242,0.33408920153707056,0.26890000000000003,0.3936419242148623
2010-09-28 04:00:00,1.0975517241379311,0.481005603183118,0.4363395,0.3536588518235606,0.27230000000000004,0.43997528558921273
2010-09-28 05:00:00,0.7974666666666667,0.5898181853446232,0.58940095,0.6002777504996151,0.8551929824561404,0.6226524698469412
2010-09-28 06:00:00,2.1229473684210527,0.8300753426294385,0.7834569,0.4543708890153917,0.47710714285714284,0.6316584474274974
2010-09-28 07:00:00,0.6092,1.6707127585604535,1.9155589,2.1215167022914407,1.8489491525423727,1.2848688257534262
2010-09-28 08:00:00,0.8957999999999999,1.4287688984779654,1.4976379,1.6122197654071653,1.3144827586206895,1.1637064421709034
2010-09-28 09:00:00,0.36519999999999997,1.4012685499091142,1.4229567,1.453489910310137,1.3534137931034484,1.1687268283340602
2010-09-28 10:00:00,0.7940357142857143,1.1852397745520433,1.1060357,1.2563020022348315,0.5782916666666666,0.8493374447728894
2010-09-28 11:00:00,0.3085333333333333,1.0286518299319132,0.92381454,0.8057913326359597,0.4009302325581396,0.6869485836327006
2010-09-28 12:00:00,0.9448000000000001,1.0144011372691264,0.96769553,0.7814069604224696,0.8323666666666667,0.8014684766742024
2010-09-28 13:00:00,0.35050847457627116,0.8633277955392791,0.92711407,0.5783009549212825,0.5928666666666668,0.7002558617784367
2010-09-28 14:00:00,0.3771071428571428,0.8723040520269244,0.7903928,0.6098258496355586,0.3046333333333333,0.6786964581078686
2010-09-28 15:00:00,0.6917454545454546,0.656768297152993,0.68317914,0.5027596324103843,0.4016896551724138,0.7032769530048122
2010-09-28 16:00:00,2.1288275862068966,0.6812285282559045,0.7581009,0.39852141057006873,0.3527636363636364,0.7403796256707489
2010-09-28 17:00:00,1.6850357142857142,0.7809062963717557,0.75160396,0.5180267790761073,0.24773333333333333,0.7580987804326496
2010-09-28 18:00:00,0.4405454545454546,1.0398074263863208,1.0830276,0.86309708394588,0.3106333333333334,0.9585280440545337
2010-09-28 19:00:00,0.417,1.1566376508691811,1.3610791,1.3820700342691463,0.5478305084745764,1.1282215833404474
2010-09-28 20:00:00,0.7886440677966102,1.6886916929433893,1.8911738,2.2200382659495608,2.057418181818182,1.6663986049756778
2010-09-28 21:00:00,0.5983,1.898079915125358,2.1165788,2.2742159404914544,2.0067666666666666,1.775103391266729
2010-09-28 22:00:00,0.7247796610169491,1.1436372113274262,0.8863354,1.2729259103597157,1.0306666666666666,1.1282911404885636
2010-09-28 23:00:00,1.8200727272727273,0.9008634827999786,0.7199892,0.397989127252823,0.3279322033898305,0.7506482395043711
2010-09-29 00:00:00,1.7810869565217393,0.38271493569247844,0.45493582,0.3337583719706124,0.28543333333333337,0.44149116888196205
2010-09-29 01:00:00,1.5592765957446808,0.34744632574469164,0.37831283,0.32121310119130175,0.3053666666666667,0.4146690327177758
2010-09-29 02:00:00,1.5160714285714287,0.3527320203130324,0.3777528,0.3488225806981555,0.32706666666666667,0.4685408368213393
2010-09-29 03:00:00,0.7696666666666666,0.3726212248319468,0.38469893,0.3214836103054606,0.26043333333333335,0.45048739692940376
2010-09-29 04:00:00,1.5142666666666666,0.5240420278833633,0.42138204,0.431658080741427,0.7687,0.5843532929898779
2010-09-29 05:00:00,1.7408695652173913,0.4429473015077447,0.49808225,0.38919760983937524,0.3939666666666667,0.6497292048628629
2010-09-29 06:00:00,2.462695652173913,0.8842170113478497,0.71132797,0.49825867231738064,0.5784,0.7148175265225732
2010-09-29 07:00:00,1.6090714285714287,1.6779051669153577,1.7227844,1.7724391078165023,1.9438113207547172,1.4433321078751293
2010-09-29 08:00:00,1.5637454545454545,1.427856727164185,1.4350337,1.7721029323163475,1.5924347826086955,1.3044115893840136
2010-09-29 09:00:00,0.3721,1.3783887459913748,1.5472227,1.4198760960334473,1.3932,1.15856953757699
2010-09-29 10:00:00,0.3647,1.1034200622773183,0.9139577,0.7832962487986901,1.0242916666666668,0.8215067690075775
2010-09-29 11:00:00,0.44037288135593217,0.7262960285922735,0.64740604,0.5019244763949913,0.3152222222222222,0.5993940375392143
2010-09-29 12:00:00,0.3836,0.8317934779704885,0.7652538,0.6512345191678287,0.5715925925925925,0.7275634063510379
2010-09-29 13:00:00,0.3455333333333333,0.9940852701787587,1.0050064,0.6274640641391688,1.4,0.8509948175650708
2010-09-29 14:00:00,0.38326666666666664,0.5646971108280089,0.66316444,0.5355015844625302,0.3046333333333333,0.6300612784373727
2010-09-29 15:00:00,0.3012333333333333,0.778782796212273,0.71134233,0.7333326698192707,0.9953000000000001,0.7734025248779676
2010-09-29 16:00:00,0.6125333333333334,1.0575593087814932,0.887429,0.7166399334556295,1.3391636363636363,0.9019068036157122
2010-09-29 17:00:00,1.101392857142857,1.0924973820214607,1.0503154,1.0530183834681002,1.397381818181818,0.967736900498126
2010-09-29 18:00:00,1.24815,1.1215547106650368,1.1444032,0.8618267105068351,1.3565217391304347,0.8516715484188072
2010-09-29 19:00:00,2.287423076923077,1.0194570900939681,1.0921781,0.9566340557415257,1.4480000000000002,0.9939125795373731
2010-09-29 20:00:00,2.4374,1.5667298477997873,1.7944765,1.5328242899212041,2.0115849056603774,1.4385414444609694
2010-09-29 21:00:00,0.9115666666666667,1.4752907120396495,1.4859824,1.6882374669319584,1.5795666666666668,1.5028549048560835
2010-09-29 22:00:00,0.4544642857142857,0.9256481918083748,0.8789607,0.7332315306752479,0.8024,1.0409016230212988
2010-09-29 23:00:00,1.5612608695652173,0.6883105780292681,0.5274406,0.18694931975083018,0.3784666666666666,0.6762405256262685
2010-09-30 00:00:00,1.2537999999999998,0.3568211192419309,0.42448157,0.3650865494544828,0.3320666666666667,0.34519871279873804
2010-09-30 01:00:00,1.0061694915254238,0.3497488885241086,0.41439867,0.32776935183807454,0.4959,0.43987914773291736
2010-09-30 02:00:00,0.4815666666666667,0.4828586160848045,0.4058727,0.245248338884423,0.6616896551724138,0.5037238416387952
2010-09-30 03:00:00,0.6803333333333333,0.377883715518641,0.42519957,0.3520515047660808,0.29883333333333334,0.5603087414527765
2010-09-30 04:00:00,2.2455384615384615,0.42059455370154075,0.4198337,0.361169920042022,0.2033333333333333,0.5162152280160894
2010-09-30 05:00:00,2.3436774193548384,0.4024144457454781,0.4325108,0.5021639546943412,0.2656,0.5725193301653159
2010-09-30 06:00:00,2.348078431372549,0.8415234522544531,0.7767372,0.6841173965697664,0.5317777777777778,0.6861123591342401
2010-09-30 07:00:00,1.380301886792453,2.031730926585955,2.1095152,2.317518449190829,2.4889433962264147,1.5991472092974357
2010-09-30 08:00:00,1.4159,1.377741134287172,1.4665242,1.7631621709760932,1.5473333333333334,1.3305540444248591
2010-09-30 09:00:00,0.9609333333333333,1.375362239406511,1.3567169,1.6561181116364314,1.3900000000000001,1.0342244332890433
2010-09-30 10:00:00,0.8805999999999999,1.1370796878526073,1.1984191,1.1624711439882927,1.3170697674418606,0.8894922806842744
2010-09-30 11:00:00,0.8617,0.9862567596522682,0.94025207,1.1791533179893496,0.7760689655172414,0.7819527624870917
2010-09-30 12:00:00,0.8580363636363636,1.0866634631965137,1.0690742,1.203847784349341,1.4935849056603774,0.9707260414462077
2010-09-30 13:00:00,0.8580666666666666,1.0875621539451792,0.93531996,1.1896168813208887,1.4990999999999999,1.0700619054942846
2010-09-30 14:00:00,0.8383,0.9894991263811493,0.9790464,1.2906964179014166,1.3590714285714287,0.8422474015379198
2010-09-30 15:00:00,1.1786666666666668,0.8272393230847735,0.7677603,0.6825080089815769,0.6027586206896551,0.6961723399978363
2010-09-30 16:00:00,2.5559245283018868,0.6496336306052267,0.6912581,0.3664295401577614,0.3339,0.6150094771721522
2010-09-30 17:00:00,2.0546785714285716,0.6110764081492522,0.6437184,0.28462058511222665,0.36843333333333333,0.6440085048512778
2010-09-30 18:00:00,1.995017543859649,0.8746590993507158,0.81516373,0.6738170493890909,0.6257333333333333,0.8180988811516996
2010-09-30 19:00:00,1.3338999999999999,1.1747414582687115,1.179013,1.3163013745333632,1.05,1.1173110147099738
2010-09-30 20:00:00,0.6213571428571428,1.5060684504888844,1.562273,1.6543514423673824,0.9679333333333333,1.4300557359892263
2010-09-30 21:00:00,1.8182272727272726,1.7099153260527524,1.9251384,1.7728597757314282,1.9951379310344828,1.5419909971346653
2010-09-30 22:00:00,0.7096,1.11998385913932,1.086277,0.9924285847520515,1.0331,1.1571341607415986
2010-09-30 23:00:00,0.4646909090909091,0.8289096269123684,0.6513167,0.5796685429520954,0.9488333333333333,0.8743312793848841
2010-10-01 00:00:00,0.3916,0.4289240983926167,0.46414384,0.5625881257616248,0.48444827586206896,0.47544765442612347
2010-10-01 01:00:00,0.39926666666666666,0.3479834066020057,0.40921876,0.409275393549724,0.2846315789473684,0.4381314309382571
2010-10-01 02:00:00,0.35978571428571426,0.33540568803897436,0.387831,0.40288334017685057,0.2555272727272727,0.509603312312836
2010-10-01 03:00:00,1.6341481481481481,0.36951575142142284,0.3739883,0.26057544862139337,0.26683333333333337,0.49226161242878497
2010-10-01 04:00:00,1.8766530612244898,0.42201191166948204,0.38792652,0.26326522417829923,0.2029,0.49192873849406504
2010-10-01 05:00:00,2.4367,0.4356554175706503,0.37744945,0.4477742503392098,0.7952666666666667,0.619692382134828
2010-10-01 06:00:00,1.2079574468085106,0.8938374967563345,0.7881914,0.7416321065927036,0.7827666666666667,0.75884884159493
2010-10-01 07:00:00,0.5482,2.0251613902119567,1.9444324,2.0787132787758815,2.062148148148148,1.592810024322206
2010-10-01 08:00:00,0.44349999999999995,1.4993767442257766,1.4473544,1.675783075717352,1.3946296296296297,1.2454339230506792
2010-10-01 09:00:00,0.8594333333333334,1.3852334715344892,1.4444927,1.4253597287873299,1.3185714285714287,1.085701713733347
2010-10-01 10:00:00,0.5165454545454545,1.1744222299822489,1.2571194,0.9299750743840959,1.2882,0.931642801108387
2010-10-01 11:00:00,0.358,0.868903662488142,0.8139906,0.6869535104696942,0.39576666666666666,0.6173127478484819
2010-10-01 12:00:00,0.30883333333333335,0.8989971611124737,0.8037184,0.584823539836542,0.53025,0.7200957502360414
2010-10-01 13:00:00,0.3718,0.9253933842170722,0.7094944,0.17077348670579562,0.7904074074074074,0.691491853475963
2010-10-01 14:00:00,0.43066666666666664,0.9999584935566527,0.7353106,0.3122611978294041,0.64128,0.6997640271413603
2010-10-01 15:00:00,0.7420333333333333,0.9441456757247683,0.92317194,0.6621307139299439,0.26486666666666664,0.8091067068647523
2010-10-01 16:00:00,1.9793684210526314,1.035351091192777,0.9514129,0.6800455222967325,0.5490188679245283,0.8997085067639429
2010-10-01 17:00:00,1.4592142857142858,1.013184295813859,1.0034947,0.7232486965685607,0.7355333333333333,0.967185144216075
2010-10-01 18:00:00,1.8144912280701755,1.045408216927627,0.96671414,0.629794013041179,0.8258214285714285,1.0050638471836284
2010-10-01 19:00:00,1.7669230769230768,1.571638896885032,1.6222457,1.5621589822648225,2.0774915254237287,1.4452805261831492
2010-10-01 20:00:00,1.7091186440677966,1.853158282741398,2.059228,1.9069958523535466,2.2476,1.658198254921314
2010-10-01 21:00:00,1.6843508771929825,1.5230576544574606,1.5383625,1.5920393922891949,1.5723666666666667,1.3977167012732352
2010-10-01 22:00:00,1.4119285714285714,0.9650980449239951,1.0278078,0.8003816259290318,1.0881666666666667,0.9835849795035029
2010-10-01 23:00:00,1.7429803921568627,0.6861964013010744,0.4745692,0.3012925131895481,0.3933103448275862,0.6862110221616012
2010-10-02 00:00:00,1.9837916666666666,0.4061853455424486,0.41809365,0.6307385105170391,0.35550000000000004,0.43416265080494454
2010-10-02 01:00:00,1.0179649122807017,0.43033616705023126,0.45578393,0.36075095119711187,0.9123793103448276,0.6036030618409141
2010-10-02 02:00:00,0.6083666666666667,0.3763333788913984,0.414134,0.4187536414125508,0.2379666666666667,0.6053895468786286
2010-10-02 03:00:00,0.7721666666666667,0.37014335546686505,0.35103363,0.5318443250359886,0.24060714285714285,0.5099792025285949
2010-10-05 19:00:00,1.5145,1.5556461675921531,1.3548274,0.880987775940275,2.1969787234042553,1.1065238641271475
2010-10-05 20:00:00,2.3195,1.1497820067857587,1.4658945,1.020440822602858,1.6650399999999999,1.1193607107285994
2010-10-05 21:00:00,1.9454615384615386,1.2651994660192574,1.3637735,1.1975796192088108,1.643375,1.148844252005139
2010-10-05 22:00:00,1.4242,1.1560281769781626,1.1510348,1.4171299292652058,1.0864333333333334,1.4021835898444581
2010-10-05 23:00:00,1.0050999999999999,1.0558332176343332,0.92978555,1.0545916123521208,0.9712333333333334,1.158470260426983
2010-10-06 00:00:00,0.8750666666666667,0.5292171736358966,0.8997666,0.2739793628070867,0.9060333333333334,0.8280430931581575
2010-10-06 01:00:00,0.6805666666666668,0.4110854183002359,0.5004513,0.3182135242353117,0.7261666666666666,0.6986232555612403
2010-10-06 02:00:00,0.9105714285714285,0.3647887168596249,0.4230764,0.21435661876004763,0.8463999999999999,0.5501575556171321
2010-10-06 03:00:00,0.4594,0.38077294134263434,0.45586702,0.10542159145588714,0.5305084745762711,0.5755360614090652
2010-10-06 04:00:00,0.37279999999999996,0.38226481794010425,0.45788702,0.10453279592969966,0.3545666666666667,0.6930048701307241
2010-10-06 05:00:00,0.3503928571428571,0.3530004432648055,0.38401443,0.10075682871791403,0.3657666666666667,0.701814219725577
2010-10-06 06:00:00,0.7513333333333333,0.8527529217559507,0.6741165,0.3624676724960636,0.7652333333333333,0.6925809648351064
2010-10-06 07:00:00,2.3867599999999998,1.7702437503163535,1.8396726,1.6996617053423666,2.4032363636363634,1.1610779031341645
2010-10-06 08:00:00,1.4875471698113207,1.3932926145464228,1.4766805,1.9678776741268853,1.5763508771929826,1.1280116176009756
2010-10-06 09:00:00,1.4996491228070177,1.2478470404371977,1.3605978,1.6693416510291514,1.5476842105263158,1.0048447854151394
2010-10-06 10:00:00,1.1807,1.2973110858194499,1.3454368,1.0317602329298354,1.4527,1.2409928808581943
2010-10-06 11:00:00,0.5537333333333333,1.3595284929921447,1.223927,0.8794307223990572,1.3870526315789473,1.2509639933777605
2010-10-06 12:00:00,0.8956999999999999,0.9640975483654739,0.8462169,0.7196505551849659,0.7224905660377359,1.0001888398503866
2010-10-06 13:00:00,0.5153333333333333,0.8546659701638258,0.88489306,0.6905507801587001,0.39596666666666663,0.7702163732320222
2010-10-06 14:00:00,0.8986666666666667,0.8054585197706902,0.75937897,0.5362535707478628,1.0688363636363636,0.716114933255344
2010-10-06 15:00:00,0.33549999999999996,0.9356592715413672,1.149491,0.7581751902975653,1.5537818181818182,0.8262429952447017
2010-10-06 16:00:00,1.0196666666666667,1.029023027567835,1.1602083,0.8761335808673893,1.4317192982456142,0.8950197673701359
2010-10-06 17:00:00,0.5843214285714285,0.9700255128956882,1.1439445,0.814914509596632,1.4049152542372882,0.8091670516514085
2010-10-06 18:00:00,0.8464666666666667,0.8610869365362422,0.9660212,0.5753809263205867,1.1521818181818182,0.7800072002000662
2010-10-06 19:00:00,0.5906,1.0547333367213318,1.0088214,1.2297191575454152,0.8778620689655172,0.9980607391555183
2010-10-06 20:00:00,0.32639999999999997,1.0221699794732944,1.2587887,1.00394980056458,1.5022745098039216,1.0617971814705671
2010-10-06 21:00:00,0.5047407407407407,0.9848651418798287,1.1113845,0.806242681875338,1.3950175438596493,1.0583826152365698
2010-10-06 22:00:00,1.9825283018867925,1.2074052015640186,1.0915767,1.0526579023623466,1.3882,0.965554015131288
2010-10-06 23:00:00,1.2147333333333334,0.909306975480078,0.73974884,0.7610755720680459,1.0732666666666666,0.9684230022984206
2010-10-07 00:00:00,1.0243666666666666,0.4686789187866014,0.47399864,0.29397917656167616,0.4951,0.5954480892004266
2010-10-07 01:00:00,0.38563333333333333,0.3920690301779119,0.4709226,0.2715741967786063,0.6048474576271187,0.5744339907393174
2010-10-07 02:00:00,0.3672068965517241,0.4073605575759471,0.41361225,0.2555951368802801,0.5619642857142857,0.497945543199412
2010-10-07 03:00:00,0.35553333333333337,0.441524485848678,0.40879485,0.2766178876985188,0.49779999999999996,0.472314278418819
2010-10-07 04:00:00,0.3215,0.39339616004328753,0.4537978,0.2366568888060906,0.5483,0.5364415952036101
2010-10-07 05:00:00,0.35167272727272725,0.4115493449797096,0.46348688,0.27462101576932885,0.4808,0.5395002062642141
2010-10-07 06:00:00,1.0221379310344827,0.8084250353160504,0.76394945,0.41659034580342424,0.9778571428571429,0.6556396160306144
2010-10-07 07:00:00,1.9995333333333332,1.6607026663511082,1.5707253,2.1332547905922823,2.539358490566038,1.3062786706083014
2010-10-07 08:00:00,1.630607142857143,1.271028699438701,1.5178319,1.4496837010408512,1.5788571428571427,1.0958923911939362
2010-10-07 09:00:00,1.3298571428571428,1.314486253822612,1.3784292,1.3459348406566205,1.3473333333333335,1.0923275183127772
2010-10-07 10:00:00,0.3074333333333333,1.2532412940057578,1.3027703,1.148330341689791,1.3858545454545455,1.0576440306854413
2010-10-07 11:00:00,1.1473684210526316,1.2075768267177496,1.243167,1.1836264098751663,1.1480333333333335,1.1787012869972133
2010-10-07 12:00:00,2.1239333333333335,0.9769831056239698,0.8392142,0.6535287436448801,0.4915357142857143,0.8415437540721908
2010-10-07 13:00:00,1.7285818181818182,0.8688432816477788,0.73008007,0.3074602377599944,0.5711333333333334,0.5987117558731144
2010-10-07 14:00:00,1.4842333333333333,0.6957937240177714,0.7290148,0.43026491085460417,0.6650666666666666,0.6366265313963045
2010-10-07 15:00:00,1.5173214285714285,0.9291185652644807,0.8088094,0.44781391858964703,0.6374333333333334,0.7540473231920157
2010-10-07 16:00:00,0.8111428571428572,0.6946710108156671,0.75530964,0.5899483681249647,0.45386666666666664,0.7681573053850934
2010-10-07 17:00:00,0.35850000000000004,1.05388669582356,0.9841844,0.7798196431420468,0.6844,0.8636071353357917
2010-10-07 18:00:00,1.3071,1.2179348241246895,1.4006052,1.1721103562958197,1.8557254901960782,1.0853692219863227
2010-10-07 19:00:00,1.464372093023256,1.240576600154153,1.2484747,1.7646701335975106,0.7174237288135594,1.05340093766462
2010-10-07 20:00:00,2.65464406779661,0.8296753086949152,1.0979036,1.0988600425451533,0.3869090909090909,0.8846797667225492
2010-10-07 21:00:00,2.6635438596491228,0.8006926956065945,1.1045486,0.840296704484925,0.3501666666666667,0.8998209432663722
2010-10-07 22:00:00,1.0564827586206897,1.0711643342964614,1.1303091,1.1187918019469714,0.45716666666666667,1.0432302155370388
2010-10-07 23:00:00,0.7777666666666667,0.902107566852396,0.8894979,0.9827996963644828,0.8196333333333333,1.0247680823351526
2010-10-08 00:00:00,0.6089333333333333,0.40090230124296816,0.46506456,0.2625713853629267,0.46653333333333336,0.6933278064421677
2010-10-08 01:00:00,0.37006666666666665,0.4298296055036335,0.5074728,0.43749761997318914,0.4644666666666667,0.7539022830756906
2010-10-08 02:00:00,0.3442,0.429178136777389,0.45823535,0.30781436188461064,0.39353333333333335,0.6660520604640667
2010-10-08 03:00:00,0.39343333333333336,0.5463385011238178,0.61197364,0.8841668162139402,1.1539666666666666,0.9284976271763106
2010-10-08 04:00:00,0.36926666666666663,0.43287230130117693,0.46458095,0.48555666102899764,0.29843333333333333,0.6910500134809235
2010-10-08 05:00:00,0.9103333333333333,0.4091471352236678,0.44545048,0.5092699949332229,0.34769999999999995,0.6291104853166868
2010-10-08 06:00:00,1.2225423728813558,1.0237779086173742,0.80767405,0.74489327780263,0.7348666666666667,0.870560243668655
2010-10-08 07:00:00,2.386566037735849,1.9594618396607073,1.947566,2.0991842986875917,2.2951272727272727,1.57522616394805
2010-10-08 08:00:00,1.415122807017544,1.494792079174834,1.4818841,1.9566182243986043,1.417107142857143,1.270877995346212
2010-10-08 09:00:00,1.4495333333333333,1.0172081176374212,1.0767537,1.694878347946033,0.46159999999999995,0.9188288125500753
2010-10-08 10:00:00,1.0825818181818183,1.0832443509422673,1.025915,0.8237994634916045,0.4330666666666667,0.8871796231191466
2010-10-08 11:00:00,0.7739298245614035,1.2957757404773758,1.425823,1.0497023671148114,1.4879642857142856,1.1711128003293765
2010-10-08 12:00:00,1.4211428571428573,1.3901337867280403,1.3912755,1.4167520153343125,1.972577777777778,1.152500632973751
2010-10-08 13:00:00,0.7937627118644068,1.068740674266415,1.0922542,1.466551198820509,1.5507916666666668,1.0056397044825318
2010-10-08 14:00:00,0.39176923076923076,1.0467285303045966,1.1267344,1.388708606521459,1.419781818181818,0.9157056759717079
2010-10-08 15:00:00,0.4305384615384616,1.1189032945080515,1.0168328,1.1486769296390418,0.9758076923076923,0.9168482535850908
2010-10-08 16:00:00,0.45840000000000003,0.9649641433780848,1.1177129,0.9983215912157404,1.670736842105263,0.9511010315010607
2010-10-08 17:00:00,1.0036,0.6264088356670452,0.6537495,0.7120586102822702,0.3544333333333334,0.6923773827768431
2010-10-08 18:00:00,0.9443846153846154,0.7802251591869517,0.7993473,0.4835804571010155,0.5629000000000001,0.8886891996431624
2010-10-08 19:00:00,1.6775094339622643,0.9144975076168801,0.9615488,0.8615834512075505,1.0975517241379311,0.9410037971978846
2010-10-08 20:00:00,2.01,1.0533033883997098,1.1089305,0.9198696187740751,0.7974666666666667,0.9377509030258461
2010-10-08 21:00:00,1.78025,1.5863902907275491,1.5148549,1.4982065834036156,2.1229473684210527,1.1274865357710833
2010-10-08 22:00:00,0.6566333333333334,1.1425846155197703,1.102379,1.4018363312069642,0.6092,1.034723467862629
2010-10-08 23:00:00,0.52,0.9207787207958321,0.7481638,0.4954230415847798,0.8957999999999999,0.9090315878047812
2010-10-09 00:00:00,0.5206333333333333,0.45174512584122384,0.47537866,0.5549202754441198,0.36519999999999997,0.7183465237643831
2010-10-09 01:00:00,0.46199999999999997,0.3841831669818056,0.44786122,0.47839198442462116,0.7940357142857143,0.7112199739306057
2010-10-09 02:00:00,0.44806666666666667,0.3997520912003445,0.4211607,0.2868007968257731,0.3085333333333333,0.5822988536206303
2010-10-09 03:00:00,0.4321,0.4412902532402969,0.5234126,0.44169934311870307,0.9448000000000001,0.8469555501540993
2010-10-09 04:00:00,0.3716666666666667,0.4307395722945583,0.45104024,0.5347273591556196,0.35050847457627116,0.698054083054211
2010-10-09 05:00:00,0.43496666666666667,0.44478314101179967,0.4489621,0.6272568619137591,0.3771071428571428,0.6185422099328376
2010-10-09 06:00:00,0.937896551724138,0.7831842536989859,0.653871,0.5404001962581586,0.6917454545454546,0.783287772545836
2010-10-09 07:00:00,2.1577407407407407,1.9546037949398354,1.8465149,1.5293448554172302,2.1288275862068966,1.4434518436359545
2010-10-09 08:00:00,1.5817543859649121,1.417765249832966,1.4896463,1.6455593621498554,1.6850357142857142,1.2488348977640744
2010-10-09 09:00:00,1.1513666666666666,0.8734700805523127,1.0582535,1.1149073808089467,0.4405454545454546,0.8194377105823838
2010-10-09 10:00:00,0.41141379310344833,0.7613800180288584,0.8810381,1.4803931424027443,0.417,0.7493645209806505
2010-10-09 11:00:00,0.5526808510638298,1.244735017666869,1.2647737,1.7995464829992904,0.7886440677966102,1.1268343321247982
2010-10-09 12:00:00,0.457,1.2403329735933848,1.3327045,1.4940615593103963,0.5983,1.1171592772093537
2010-10-09 13:00:00,1.5823018867924528,1.1674582805642955,1.1157203,1.1780853071335255,0.7247796610169491,0.9735041289097038
2010-10-09 14:00:00,0.9718260869565217,1.264872197349257,1.3389791,1.2906731544894725,1.8200727272727273,1.1379303939477272
2010-10-09 15:00:00,1.510212765957447,1.1872384870229704,1.3044844,1.876843820678682,1.7810869565217393,1.1471359872790987
2010-10-09 16:00:00,1.655,1.21761572080417,1.4121219,1.8141258454209939,1.5592765957446808,1.1583985325327266
2010-10-09 17:00:00,0.97324,1.0023834517077728,1.3332988,1.5785465483340373,1.5160714285714287,0.9996552994268881
2010-10-09 18:00:00,1.3453684210526318,1.115174215144091,1.0792222,1.7140057557222081,0.7696666666666666,0.9408522333121739
2010-10-09 19:00:00,1.8583749999999999,1.1667883259980847,1.3667643,1.3935264199489807,1.5142666666666666,1.1921995171255566
2010-10-09 20:00:00,1.6389333333333334,1.086912095699536,1.3006436,1.4257673304058622,1.7408695652173913,1.1110641338623806
2010-10-09 21:00:00,1.6620400000000002,1.5075262653905828,1.5856065,1.8741840622240278,2.462695652173913,1.4487586204814416
2010-10-09 22:00:00,1.3904333333333334,1.349897502579979,1.5173361,1.7471831272013851,1.6090714285714287,1.2734941915077984
2010-10-09 23:00:00,0.6326296296296297,1.1163839913680864,1.0610808,1.3148118279466576,1.5637454545454545,1.2180961353957245
2010-10-10 00:00:00,0.8864,0.7536115099926947,0.5917035,0.9357478298520321,0.3721,0.6150823841348673
2010-10-10 01:00:00,0.4669666666666667,0.6650973167824419,0.4982645,0.6555257841954074,0.3647,0.5847834931836516
2010-10-10 02:00:00,0.46729411764705886,0.4896703035964712,0.4940047,0.5079246193017402,0.44037288135593217,0.46396794754602044
2010-10-10 03:00:00,0.44109999999999994,0.5342931240904233,0.3770653,0.28082099846591857,0.3836,0.6706571033946056
2010-10-10 04:00:00,0.52252,0.4380400377006744,0.45120487,0.42048924137291677,0.3455333333333333,0.7037589932900399
2010-10-10 05:00:00,0.4273666666666667,0.444172164375805,0.45165,0.3174764629449185,0.38326666666666664,0.6049385149599873
2010-10-10 06:00:00,0.4357666666666667,0.7120977853845283,0.53307855,0.20545861289748346,0.3012333333333333,0.7800165367523441
2010-10-10 07:00:00,0.7048666666666666,1.238453824787299,1.0207983,1.2073227879761048,0.6125333333333334,1.2318505119323313
2010-10-10 08:00:00,0.9307,1.2693379237974003,1.0629424,0.9898195601601635,1.101392857142857,1.2502794004988262
2010-10-10 09:00:00,0.9249333333333334,1.2379060103617479,1.0938764,1.4248349787492776,1.24815,1.0419465611377041
2010-10-10 10:00:00,0.8739,1.5191419943476994,1.4104291,1.412593819164803,2.287423076923077,1.1696479501760937
2010-10-10 11:00:00,1.8442564102564103,1.437982205520384,1.4487379,1.3344606831937014,2.4374,1.4155172928567232
2010-10-10 12:00:00,2.139157894736842,1.2614959990127512,1.1761262,1.1932495306114537,0.9115666666666667,1.0754053235448977
2010-10-10 13:00:00,1.5452542372881357,0.898625935564702,0.9116361,1.4196975046435014,0.4544642857142857,0.790753829930938
2010-10-10 14:00:00,0.9342692307692307,1.1373559390791135,1.0560112,1.0909782510993304,1.5612608695652173,1.0260207653124649
2010-10-10 15:00:00,0.5263,1.041596014549136,1.0470142,1.0733379924676143,1.2537999999999998,1.0193611540475132
2010-10-10 16:00:00,0.7665116279069768,1.0667382520390922,0.97351897,1.2594250338026922,1.0061694915254238,0.9330564801090588
2010-10-10 17:00:00,1.5149285714285714,0.8733135418684781,1.0088319,0.9490412944435754,0.4815666666666667,0.8637046771070607
2010-10-10 18:00:00,1.4678695652173914,0.8041144734218486,1.0035247,1.3294418510465489,0.6803333333333333,0.8278276266598803
2010-10-10 19:00:00,2.4755714285714285,1.5522513629893806,1.6590239,2.134411567262969,2.2455384615384615,1.4151732644117387
2010-10-10 20:00:00,2.316162162162162,1.6374953365423581,1.6945618,1.2000259618275784,2.3436774193548384,1.5009405874833615
2010-10-10 21:00:00,2.7536,1.7764899996373489,1.827399,2.1150426125461426,2.348078431372549,1.732567412865034
2010-10-10 22:00:00,1.0586521739130434,1.6575069468237718,1.4865398,2.207738339225311,1.380301886792453,1.5391281823506457
2010-10-10 23:00:00,0.5145333333333333,1.0140303231651255,1.0148742,1.5537686387368652,1.4159,1.3395148456916384
2010-10-11 00:00:00,0.4487333333333333,0.5474529295061352,0.60308063,0.30235253265879714,0.9609333333333333,0.6889958752215724
2010-10-11 01:00:00,0.444204081632653,0.49693799458274457,0.50427604,0.1877328410908511,0.8805999999999999,0.6451168670969937
2010-10-11 02:00:00,0.44289999999999996,0.46976640275444476,0.40243286,0.29057444153299616,0.8617,0.6128209350414486
2010-10-11 03:00:00,0.45055999999999996,0.4900348665074461,0.47543013,0.34585623924192654,0.8580363636363636,0.79581254264656
2010-10-11 04:00:00,0.8806999999999999,0.49419245386418076,0.5515194,0.5259638197355527,0.8580666666666666,0.7983973239427309
2010-10-11 05:00:00,0.9417333333333333,0.4374697016760051,0.49290913,0.4730695930362513,0.8383,0.7764086614495578
2010-10-11 06:00:00,2.095095238095238,0.9051715363336704,0.7649075,0.3294054724206482,1.1786666666666668,0.7405589272172263
2010-10-11 07:00:00,1.6553,1.690177559286001,1.7023948,2.2533291848218298,2.5559245283018868,1.221122237795863
2010-10-11 08:00:00,1.5181632653061226,1.6248152708856107,1.6114593,1.5175629119620695,2.0546785714285716,1.2351779789084716
2010-10-11 09:00:00,1.0574333333333332,1.3767117309002526,1.486732,1.6585670954704541,1.995017543859649,1.1410810398073727
2010-10-11 10:00:00,0.39325,1.2028471682111426,1.284387,1.1715856073881095,1.3338999999999999,1.079013398670674
2010-10-11 11:00:00,0.6092222222222223,1.0497156701156594,1.0390407,1.0171103639765657,0.6213571428571428,0.942688410140425
2010-10-11 12:00:00,0.5172203389830509,1.3591185129170607,1.1283467,1.5498904607678292,1.8182272727272726,1.0279244626177422
2010-10-11 13:00:00,0.9820000000000001,1.0737127856302238,1.0424445,0.6298749511089494,0.7096,0.7650306718539629
2010-10-11 14:00:00,0.5881379310344828,0.8762094186165121,0.6617438,0.5820795900615022,0.4646909090909091,0.8393495291828633
2010-10-11 15:00:00,0.4349,0.7233907239431298,0.53972286,0.36018814506845065,0.3916,0.7390798544176096
2010-10-11 16:00:00,0.9638666666666666,0.5335222278504425,0.57163024,0.5281905296661235,0.39926666666666666,0.7367045652666874
2010-10-11 17:00:00,0.7316,0.5967236058542739,0.5934189,0.81491993512854,0.35978571428571426,0.6907486087717819
2010-10-11 18:00:00,2.101,1.1578883972046385,1.195175,0.9164384826988773,1.6341481481481481,1.010659122319754
2010-10-11 19:00:00,2.230771929824561,1.444053312011451,1.5684168,1.4993827600370997,1.8766530612244898,1.4993462381158933
2010-10-11 20:00:00,1.9669696969696968,1.71351333801701,1.8690878,1.870186797476991,2.4367,1.7163262975501585
2010-10-11 21:00:00,1.4731525423728813,1.399262332241488,1.4450282,2.009145084237697,1.2079574468085106,1.46298829437553
2010-10-11 22:00:00,0.5933559322033899,1.0767631102603357,1.2273594,0.9543913772538931,0.5482,1.1730914345162584
2010-10-11 23:00:00,0.39453333333333335,0.8666081597262401,0.7064072,0.293541650510477,0.44349999999999995,0.9675618601873143
2010-10-12 00:00:00,0.39763333333333334,0.4643551487049356,0.48396063,0.32181132287676484,0.8594333333333334,0.7043499469280636
2010-10-12 01:00:00,0.4686333333333333,0.44992287513684204,0.49907437,0.41877717487568644,0.5165454545454545,0.683876046904364
2010-10-12 02:00:00,0.3374666666666667,0.4323130621421666,0.44283807,0.30538835797188224,0.358,0.5117716061305984
2010-10-12 03:00:00,0.33383333333333337,0.41880459114529633,0.43055987,0.15472754152283574,0.30883333333333335,0.5980492338587301
2010-10-12 04:00:00,0.45113333333333333,0.40740394006113384,0.42020077,0.26383586146716187,0.3718,0.6803115366824217
2010-10-12 05:00:00,1.1301666666666668,0.4451822790550974,0.4534802,0.36642621708534107,0.43066666666666664,0.7190003116044839
2010-10-12 06:00:00,2.4010980392156864,0.9057501838912019,0.9026558,0.5850488336134106,0.7420333333333333,0.8204962224400869
2010-10-12 07:00:00,1.6583103448275862,1.6355501502889616,1.7217723,2.5886794490549487,1.9793684210526314,1.3864675113301783
2010-10-12 08:00:00,1.6330196078431374,1.4785191341984898,1.5470403,1.7286506913738182,1.4592142857142858,1.3129128733890751
2010-10-12 09:00:00,1.8285666666666667,1.4290928509205931,1.5079843,1.635299205863349,1.8144912280701755,1.365456418143141
2010-10-12 10:00:00,0.8772244897959184,1.4744253733214985,1.499617,1.5579366674548718,1.7669230769230768,1.502085041246604
2010-10-12 11:00:00,1.5296956521739131,1.406509864598665,1.4844291,1.5515770963167492,1.7091186440677966,1.3869832753194262
2010-10-12 12:00:00,0.8567,1.3389184300003854,1.3939731,1.5767370890215204,1.6843508771929825,1.29454064132586
2010-10-12 13:00:00,0.4580666666666667,1.3248298628552817,1.2146701,1.4769972203314845,1.4119285714285714,0.980279446434497
2010-10-12 14:00:00,0.47308,1.1929987513809446,1.1379497,1.0546580266942245,1.7429803921568627,0.9958194281574898
2010-10-12 15:00:00,0.41600000000000004,1.1557763736910913,1.1673337,0.6970474145376973,1.9837916666666666,0.9855534365700053
2010-10-12 16:00:00,0.41026666666666667,1.1211077383558847,1.0372459,0.9542161989545699,1.0179649122807017,0.895189711999823
2010-10-12 17:00:00,0.6870810810810811,0.7552186296539515,0.7822079,0.4799685448315626,0.6083666666666667,0.6643435972557735
2010-10-12 18:00:00,1.7917916666666667,0.8373454891693111,0.99665016,0.2969046892960431,0.7721666666666667,0.8945393495633707
2010-10-12 19:00:00,1.9102,1.6028273393248822,1.7787149,1.8117217630109996,1.5145,1.5504258248528457
2010-10-12 20:00:00,1.3085666666666667,1.9288925621099378,1.8991042,2.449788260776449,2.3195,1.7588302044664912
2010-10-12 21:00:00,1.2893000000000001,1.4144147021759863,1.7102954,1.2803687508855583,1.9454615384615386,1.579189154610336
2010-10-12 22:00:00,0.6927,1.3378578905014038,1.3073121,0.9269269106242782,1.4242,1.166407962718109
2010-10-12 23:00:00,0.38376666666666664,0.9944872543093275,0.9081416,0.6506370977768303,1.0050999999999999,0.9967913376954389
2010-10-13 00:00:00,0.45859999999999995,0.47407397058469736,0.47243407,0.04859053464043617,0.8750666666666667,0.7462016324534786
2010-10-13 01:00:00,0.3169666666666667,0.4718265445616799,0.43832225,0.2639325446843026,0.6805666666666668,0.6278665440665463
2010-10-13 02:00:00,0.36466666666666664,0.46042845206197136,0.46421605,0.40735537230090024,0.9105714285714285,0.6155771244361062
2010-10-13 03:00:00,0.9848,0.44927975214838917,0.50215405,0.24692296514472722,0.4594,0.5400635817935988
2010-10-13 04:00:00,0.4641,0.46036488997244923,0.4690584,0.1395998315322553,0.37279999999999996,0.5050317679847046
2010-10-13 05:00:00,0.9301333333333334,0.4524617210662379,0.45874307,0.1535963553147911,0.3503928571428571,0.5309990392006009
2010-10-13 06:00:00,2.7333617021276595,0.9109089762833866,0.801909,0.45677428505358375,0.7513333333333333,0.7640534113730858
2010-10-13 07:00:00,2.1322745098039215,2.0309024867456635,1.965941,2.2955316838766024,2.3867599999999998,1.6963928291322017
2010-10-13 08:00:00,1.569263157894737,1.4156198465156076,1.5653619,1.6593799337994375,1.4875471698113207,1.371254660912359
2010-10-13 09:00:00,1.6296818181818182,1.3139963115847335,1.3581048,1.182462257921041,1.4996491228070177,1.3446163966339415
2010-10-13 10:00:00,1.499448275862069,1.170554747900997,1.1774656,1.0821923778314737,1.1807,1.151128765695229
2010-10-13 11:00:00,1.6007666666666667,1.222307329445363,1.1104848,0.9924013302430927,0.5537333333333333,0.9521380564065332
2010-10-13 12:00:00,1.47576,1.1029890411379761,1.0042695,0.6893346978617956,0.8956999999999999,0.8510543126097724
2010-10-13 13:00:00,1.5644313725490195,0.9161243043282209,0.89121544,0.5617475507429955,0.5153333333333333,0.6991198432132986
2010-10-13 14:00:00,1.6115769230769232,1.2147453848727423,0.8969792,0.6679016323782176,0.8986666666666667,0.8853760007098599
2010-10-13 15:00:00,1.5138214285714287,0.9692182267286761,0.98859364,0.9464152469371845,0.33549999999999996,0.9641662558400462
2010-10-13 16:00:00,1.4669803921568627,1.002174151638166,0.987214,1.134273654525384,1.0196666666666667,0.9676291735387292
2010-10-13 17:00:00,0.9541090909090909,1.193705150561985,1.1730148,1.106908699970779,0.5843214285714285,0.9066931773632169
2010-10-13 18:00:00,1.9071320754716983,1.0423952610945861,1.035246,0.9807263787539252,0.8464666666666667,1.060683649554517
2010-10-13 19:00:00,2.3068421052631582,1.2875265580069684,1.3764907,1.78841941911334,0.5906,1.1542728832251796
2010-10-13 20:00:00,1.8897021276595745,1.5400091977148218,1.6519438,1.5955717874502917,0.32639999999999997,1.2582490034817464
2010-10-13 21:00:00,1.9598571428571427,1.408996684076972,1.5217445,1.3177920053227048,0.5047407407407407,1.1630419849135032
2010-10-13 22:00:00,0.3708666666666666,1.3118599777052007,1.4489094,1.5696894720203924,1.9825283018867925,1.3914119415394306
2010-10-13 23:00:00,0.37043333333333334,1.1269523523055787,1.146576,1.0665140631025647,1.2147333333333334,1.1682054086558997
2010-10-14 00:00:00,0.47763333333333335,0.45394350594729604,0.5192863,0.6237166663134743,1.0243666666666666,0.8176528550154941
2010-10-14 01:00:00,0.3412,0.4071328917327975,0.46448213,0.3456163467779002,0.38563333333333333,0.6153864518515181
2010-10-14 02:00:00,0.3867333333333333,0.40650457285306274,0.45718133,0.3694477661385913,0.3672068965517241,0.5835116247299303
2010-10-14 03:00:00,0.3780333333333334,0.38183445505912295,0.4090745,0.35802697947751905,0.35553333333333337,0.5357839650589169
2010-10-14 04:00:00,0.4393333333333333,0.3753548522604974,0.41388345,0.3935967220516291,0.3215,0.5500086471537685
2010-10-14 05:00:00,1.1876,0.38853431956467793,0.40764362,0.3158876752682396,0.35167272727272725,0.6029920824261403
2010-10-14 06:00:00,2.669512195121951,0.9170373607950287,0.8186258,0.596710372782443,1.0221379310344827,0.9366569583092448
2010-10-14 07:00:00,1.6489999999999998,1.803348655311927,1.9042046,1.745917917145119,1.9995333333333332,1.6889992399225922
2010-10-14 08:00:00,2.419,1.4597722849215602,1.4598241,1.814432125738361,1.630607142857143,1.354112228371731
2010-10-14 09:00:00,1.7930689655172414,1.3784389984196233,1.3288412,1.8666448513519098,1.3298571428571428,1.2259107259013702
2010-10-14 10:00:00,0.9769259259259259,1.0896655071476402,1.2219621,0.9057579337161286,0.3074333333333333,0.9635268851170274
2010-10-14 11:00:00,0.9460666666666667,1.2660454336103535,1.237566,1.05913451109161,1.1473684210526316,0.9989508911132637
2010-10-14 12:00:00,1.2267666666666666,1.4273857237706773,1.3998295,1.290628645136725,2.1239333333333335,1.1091883037143
2010-10-14 13:00:00,1.8483508771929824,1.2460955739066797,1.3289281,1.9569981719689475,1.7285818181818182,1.0731518271434535
2010-10-14 14:00:00,0.6249166666666667,1.2838775757608218,1.2544341,1.8672432762697342,1.4842333333333333,1.079423252762155
2010-10-14 15:00:00,0.8945964912280702,1.1914633693986758,1.180484,1.418838875908253,1.5173214285714285,1.0158271230141314
2010-10-14 16:00:00,0.41783333333333333,0.9960581585987087,0.96286285,1.1204748436526435,0.8111428571428572,0.897336325320335
2010-10-14 17:00:00,0.5004651162790698,0.7363382304175677,0.75887525,0.5497381392154594,0.35850000000000004,0.693032213888305
2010-10-14 18:00:00,2.892875,1.4699438013121318,1.4350605,1.6041671374306556,1.3071,0.984396756629659
2010-10-14 19:00:00,2.7732,1.3013492078828326,1.3506737,1.1882182287973921,1.464372093023256,1.2113472237350063
2010-10-14 20:00:00,2.540857142857143,1.7458183126491216,1.7472788,1.777409374045505,2.65464406779661,1.403526720594925
2010-10-14 21:00:00,1.848054054054054,1.6945638856582834,1.6775987,1.7246598548709295,2.6635438596491228,1.443575902412419
2010-10-14 22:00:00,0.5537666666666666,1.0911346379752125,0.7788754,0.921222738332317,1.0564827586206897,1.1889566049511984
2010-10-14 23:00:00,0.4012333333333334,0.8859476100016481,0.5408045,0.22493796695616863,0.7777666666666667,0.9668474431043648
2010-10-15 00:00:00,0.4035593220338983,0.5569363282598743,0.5503004,0.40058699768621897,0.6089333333333333,0.6277752342383918
2010-10-15 01:00:00,0.4409666666666667,0.5070583838442406,0.45893878,0.3823447729422307,0.37006666666666665,0.5016898734831419
2010-10-15 02:00:00,0.32880000000000004,0.49896060125510516,0.45397085,0.321236685932349,0.3442,0.4990090411886162
2010-10-15 03:00:00,0.3322333333333333,0.4920784593601212,0.466545,0.3296255464853347,0.39343333333333336,0.6463895584093611
2010-10-15 04:00:00,0.43626666666666664,0.45814148955488493,0.48931268,0.2274986454350021,0.36926666666666663,0.5648409866778479
2010-10-15 05:00:00,0.9174285714285715,0.5225150963300317,0.5938231,0.40439809186075937,0.9103333333333333,0.7208316109942856
2010-10-15 06:00:00,1.9898983050847456,1.1384756426293483,1.014482,1.0571325289423594,1.2225423728813558,1.028622220342143
2010-10-15 07:00:00,1.844867924528302,1.9844644610770659,1.9348207,1.5475173803493711,2.386566037735849,1.7555504256737124
2010-10-15 08:00:00,1.5839666666666665,1.3801319747426677,1.519176,1.506018745199942,1.415122807017544,1.3685904895190764
2010-10-15 09:00:00,1.5488979591836736,1.2724323670355107,1.3824254,1.2856571940718138,1.4495333333333333,1.120316813092595
2010-10-15 10:00:00,1.7785416666666667,1.0326409098695342,0.94623303,1.185546599111454,1.0825818181818183,0.8227575257525406
2010-10-15 11:00:00,1.1246315789473684,1.1759467958297627,1.242665,1.073623964469953,0.7739298245614035,0.9451581158362611
2010-10-15 12:00:00,1.4450204081632652,1.3780327781240762,1.3019956,0.9789863834709491,1.4211428571428573,1.2598891355645423
2010-10-15 13:00:00,1.4675333333333331,1.2265729015822249,0.99734163,1.1059328575034093,0.7937627118644068,1.027462456398709
2010-10-15 14:00:00,0.5948666666666667,1.0130608967698038,1.0356761,0.7167424964969022,0.39176923076923076,0.9329524848175283
2010-10-15 15:00:00,0.5263508771929825,0.7845702583222506,0.8388113,0.7087473310336289,0.4305384615384616,0.8423624438218515
2010-10-15 16:00:00,0.5196428571428572,0.9929686042851102,1.0283923,0.780268411702175,0.45840000000000003,0.9654867420599671
2010-10-15 17:00:00,1.5359230769230767,0.8482672831218945,0.90801597,0.7903829544831099,1.0036,0.8707503505567034
2010-10-15 18:00:00,1.7501071428571429,1.1838849979459498,1.1918875,0.9724608932309547,0.9443846153846154,1.1117013291842437
2010-10-15 19:00:00,1.419864406779661,1.3798202788435305,1.5667058,1.2731462037846013,1.6775094339622643,1.452358818714322
2010-10-15 20:00:00,1.1575,1.6004902305902928,1.5098002,1.4421452609730379,2.01,1.5861957090066952
2010-10-15 21:00:00,1.0036333333333334,1.7474496997849804,1.834427,1.510357083271038,1.78025,1.6613836691895547
2010-10-15 22:00:00,0.38104,1.1488545316443757,1.168009,1.056981508726049,0.6566333333333334,1.028560279836243
2010-10-15 23:00:00,0.32736666666666664,0.9076003473616981,0.6799591,0.30586918056735457,0.52,0.8751677044429358
2010-10-16 00:00:00,0.3091333333333333,0.417375783102226,0.5026693,0.4188104658995041,0.5206333333333333,0.690571517272937
2010-10-16 01:00:00,0.4311666666666667,0.4022165373848503,0.4710554,0.42354298547108216,0.46199999999999997,0.6665968123399257
2010-10-16 02:00:00,0.3812,0.38928892505184076,0.4868605,0.26116984306721525,0.44806666666666667,0.6233247326925093
2010-10-16 03:00:00,0.3765,0.4162849116976634,0.5146072,0.4932357197226751,0.4321,0.7545182354117956
2010-10-16 04:00:00,0.3411666666666667,0.4472100642933865,0.5120622,0.2619816707827787,0.3716666666666667,0.7032481067208096
2010-10-16 05:00:00,0.7945333333333333,0.45252468211751146,0.49153918,0.152840869350364,0.43496666666666667,0.8053342595733117
2010-10-16 06:00:00,2.1443999999999996,1.0198958850001825,0.86492074,0.5680016601183286,0.937896551724138,1.0773181740913313
2010-10-16 07:00:00,1.926290909090909,2.0000024679971484,2.0835536,2.221749962472431,2.1577407407407407,1.823378816245932
2010-10-16 08:00:00,0.9703999999999999,1.4514534818398943,1.6084188,1.8343633819292897,1.5817543859649121,1.5189682754374887
2010-10-16 09:00:00,1.7711372549019608,1.1977711503055148,1.2696022,1.416653835033093,1.1513666666666666,1.1483585663304297
2010-10-16 10:00:00,1.3443666666666667,1.0418437705086294,1.0212106,0.9207598474754861,0.41141379310344833,0.8394722961362482
2010-10-16 11:00:00,0.7357,1.022276725174064,1.0634251,1.2232613308294362,0.5526808510638298,0.8958515488933332
2010-10-16 12:00:00,0.35850000000000004,0.9542067843927436,1.0477227,1.0147703189430004,0.457,0.9774357604243694
2010-10-16 13:00:00,0.4908,1.1909685668011123,1.3228229,1.027906321072049,1.5823018867924528,1.1488130684263085
2010-10-16 14:00:00,0.37156666666666666,1.320752737992087,1.2247431,1.4437728498133007,0.9718260869565217,1.2498733627862797
2010-10-16 15:00:00,0.317,1.4583068413363902,1.6002395,1.3752131870360433,1.510212765957447,1.418820671688218
2010-10-16 16:00:00,0.41803333333333337,1.4666545694711826,1.4563102,2.199940734213442,1.655,1.33302731627092
2010-10-16 17:00:00,0.3341333333333333,1.3900164454300994,1.4436986,1.8661960792812486,0.97324,1.1514774564841508
2010-10-16 18:00:00,0.373,1.2524709911265555,1.374388,1.8789056303650462,1.3453684210526318,1.1608139103082034
2010-10-16 19:00:00,0.8722333333333333,1.4182837633636405,1.6667877,2.4787684238650476,1.8583749999999999,1.558360327869377
2010-10-16 20:00:00,0.38303333333333334,1.5564043889818096,1.9575893,1.8178179196212958,1.6389333333333334,1.669919466012742
2010-10-16 21:00:00,0.38955172413793104,1.6146165853103367,1.7727425,1.574330636915878,1.6620400000000002,1.7162210414444645
2010-10-16 22:00:00,0.34476666666666667,1.373693302700035,1.3448238,1.8030332567897587,1.3904333333333334,1.2603433914199402
2010-10-16 23:00:00,0.3717333333333333,0.9270957870665064,0.8755384,1.0678918270336362,0.6326296296296297,1.0441793398455859
2010-10-17 00:00:00,0.33290000000000003,0.7174176777190908,0.51645154,0.6431209494562664,0.8864,0.6611866919544431
2010-10-17 01:00:00,0.4126,0.6533396234732589,0.58966506,0.5746332047150744,0.4669666666666667,0.6351333890983181
2010-10-17 02:00:00,0.31310000000000004,0.5700632043339084,0.5193938,0.44560975800472,0.46729411764705886,0.6371535921715867
2010-10-17 03:00:00,0.3627666666666666,0.5503879947361041,0.4871312,0.2891862234791063,0.44109999999999994,0.6666798020563618
2010-10-17 04:00:00,0.3623333333333333,0.5519994845772286,0.48529902,0.1704471014849196,0.52252,0.7139109991376794
2010-10-17 05:00:00,1.0407333333333333,0.5440543762927927,0.5790457,0.2865424075433137,0.4273666666666667,0.7701585868567292
2010-10-17 06:00:00,0.3727,0.8283487477255101,0.72625405,0.27082346395669155,0.4357666666666667,0.857821215842645
2010-10-17 07:00:00,0.3803,1.2390711308971236,1.1218503,1.0030024349141409,0.7048666666666666,1.220608394354757
2010-10-17 08:00:00,0.37629999999999997,1.289748340845029,1.1827726,1.264557560553584,0.9307,1.2104441450649313
2010-10-17 09:00:00,0.3289666666666667,1.3084004673731002,1.2378644,1.7102909888557565,0.9249333333333334,1.2211241081756665
2010-10-17 10:00:00,0.3000666666666667,1.5214970752086945,1.2889256,2.1618946309957496,0.8739,1.2002884800645588
2010-10-17 11:00:00,0.31323333333333336,1.5965281695564668,1.5717748,2.4228406981050115,1.8442564102564103,1.405170979300777
2010-10-17 12:00:00,0.3651666666666667,1.3942997032541444,1.5214257,1.780491262756864,2.139157894736842,1.2723922087881203
2010-10-17 13:00:00,0.3988627450980392,1.3019656178935741,1.4721906,1.2491684957085847,1.5452542372881357,1.1804464292226968
2010-10-17 14:00:00,0.37656666666666666,1.1957638980990821,1.2423358,1.5904278995956367,0.9342692307692307,1.0227457940326128
2010-10-17 15:00:00,1.1914333333333333,0.9330372582032956,1.124363,1.0862293197212736,0.5263,0.9559262915898079
2010-10-17 16:00:00,0.49260000000000004,1.062586588845483,1.1130348,0.7899625538502171,0.7665116279069768,1.0395510480259007
2010-10-17 17:00:00,0.5668333333333333,1.2102090000182963,1.3575635,1.398720061039806,1.5149285714285714,1.1266115026373746
2010-10-17 18:00:00,1.4272777777777776,1.326957287879627,1.5473235,1.490462733440551,1.4678695652173914,1.27432222420224
2010-10-17 19:00:00,1.8986341463414633,1.7388977136475214,1.8477876,2.127052113962509,2.4755714285714285,1.8589317872391087
2010-10-17 20:00:00,2.1380666666666666,1.9359760388927134,2.02056,2.4200199497269343,2.316162162162162,1.8810475155339839
2010-10-17 21:00:00,0.9011,1.5916398291948648,1.629443,1.6696673911477788,2.7536,1.9426704359513582
2010-10-17 23:00:00,1.13832,1.08354861784902,1.248525,2.0606087270240963,1.0586521739130434,1.305144943032392
2010-10-18 00:00:00,0.5301333333333333,0.6853390164729233,0.6198431,0.548757902729573,0.5145333333333333,0.6674261780305506
2010-10-18 01:00:00,0.3841,0.6814056311327854,0.67712164,0.47718834156932444,0.4487333333333333,0.6231145077311482
2010-10-18 02:00:00,0.3213666666666667,0.5646188618326692,0.5694573,0.6278903943472106,0.444204081632653,0.5898935824641862
2010-10-18 03:00:00,0.3314333333333333,0.5311196463977799,0.5528121,0.5212689970792901,0.44289999999999996,0.6174510868715108
2010-10-18 04:00:00,0.43443333333333334,0.5324725150981238,0.47624505,0.4224568963957903,0.45055999999999996,0.6466026944161786
2010-10-18 05:00:00,0.3197,0.5457160668369322,0.6026622,0.3665329956362027,0.8806999999999999,0.8415387720712235
2010-10-18 06:00:00,0.7896,1.0161321780762878,0.8752192,0.7196760017296089,0.9417333333333333,0.870001403960091
2010-10-18 07:00:00,2.1595238095238094,1.691664123846153,1.7086385,1.8577660962215568,2.095095238095238,1.219646111505965
2010-10-18 08:00:00,2.057875,1.5762533473848461,1.5675753,1.9209965483754807,1.6553,1.460590137364907
2010-10-18 09:00:00,2.396434782608696,1.4974917186927823,1.5381192,1.6312065372627633,1.5181632653061226,1.2768412490102676
2010-10-18 10:00:00,1.6976666666666669,1.2014156333294113,1.1896888,1.280839729484403,1.0574333333333332,1.1079048570700447
2010-10-18 11:00:00,2.197777777777778,0.9570775297862872,0.8836899,0.8551357033294971,0.39325,0.7594033538453
2010-10-18 12:00:00,2.7647692307692306,0.817776494216023,0.67729205,0.3774149071124161,0.6092222222222223,0.8553785739822397
2010-10-18 13:00:00,2.0601290322580645,1.2087012345170751,0.91496766,0.5841471446520426,0.5172203389830509,1.054864440875364
2010-10-18 14:00:00,1.649125,0.9014755550056235,0.80796677,0.7524820449487593,0.9820000000000001,1.0465912647110378
2010-10-18 15:00:00,0.5180666666666667,0.9454235660802658,0.7585936,0.4196098052891706,0.5881379310344828,0.8922368387541836
2010-10-18 16:00:00,0.46040000000000003,0.6522174335933413,0.65673524,0.17329188605407764,0.4349,0.8182742586318741
2010-10-18 17:00:00,0.651322033898305,0.9834560026635398,0.90554833,0.6587245410853844,0.9638666666666666,0.9804243018860461
2010-10-18 18:00:00,1.347904761904762,1.0791509378043724,0.98068935,0.681671781022356,0.7316,1.0427508709156021
2010-10-18 19:00:00,2.574896551724138,1.670485104612479,1.7039675,1.3891831857493604,2.101,1.5076989995811383
2010-10-18 20:00:00,2.3969811320754717,1.9613751223495455,2.0319521,1.890613379911383,2.230771929824561,1.7521852275071614
2010-10-18 21:00:00,2.5964137931034483,1.8340530266680357,1.7412276,1.9850301749177395,1.9669696969696968,1.761999480410441
2010-10-18 22:00:00,2.5095,1.2343765026965592,1.1120684,0.7769153070981792,1.4731525423728813,1.3556162444811541
2010-10-18 23:00:00,1.7402666666666666,0.9294859494813124,0.81837785,0.7314130020324254,0.5933559322033899,0.9091877842030621
2010-10-19 00:00:00,1.457921568627451,0.4271744366018346,0.40048906,0.32881360041365815,0.39453333333333335,0.467889641496286
2010-10-19 01:00:00,0.6851,0.4020638026509339,0.34184793,0.2097667084495578,0.39763333333333334,0.5326636412139742
2010-10-19 02:00:00,0.31743333333333335,0.3643881558860416,0.46140707,0.35595414434149086,0.4686333333333333,0.5415921235635177
2010-10-19 03:00:00,0.3078,0.3788316199709307,0.44171843,0.34009877494380414,0.3374666666666667,0.5404670613529452
2010-10-19 04:00:00,0.3700740740740741,0.39517768550078225,0.46662328,0.346914192796567,0.33383333333333337,0.5689092873759223
2010-10-19 05:00:00,0.3994666666666667,0.4254263013260568,0.5015367,0.4358115207012564,0.45113333333333333,0.7401802059187397
2010-10-19 06:00:00,0.9605862068965517,0.8107985246967333,0.7821579,0.6287479068270738,1.1301666666666668,0.902221750353323
2010-10-19 07:00:00,2.7522272727272727,1.9612726505979365,1.8796434,2.8483397463282785,2.4010980392156864,1.4518194834645497
2010-10-19 08:00:00,1.8137254901960784,1.5941364605986375,1.6880132,1.9799714995645563,1.6583103448275862,1.4560243646130293
2010-10-19 09:00:00,1.6196603773584906,1.4642734326549456,1.3954135,1.7090439470346104,1.6330196078431374,1.310011549242097
2010-10-19 10:00:00,0.5600714285714286,1.4412258072009732,1.5389867,1.6247028591777872,1.8285666666666667,1.308320668084827
2010-10-19 11:00:00,1.7102264150943396,1.273206784294169,1.2805777,1.5791505134437687,0.8772244897959184,1.0103594998045653
2010-10-19 12:00:00,1.0873898305084746,1.4460856291303212,1.3859117,1.688477889167645,1.5296956521739131,1.135821600437169
2010-10-19 13:00:00,0.5172333333333333,1.1119192107057867,1.1401393,0.9558191014344298,0.8567,1.0284075740413985
2010-10-19 14:00:00,0.4046,1.062638494333416,0.9169784,0.43304032692342065,0.4580666666666667,0.9217447145756876
2010-10-19 15:00:00,0.4017666666666667,0.9617837144185805,0.8919698,0.5050261340244496,0.47308,0.8648636749924834
2010-10-19 16:00:00,0.4735,1.017916584294103,0.923999,0.6341733347869938,0.41600000000000004,0.8534185987329483
2010-10-19 17:00:00,0.6713877551020407,0.7813638374895802,0.82819617,0.7005621849202228,0.41026666666666667,0.8401036438893978
2010-10-19 18:00:00,2.688,0.9694129348488154,1.0825609,0.8483104642963595,0.6870810810810811,0.8966612356075752
2010-10-19 19:00:00,2.504238095238095,1.4351343017115266,1.6249235,1.527786411793962,1.7917916666666667,1.4980800029827135
2010-10-19 20:00:00,2.3585263157894736,1.7199855616924287,1.892571,2.172036391110181,1.9102,1.7372400154223653
2010-10-19 21:00:00,2.1216999999999997,1.6908073512022788,1.7673674,2.4255145340639253,1.3085666666666667,1.6528162815292793
2010-10-19 22:00:00,1.3266333333333333,1.328208743138236,1.4171342,1.268794545237639,1.2893000000000001,1.46626173642748
2010-10-19 23:00:00,0.7211333333333333,0.8840091527268511,0.85030514,0.7078826860846769,0.6927,1.000784629889438
2010-10-20 00:00:00,1.0303333333333333,0.40025964587193774,0.43293092,0.19905728342020435,0.38376666666666664,0.5659849458601864
2010-10-20 01:00:00,0.39339999999999997,0.35956618780106053,0.42042407,0.20573943056419997,0.45859999999999995,0.535336834011328
2010-10-20 02:00:00,0.32939999999999997,0.36700018762755865,0.39675993,0.21365545760810445,0.3169666666666667,0.5161502524233008
2010-10-20 03:00:00,0.4425666666666667,0.3648892582656654,0.3745889,0.24988416279754688,0.36466666666666664,0.5941039531380197
2010-10-20 04:00:00,0.31930000000000003,0.4233980025411608,0.4166947,0.3206144748534743,0.9848,0.695115023181295
2010-10-20 05:00:00,0.3124333333333333,0.39566626354602924,0.4518187,0.3829902663125928,0.4641,0.6915167267245053
2010-10-20 06:00:00,0.9232333333333334,0.8948018946249509,0.882291,0.8789002532743917,0.9301333333333334,0.8566021969917875
2010-10-20 07:00:00,2.696,2.0322175315195734,2.0535922,2.916718007030563,2.7333617021276595,1.6241268138925071
2010-10-20 08:00:00,1.8684666666666667,1.7428527405113223,1.8223675,1.8891402688668055,2.1322745098039215,1.696381395549953
2010-10-20 09:00:00,1.8460666666666665,1.358185635368284,1.3296998,1.4015564585208455,1.569263157894737,1.296370339835404
2010-10-20 10:00:00,1.9378076923076923,1.2649302102806264,1.3208451,1.0551820203422537,1.6296818181818182,1.2882131147643587
2010-10-20 11:00:00,1.8959333333333332,1.3390538469656232,1.3490741,1.5005448439357845,1.499448275862069,1.0621957898011494
2010-10-20 12:00:00,1.390542372881356,1.3048107244787992,1.4038001,1.1819597236945545,1.6007666666666667,1.0437521535539271
2010-10-20 13:00:00,0.40853333333333336,1.3128605416140695,1.3727502,1.5422931712251393,1.47576,0.9347148865992286
2010-10-20 14:00:00,0.502140350877193,1.1756659545258656,1.2340883,0.8860148110128222,1.5644313725490195,0.8788022248728975
2010-10-20 15:00:00,0.4646545454545455,0.9500029077890949,0.9512506,0.7466412996852951,1.6115769230769232,0.918463741524092
2010-10-20 16:00:00,0.33186666666666664,0.8371527889592979,0.97780406,0.8031360975189878,1.5138214285714287,0.8684359914522668
2010-10-20 17:00:00,0.33213333333333334,0.975589362699382,1.1101274,1.1763263949164748,1.4669803921568627,0.9738690008220596
2010-10-20 18:00:00,0.7583673469387754,0.9569871552719736,1.0656502,0.9076427844538932,0.9541090909090909,0.8823540613273992
2010-10-20 19:00:00,2.1451724137931034,1.3589679856006207,1.5651592,2.0568433391084007,1.9071320754716983,1.4285522279922938
2010-10-20 20:00:00,2.2641428571428572,1.8681561271281988,1.9215398,1.6690008853720113,2.3068421052631582,1.5612846853937161
2010-10-20 21:00:00,2.3222916666666666,1.1959616096705448,1.508644,0.9207439517449146,1.8897021276595745,1.3494226555174196
2010-10-20 22:00:00,1.3734615384615385,1.3417005789720384,1.3587624,1.1270728081714199,1.9598571428571427,1.25307085270633
2010-10-20 23:00:00,0.7799999999999999,0.7754105804384591,0.8097155,0.6614508768781511,0.3708666666666666,0.9138195071451876
2010-10-21 00:00:00,0.4468,0.45329747111804936,0.43337485,0.1602504597936658,0.37043333333333334,0.4806039218333201
2010-10-21 01:00:00,0.4574583333333333,0.40743084612615554,0.41544995,0.28927403702875465,0.47763333333333335,0.5195777429369879
2010-10-21 02:00:00,0.4378666666666666,0.3979613449117227,0.40068007,0.25257517500938675,0.3412,0.43695186284141874
2010-10-21 03:00:00,0.3406333333333333,0.3784459392680408,0.42566118,0.25310341270634906,0.3867333333333333,0.5089853849792882
2010-10-21 04:00:00,0.341,0.41887661302655776,0.39642498,0.29724965207139376,0.3780333333333334,0.636233906484736
2010-10-21 05:00:00,1.0228666666666666,0.4558423913294148,0.508238,0.425178674509449,0.4393333333333333,0.639632391652199
2010-10-21 06:00:00,0.8338076923076922,0.8363032882657556,0.8330207,0.6272556462255738,1.1876,0.873457078037772
2010-10-21 07:00:00,2.2259583333333333,1.994686079020072,1.9347782,2.5574474257872586,2.669512195121951,1.7076389940671897
2010-10-21 08:00:00,1.2261666666666668,1.582425409321016,1.5762712,1.5214720987691184,1.6489999999999998,1.5561622023737107
2010-10-21 09:00:00,0.3173333333333333,1.6592194105115288,1.5444117,1.5226800685793065,2.419,1.4803039171318777
2010-10-21 10:00:00,0.3232333333333334,1.3167309871427637,1.3143376,1.0748555138061473,1.7930689655172414,1.3796112499043174
2010-10-21 11:00:00,0.3919666666666667,1.03910739547611,1.0473535,0.715262006101763,0.9769259259259259,0.8777630839691448
2010-10-21 12:00:00,0.44666666666666666,1.0001853427674092,1.2318258,1.0259752272110898,0.9460666666666667,0.995218139101118
2010-10-21 13:00:00,0.38803333333333334,1.4868012846015808,1.4081016,1.1902503317456454,1.2267666666666666,1.0728120079780032
2010-10-21 14:00:00,0.46062068965517244,1.2133154301225764,1.0784454,1.370916727485167,1.8483508771929824,1.1708708363262543
2010-10-21 15:00:00,0.32703333333333334,1.2096623171946435,1.025503,1.240416296811174,0.6249166666666667,1.003414972947333
2010-10-21 16:00:00,0.9159333333333334,1.3180783264102827,1.0826622,1.0094743428479134,0.8945964912280702,1.0159217139973091
2010-10-21 17:00:00,0.36683333333333334,0.8123823926657127,0.8989348,0.7156197794278465,0.41783333333333333,0.8583315316248635
2010-10-21 18:00:00,1.3011333333333333,0.8786739658354401,0.9071808,0.619803687401483,0.5004651162790698,0.8045989212018583
2010-10-21 19:00:00,1.6018545454545454,1.7558702609296537,1.541684,1.158549652566263,2.892875,1.6464234216147837
2010-10-21 20:00:00,1.7484897959183674,2.133081368296558,1.6120992,1.401009320028723,2.7732,1.9320351682324057
2010-10-21 21:00:00,2.5664878048780486,1.6150539292412294,1.6788483,1.2686833030769913,2.540857142857143,1.940999358272237
2010-10-21 22:00:00,1.9928666666666668,1.5418882019600826,1.2838113,0.6988500036292549,1.848054054054054,1.6447947701654868
2010-10-21 23:00:00,0.7646333333333334,1.0347611106008885,0.7908907,0.4675677432974136,0.5537666666666666,0.8463487317608598
2010-10-22 00:00:00,0.5243666666666666,0.5242347818301295,0.5757577,0.24383101455867084,0.4012333333333334,0.47815809432009604
2010-10-22 01:00:00,0.6322666666666666,0.5291645203077237,0.4470304,0.37651971755844515,0.4035593220338983,0.4626550102185297
2010-10-22 02:00:00,0.5181,0.45071361808627874,0.44727162,0.4061339723505174,0.4409666666666667,0.4833721426771813
2010-10-22 03:00:00,0.5205666666666667,0.4462900207393894,0.42763114,0.3308853261605559,0.32880000000000004,0.5091597741408787
2010-10-22 04:00:00,0.5208666666666667,0.4128778744550861,0.4223236,0.47616868780599764,0.3322333333333333,0.6261267012954754
2010-10-22 05:00:00,0.5856,0.48122851117733717,0.4366477,0.49239702601757285,0.43626666666666664,0.6806063926031518
2010-10-22 06:00:00,1.7437966101694915,0.976243591665629,0.9002316,0.6264535398833438,0.9174285714285715,0.9911526114331762
2010-10-22 07:00:00,2.2872,1.697001781938751,1.8761824,1.6192951735992216,1.9898983050847456,1.6669961465515974
2010-10-22 08:00:00,1.5222,1.6930525975247084,1.7322338,1.6042665578658482,1.844867924528302,1.701705391049148
2010-10-22 09:00:00,1.4795686274509803,1.438760618127344,1.6850299,1.1601642228777345,1.5839666666666665,1.5287076660949186
2010-10-22 10:00:00,1.3845999999999998,1.2512112770046422,1.4189472,1.1823125001547865,1.5488979591836736,1.4178120434897243
2010-10-22 11:00:00,1.373,1.351859468985499,1.3424791,1.4440718964063035,1.7785416666666667,1.2882208200218936
2010-10-22 12:00:00,1.5798571428571428,1.3209611170346909,1.20028,1.1111254894745906,1.1246315789473684,1.068952707691631
2010-10-22 13:00:00,1.4229615384615384,1.1567080958365406,1.2655871,0.6810656545566347,1.4450204081632652,1.1928692919353356
2010-10-22 14:00:00,1.456271186440678,1.1943554060093724,1.1988398,0.6731140212061191,1.4675333333333331,1.1989037071918103
2010-10-22 15:00:00,0.669921568627451,0.936253552851684,0.97464114,0.5973977061231918,0.5948666666666667,0.849380483939607
2010-10-22 16:00:00,1.0319591836734694,0.9058079463582074,0.943752,0.4326361572350985,0.5263508771929825,0.8277437588404184
2010-10-22 17:00:00,0.48210000000000003,0.767456518103587,0.89158595,0.6790975225530675,0.5196428571428572,0.7617236114960533
2010-10-22 18:00:00,0.7137,1.4082819997121954,1.3641297,1.0381453697190817,1.5359230769230767,1.1923437097739507
2010-10-22 19:00:00,1.3676842105263158,2.0166055214365177,1.8886665,0.9499736135104729,1.7501071428571429,1.6993377875337736
2010-10-22 20:00:00,1.3845,1.9025841344223102,1.890274,1.6680427127054351,1.419864406779661,1.6863522859141424
2010-10-22 21:00:00,1.8068936170212768,1.6480691524094133,1.8440007,1.7366606528066681,1.1575,1.5974127180947315
2010-10-22 22:00:00,1.0726666666666667,1.2027546796105106,1.2947332,0.9336871212460772,1.0036333333333334,1.3898789168824084
2010-10-22 23:00:00,0.31196666666666667,0.7788429221338756,0.6326792,0.6056196067324494,0.38104,0.7771332498374002
2010-10-23 00:00:00,1.4291666666666667,0.4087829422370515,0.47980103,0.40199582067161554,0.32736666666666664,0.5439407587939252
2010-10-23 01:00:00,0.36633333333333334,0.3871410833087825,0.45581362,0.362679733419359,0.3091333333333333,0.5825270109290916
2010-10-23 02:00:00,0.38976470588235296,0.40493901143259037,0.4399109,0.20333844006732937,0.4311666666666667,0.6444161309819538
2010-10-23 03:00:00,0.38813333333333333,0.47335756793928785,0.47488627,0.25100475528184085,0.3812,0.6557260490155399
2010-10-23 04:00:00,0.37733333333333335,0.48764447967104646,0.49419892,0.30891743748425105,0.3765,0.6721511114571971
2010-10-23 05:00:00,0.32753333333333334,0.4726371959866744,0.43421638,0.269195975384941,0.3411666666666667,0.6974372241254642
2010-10-23 06:00:00,0.6353000000000001,0.9065272416406832,0.8223574,0.6020518835746435,0.7945333333333333,0.9568564516660342
2010-10-23 07:00:00,2.22272,2.0639593147698623,1.9333999,2.0459332643635992,2.1443999999999996,1.6315352370446825
2010-10-23 08:00:00,1.5689333333333333,1.7379085923718338,1.5873569,1.9206780303973234,1.926290909090909,1.7390203125952708
2010-10-23 09:00:00,1.2997666666666667,1.4999553740929081,1.4966178,1.8948836768982127,0.9703999999999999,1.4332836369838495
2010-10-23 10:00:00,0.4229,1.3606224348751623,1.4840368,1.772460202583207,1.7711372549019608,1.4191695563211317
2010-10-23 11:00:00,0.95628,1.3731025780966786,1.4270811,1.1502997111577768,1.3443666666666667,1.231513033900173
2010-10-23 12:00:00,1.8742608695652172,1.138817990551909,1.2440133,1.363844709615757,0.7357,0.9382949424302761
2010-10-23 13:00:00,1.7526896551724136,0.911102390108988,1.1061761,1.0546149039294397,0.35850000000000004,0.8780067918372627
2010-10-23 14:00:00,1.882972972972973,1.1316592782981285,1.2557669,0.9315225145799534,0.4908,1.131327984448675
2010-10-23 15:00:00,1.9449999999999998,0.9011074043884136,1.1125752,1.075367316579146,0.37156666666666666,0.8734294952331967
2010-10-23 16:00:00,1.72165,1.1051517830998954,1.2473682,1.2583681340184072,0.317,0.9492464429493624
2010-10-23 17:00:00,2.3146666666666667,1.25151250234407,1.3577082,1.6296499161136924,0.41803333333333337,1.0260984303718568
2010-10-23 18:00:00,2.3209999999999997,0.8948771220829613,1.1917956,1.2664502753766584,0.3341333333333333,1.1130430878016122
2010-10-23 19:00:00,1.7777894736842106,1.5544325487216961,1.8202353,2.462629832234658,0.373,1.4529902919080535
2010-10-23 20:00:00,1.6555,1.7106895308992172,1.7996907,2.1082525502383005,0.8722333333333333,1.5421324354009642
2010-10-23 21:00:00,2.020086956521739,1.607676911948212,1.6719949,2.07390084536574,0.38303333333333334,1.3913984251876792
2010-10-23 22:00:00,1.2277241379310344,1.0587312536351066,1.2475661,1.8893481957041967,0.38955172413793104,1.3126801047447605
2010-10-23 23:00:00,1.258875,0.8288236088675537,0.76982164,1.2333476910471444,0.34476666666666667,1.0785922748227883
2010-10-24 00:00:00,1.434608695652174,0.5441737255111891,0.52603287,0.1894123694070955,0.3717333333333333,0.765477200895468
2010-10-24 01:00:00,1.794439024390244,0.49469794885134183,0.4491009,0.24306097585513342,0.33290000000000003,0.8000148555129827
2010-10-24 02:00:00,1.704813559322034,0.45901029196279064,0.38749397,0.13938929127038635,0.4126,0.7587520213743578
2010-10-24 03:00:00,0.8521333333333333,0.46249611166411625,0.33384576,0.20539173943800215,0.31310000000000004,0.7344707849164569
2010-10-24 04:00:00,0.3794666666666667,0.47441902001129954,0.41189912,0.24008895445581824,0.3627666666666666,0.7635741635829261
2010-10-24 05:00:00,0.36830508474576273,0.4587938835302448,0.34306023,0.28138849512383,0.3623333333333333,0.7963140383635379
2010-10-24 06:00:00,0.3862,0.9154371235098102,0.75670636,0.07360623578900849,1.0407333333333333,0.9887938452427962
2010-10-24 07:00:00,0.5329655172413793,0.9966730341853869,0.99784875,0.5313555378432273,0.3727,1.1585175363954012
2010-10-24 08:00:00,1.1032000000000002,0.9688189099201767,0.97782093,1.0414086199616623,0.3803,1.1304020078961527
2010-10-24 09:00:00,1.3500408163265307,1.054758728298304,0.9369359,0.7730591741408235,0.37629999999999997,1.0290313706591574
2010-10-24 10:00:00,1.5353333333333334,1.0476271408563007,1.0635667,0.6785608994119094,0.3289666666666667,1.1430775225940335
2010-10-24 11:00:00,1.9760975609756097,1.0834027717544321,1.096485,1.0053803583124727,0.3000666666666667,1.0952934368407636
2010-10-24 12:00:00,1.9583529411764706,1.1125871406995325,1.1036751,1.3131233082336635,0.31323333333333336,1.0919918490178944
2010-10-24 13:00:00,2.642916666666667,1.2268052002031253,1.1591793,1.156237318663553,0.3651666666666667,1.1524792025091266
2010-10-24 14:00:00,1.3050833333333334,1.1471907374489474,1.1498212,0.6966184588711961,0.3988627450980392,1.0799593410721973
2010-10-24 15:00:00,1.3756,0.9713655668679089,0.92401004,1.2222852011845915,0.37656666666666666,0.9199655757308018
2010-10-24 16:00:00,1.631061224489796,1.1711451639640509,1.0807457,1.389408539991475,1.1914333333333333,1.0365651028174436
2010-10-24 17:00:00,1.9743404255319148,1.0825737506049677,1.0885233,1.703407994023717,0.49260000000000004,1.0198760143992494
2010-10-24 18:00:00,1.9746190476190475,1.4856094735957897,1.5489901,1.6501070620326268,0.5668333333333333,1.2026031202109453
2010-10-24 19:00:00,1.3554074074074076,1.441847502751482,1.569876,1.5624054708048547,1.4272777777777776,1.4528339086849127
2010-10-24 20:00:00,1.0190666666666666,1.6938416528628912,1.8425214,2.1108123369351386,1.8986341463414633,1.7574888518737244
2010-10-24 21:00:00,1.7846530612244897,1.74878222272286,1.8642204,2.7075132035334546,2.1380666666666666,1.7369057400949461
2010-10-24 22:00:00,1.3281666666666667,1.158261908963388,1.3250896,1.7266394043530355,0.9011,1.462343039641765
2010-10-24 23:00:00,0.6191666666666666,1.0073074993441629,0.8195474,0.9202784935478561,1.13832,1.0950683009252595
2010-10-25 00:00:00,0.4926923076923077,0.405358449827693,0.50454277,0.3176886114514641,0.5301333333333333,0.5840311698610722
2010-10-25 01:00:00,0.3816,0.4004970076545134,0.38296485,0.3673789554993252,0.3841,0.530979971908572
2010-10-25 02:00:00,0.3448333333333334,0.3856874084288187,0.3898843,0.5141452357384995,0.3213666666666667,0.5216305578578351
2010-10-25 03:00:00,0.34140000000000004,0.40185524207829915,0.39795694,0.4800874090541877,0.3314333333333333,0.5161321323794503
2010-10-25 04:00:00,0.3576666666666667,0.3921543845971871,0.45747057,0.5484051576308477,0.43443333333333334,0.6336971173779549
2010-10-25 05:00:00,0.4922333333333333,0.42324135883243896,0.4919958,0.6377969938116965,0.3197,0.6472389604268685
2010-10-25 06:00:00,1.7364642857142858,0.9862525461852961,0.90477,0.7343485981185811,0.7896,0.9407433750377527
2010-10-25 07:00:00,2.070275862068965,1.7697179073918898,1.8758693,1.9525829120457208,2.1595238095238094,1.4977205960290203
2010-10-25 08:00:00,1.408754716981132,1.6895422471312305,1.763601,1.6662214937146245,2.057875,1.4693212451435578
2010-10-25 09:00:00,1.4861428571428572,1.5539028418680934,1.7032973,1.1458750679890626,2.396434782608696,1.4024117551881707
2010-10-25 10:00:00,0.7614,1.2258455416727514,1.3938525,1.533723956895292,1.6976666666666669,1.1911987140436748
2010-10-25 11:00:00,0.32749999999999996,1.338584173517851,1.3035849,1.3876929054505207,2.197777777777778,1.062808519060859
2010-10-25 12:00:00,0.3194666666666667,1.3927284422635784,1.4476373,1.0246755563883736,2.7647692307692306,1.1016484377750175
2010-10-25 13:00:00,0.35879999999999995,1.7670772752922626,1.7480469,1.6497745494087774,2.0601290322580645,1.0320145844193993
2010-10-25 14:00:00,0.3935,1.2319937628859976,1.2287387,0.9836417811560897,1.649125,0.9564717154125337
2010-10-25 15:00:00,0.3854814814814815,0.8856823730042255,0.7654719,0.2306241286446401,0.5180666666666667,0.6429877570558671
2010-10-25 16:00:00,0.3531666666666667,0.8368126452558667,0.6288631,0.10187716949064962,0.46040000000000003,0.6592969331880227
2010-10-25 17:00:00,0.4421,0.9342772503138116,0.7789209,0.25145078455948455,0.651322033898305,0.7559830360648527
2010-10-25 18:00:00,1.4117666666666666,1.2241545124756503,1.0740281,0.9793716882374928,1.347904761904762,0.9471253289599442
2010-10-25 19:00:00,1.0318275862068964,1.8249707407722848,1.7483197,1.3573512582559208,2.574896551724138,1.6638323442631842
2010-10-25 20:00:00,0.9947,1.5718771805927618,1.788331,0.8321282292616965,2.3969811320754717,1.745635958563967
2010-10-25 21:00:00,1.2006333333333332,1.5037687565577584,1.5735741,1.486752790786009,2.5964137931034483,1.768114608567047
2010-10-25 22:00:00,1.2112333333333334,1.4519887225092645,1.2498423,1.1085299074715418,2.5095,1.5058868436398183
2010-10-25 23:00:00,0.6891,1.1324080131057008,1.2018254,0.7238504204071841,1.7402666666666666,1.190954069104622
2010-10-26 00:00:00,0.31656666666666666,0.6275737405584934,0.7921056,0.5557884136533482,1.457921568627451,0.7495398506418635
2010-10-26 01:00:00,1.0714666666666666,0.6129853043757981,0.5336571,0.2901221132651338,0.6851,0.5295419313110875
2010-10-26 02:00:00,0.35366666666666663,0.457955300726973,0.46074173,0.2688640841870238,0.31743333333333335,0.4274382622064057
2010-10-26 03:00:00,0.4391851851851852,0.5289553756121179,0.4783225,0.2242984719465445,0.3078,0.39990234890665055
2010-10-26 04:00:00,0.32306666666666667,0.43245610847459887,0.43213925,0.27570037666551006,0.3700740740740741,0.4945353035717589
2010-10-26 05:00:00,0.3164666666666667,0.4659031818597336,0.4564477,0.5249162975017967,0.3994666666666667,0.5434911774616995
2010-10-26 06:00:00,0.5590169491525424,1.1024242374391304,0.8787664,0.4184914292784919,0.9605862068965517,0.9622211305180786
2010-10-26 07:00:00,0.682542372881356,1.963945741221672,1.9932717,1.8743165716229262,2.7522272727272727,1.782202628050474
2010-10-26 08:00:00,0.5014666666666666,1.4446666983985919,1.3471371,1.5804063523516372,1.8137254901960784,1.4987246636621498
2010-10-26 09:00:00,0.6316666666666666,1.3382018229481982,1.2521206,0.9722673127857372,1.6196603773584906,1.4192133646940743
2010-10-26 10:00:00,1.906344827586207,1.1098158947648988,1.1301501,0.9589195553232098,0.5600714285714286,1.0820072630021615
2010-10-26 11:00:00,1.0963050847457627,1.2479107754153365,1.0464258,1.0780997170530529,1.7102264150943396,1.1936457503453703
2010-10-26 12:00:00,0.3957551020408163,1.2276399510024074,1.081689,0.8775298283107812,1.0873898305084746,1.2864433027784212
2010-10-26 13:00:00,0.33561111111111114,0.9824738565357825,0.89345425,0.9759036714498139,0.5172333333333333,0.9119591045248151
2010-10-26 14:00:00,0.33195744680851064,0.8884906151973864,0.7747176,0.9310710608082958,0.4046,0.7614709465290493
2010-10-26 15:00:00,0.3558,0.681186034459605,0.69556296,0.5809162915329202,0.4017666666666667,0.6623105870357568
2010-10-26 16:00:00,0.53644,0.7197622493426011,0.7409033,0.8222011870403294,0.4735,0.7884917007766407
2010-10-26 17:00:00,0.3439298245614035,0.7669357716675086,0.8447041,0.43128375729717805,0.6713877551020407,0.8511341599852191
2010-10-26 18:00:00,0.29933333333333334,1.717108860060265,1.4713295,0.805212331307421,2.688,1.5498686160542376
2010-10-26 19:00:00,1.0135333333333334,1.9191075589709776,1.8233913,1.4051489493107563,2.504238095238095,1.9406550854508233
2010-10-26 20:00:00,0.3625666666666667,1.5261658420361126,1.4152666,1.1023121114414678,2.3585263157894736,1.925822600770424
2010-10-26 21:00:00,0.4702181818181818,1.6527069119317581,1.3708078,1.0068808355293604,2.1216999999999997,1.8157911195900893
2010-10-26 22:00:00,0.7750322580645161,1.2902885022823438,1.0621485,0.5367026536988921,1.3266333333333333,1.4437186904294819
2010-10-26 23:00:00,0.7792962962962963,0.9091008335290988,0.7290327,0.43311966752504916,0.7211333333333333,1.082931523652132
2010-10-27 00:00:00,0.7460754716981133,0.6366234671714792,0.4527506,0.3131120380423963,1.0303333333333333,0.7296459614207523
2010-10-27 01:00:00,0.91648,0.4814178999166349,0.39727634,0.3457989472589357,0.39339999999999997,0.5835873100027645
2010-10-27 02:00:00,0.34328000000000003,0.4153499299581953,0.40886933,0.31891255870022694,0.32939999999999997,0.48899792897239613
2010-10-27 03:00:00,0.32256666666666667,0.41608341341984356,0.40005547,0.2784343195554947,0.4425666666666667,0.598920362618433
2010-10-27 04:00:00,0.31484745762711863,0.45489163224461526,0.43512285,0.25670876520704,0.31930000000000003,0.7288814655719154
2010-10-27 05:00:00,0.3945,0.5045322764222092,0.49014485,0.3305319268376117,0.3124333333333333,0.6648337323366994
2010-10-27 06:00:00,1.5054999999999998,1.0110111498231105,0.79774725,0.5207507426791579,0.9232333333333334,1.0253567469639964
2010-10-27 07:00:00,1.8442758620689657,1.8956918826472688,1.7946202,1.604338118982247,2.696,2.071240493828278
2010-10-27 08:00:00,1.5356999999999998,1.679317000124695,1.3883054,1.5019382371025765,1.8684666666666667,1.7403329587973786
2010-10-27 09:00:00,1.5493846153846154,1.4687235607803821,1.3356019,1.3604439688114647,1.8460666666666665,1.589259805544982
2010-10-27 10:00:00,1.332064516129032,1.325208821619402,1.2536281,1.3067635075673216,1.9378076923076923,1.3971901571181977
2010-10-27 11:00:00,0.3977,1.3049245973601094,1.1348338,1.1199432169216461,1.8959333333333332,1.5303095202090622
2010-10-27 12:00:00,0.654542372881356,1.4100971201671817,1.3332982,1.8328595871923383,1.390542372881356,1.3727556923030844
2010-10-27 13:00:00,0.5694,1.1186734918172427,1.0190454,0.8070681711283435,0.40853333333333336,0.9316417581092155
2010-10-27 14:00:00,0.4495,1.0783217218132484,0.9663008,0.5269731057276279,0.502140350877193,0.887576880214532
2010-10-27 15:00:00,0.5750666666666666,1.1101395178638678,1.0056676,0.6896943779050158,0.4646545454545455,0.8131860037115628
2010-10-27 16:00:00,0.5363,1.246901267501561,1.0003834,0.62027502802556,0.33186666666666664,0.8101363120198315
2010-10-27 17:00:00,0.5009,1.3055233674144282,1.2595317,0.6757429477457726,0.33213333333333334,0.9014838536975485
2010-10-27 18:00:00,0.8276,1.146478416824138,1.0453814,0.13196480182896486,0.7583673469387754,1.2564402344846677
2010-10-27 19:00:00,0.9864,1.7627123154644486,1.5380275,1.9438704425121065,2.1451724137931034,1.876438481439366
2010-10-27 20:00:00,0.3815666666666667,1.9989385670093915,1.9780829,1.4655176889413606,2.2641428571428572,2.0654972524580577
2010-10-27 21:00:00,0.8198461538461538,1.6932832741397033,1.6362252,1.2999078883915904,2.3222916666666666,1.9518316635657658
2010-10-27 22:00:00,0.8894736842105262,1.574936410372883,1.008092,0.6922987471718177,1.3734615384615385,1.5409473047030318
2010-10-27 23:00:00,1.988037037037037,0.9530854523543454,0.70648736,0.745698281863096,0.7799999999999999,1.0434773450531702
2010-10-28 00:00:00,0.5760000000000001,0.48296780499239816,0.48859388,0.2689834773919557,0.4468,0.7230375409341985
2010-10-28 01:00:00,0.3571785714285714,0.41280448059026786,0.44162822,0.29749574556297054,0.4574583333333333,0.5773145555213409
2010-10-28 02:00:00,0.32949019607843133,0.43965055138489595,0.428894,0.41455611156964245,0.4378666666666666,0.552143770507993
2010-10-28 03:00:00,0.41796666666666665,0.4331931174242091,0.45300165,0.32256581544839114,0.3406333333333333,0.5598781278120497
2010-10-28 04:00:00,0.39540000000000003,0.4566969214970749,0.45267698,0.3480515103594738,0.341,0.6217624280947593
2010-10-28 05:00:00,0.3814901960784314,0.48161962020175,0.4799798,0.22242833101862214,1.0228666666666666,0.7849549839847461
2010-10-28 06:00:00,0.4864,1.032485059969324,0.888687,0.6270675063729572,0.8338076923076922,1.058248616941746
2010-10-28 07:00:00,0.8182545454545455,1.974382144200612,1.6168292,1.2760187568919736,2.2259583333333333,1.9519112110965757
2010-10-28 08:00:00,1.57724,1.4634758980143645,1.3851196,1.2628601365171084,1.2261666666666668,1.4413115520513424
2010-10-28 09:00:00,1.5211153846153846,1.1884684393263991,1.3150192,0.9072519833878703,0.3173333333333333,1.277724964240983
2010-10-28 10:00:00,0.3508275862068965,1.067867322389207,1.2051127,0.6485941722017041,0.3232333333333334,1.0401936685599387
2010-10-28 11:00:00,0.44475,0.9418438853119526,0.78587806,0.4324535923088576,0.3919666666666667,1.0456158828522186
2010-10-28 12:00:00,0.5453199999999999,0.9465367927397564,0.8215931,0.5084564342941389,0.44666666666666666,0.9860303531625109
2010-10-28 13:00:00,1.4190333333333334,0.7016795771368168,0.721464,0.5821977434237817,0.38803333333333334,0.8353301188925386
2010-10-28 14:00:00,1.6701666666666666,1.09867483603995,1.0291339,0.7893724594906193,0.46062068965517244,0.990523807967622
2010-10-28 15:00:00,1.574723404255319,0.755547240740278,0.80414486,0.708460789580891,0.32703333333333334,0.7982940991807119
2010-10-28 16:00:00,1.5771063829787233,0.920443804305177,0.96675247,0.934059651297535,0.9159333333333334,0.9821356643997935
2010-10-28 17:00:00,1.023153846153846,0.6550793280713038,0.7719628,0.7238707358971271,0.36683333333333334,0.8807281374135509
2010-10-28 18:00:00,1.6766486486486487,1.3688853600520656,1.2419225,1.2273246968267404,1.3011333333333333,1.1239273668718712
2010-10-28 19:00:00,0.5319,1.7272025016833235,1.6692739,1.906739228633612,1.6018545454545454,1.874168187617606
2010-10-28 20:00:00,0.42783333333333334,1.9335652125233849,1.8064841,1.5152241578769319,1.7484897959183674,1.9462003144908286
2010-10-28 21:00:00,0.7232881355932204,1.7225393019540807,1.6832283,1.8680568903717072,2.5664878048780486,2.086583368467231
2010-10-28 22:00:00,0.9004333333333334,1.3362764485378213,1.1986666,1.7902482180760786,1.9928666666666668,1.6280654402759354
2010-10-28 23:00:00,1.0362,0.9625075098161063,0.7105673,0.8346368230801356,0.7646333333333334,1.0062518869351307
2010-10-29 00:00:00,0.5989,0.512350527326969,0.37805057,0.30270329273623864,0.5243666666666666,0.5912916614416379
2010-10-29 01:00:00,0.3680625,0.4089258241155395,0.39048168,0.28160385577013813,0.6322666666666666,0.5995493240722174
2010-10-29 02:00:00,0.31679999999999997,0.4425166531648288,0.3857635,0.31248168897941186,0.5181,0.5611339002383555
2010-10-29 03:00:00,0.31620000000000004,0.4528207986669516,0.4365107,0.28438878670509804,0.5205666666666667,0.551904954307965
2010-10-29 04:00:00,0.38845614035087717,0.4246570791686839,0.40104017,0.3535763158389741,0.5208666666666667,0.6295806402996728
2010-10-29 05:00:00,0.38984,0.4793035629857977,0.4697003,0.2980186417848173,0.5856,0.7712428723855651
2010-10-29 06:00:00,0.3061666666666667,1.0369915814028432,0.9593304,0.7780088079284035,1.7437966101694915,1.203827099471053
2010-10-29 07:00:00,0.47936666666666666,1.9980988670509878,1.7900999,1.6244904968033835,2.2872,1.861961765496396
2010-10-29 08:00:00,1.4061666666666668,1.4616235978231022,1.4417629,1.2805123830876723,1.5222,1.4582631574001312
2010-10-29 09:00:00,0.5284666666666666,1.2973748532645744,1.2538245,1.3187555460957312,1.4795686274509803,1.2417298519945978
2010-10-29 10:00:00,0.5294666666666666,1.3357922637263584,1.2645496,1.1382108917363807,1.3845999999999998,1.1789028215556205
2010-10-29 11:00:00,0.8311176470588235,1.3922886993014711,1.1839545,1.1975897884197235,1.373,1.190458672013957
2010-10-29 12:00:00,0.8323333333333333,1.2712162411248635,1.218131,1.4456723090760184,1.5798571428571428,1.0679548175747697
2010-10-29 13:00:00,0.7407931034482759,1.3069837910155078,1.178475,1.3526389123879934,1.4229615384615384,0.9896314236022953
2010-10-29 14:00:00,1.3253,0.9708443429844361,0.94262856,1.4954142672010993,1.456271186440678,1.0129370579273265
2010-10-29 15:00:00,0.5485263157894738,0.84696956699724,0.87843543,1.091903036870577,0.669921568627451,0.7338671619559669
2010-10-29 16:00:00,0.5251923076923076,0.885414989805504,0.9205796,0.9334475163684129,1.0319591836734694,0.8445546684384557
2010-10-29 17:00:00,1.2063666666666668,0.7875925493416888,0.9082945,0.8419731308791598,0.48210000000000003,0.6937084085944913
2010-10-29 18:00:00,1.314,1.2904075142205382,1.3262956,0.6537518430642255,0.7137,1.0671593321419828
2010-10-29 19:00:00,1.4523636363636363,1.6104694666462984,1.539137,1.3516592043811118,1.3676842105263158,1.4663964398811176
2010-10-29 20:00:00,1.6412333333333333,1.5364138521192918,1.6186175,1.561528223597685,1.3845,1.5130710553204785
2010-10-29 21:00:00,0.9650666666666666,1.6520425412325022,1.7304901,1.6812241444496627,1.8068936170212768,1.635033784782399
2010-10-29 22:00:00,1.3404999999999998,1.3450216110059248,0.86078465,1.1163305828417882,1.0726666666666667,1.1751956383502893
2010-10-29 23:00:00,1.6557,0.7426882170666445,0.66810536,0.6354070859278069,0.31196666666666667,0.797517185059367
2010-10-30 00:00:00,1.2114666666666667,0.46378912950345863,0.538771,0.24945731008794625,1.4291666666666667,0.8339017729808995
2010-10-30 01:00:00,0.9088666666666666,0.46619860985469097,0.54351914,-0.014591024702603761,0.36633333333333334,0.692285843140361
2010-10-30 02:00:00,0.4378461538461539,0.4733624258880823,0.49790967,0.288899489557627,0.38976470588235296,0.6373017285203253
2010-10-30 03:00:00,0.36356666666666665,0.43546247776334235,0.53954375,0.34347880475402404,0.38813333333333333,0.6076199908783149
2010-10-30 04:00:00,0.31160000000000004,0.4612501644508957,0.4659115,0.38079867885902086,0.37733333333333335,0.6640917296853083
2010-10-30 05:00:00,0.32016666666666665,0.4950166236593803,0.42950037,0.552341247467911,0.32753333333333334,0.7214532891072836
2010-10-30 06:00:00,0.4261785714285714,1.011271667041226,0.77293587,0.5674170873202029,0.6353000000000001,1.0116843950192622
2010-10-30 07:00:00,0.4008333333333333,2.073913716535905,2.233216,2.4463437573822295,2.22272,1.8610388050606979
2010-10-30 08:00:00,0.37793333333333334,1.5879667531878494,1.5305465,1.4006485988244124,1.5689333333333333,1.5059376412308385
2010-10-30 09:00:00,0.5116363636363637,1.520086197570715,1.3779256,0.7365424777527556,1.2997666666666667,1.1839282253526147
2010-10-30 10:00:00,2.6272,1.2302619685217855,1.3859013,0.3623301690794145,0.4229,1.0757217065912714
2010-10-30 11:00:00,0.9049999999999999,1.2238795918686973,1.2646629,1.1577537757845466,0.95628,1.1192337682492828
2010-10-30 12:00:00,1.2232666666666667,1.233912793953379,1.2266091,0.23858739292851783,1.8742608695652172,1.3117347943618376
2010-10-30 13:00:00,1.62836,1.1902397088007575,1.2647413,1.1481134005263636,1.7526896551724136,1.2161359070097733
2010-10-30 14:00:00,1.5429,1.2966833896504086,1.263352,1.438870562380535,1.882972972972973,1.2334332834186386
2010-10-30 15:00:00,1.5638367346938775,1.2434218521073763,1.0269637,0.768797942066924,1.9449999999999998,1.0831176561281932
2010-10-30 16:00:00,1.5299,1.3772833159748092,1.1217579,1.2742728472937026,1.72165,1.1934393633051008
2010-10-30 17:00:00,2.1244642857142857,1.3942243035436506,1.3937048,1.333527275533779,2.3146666666666667,1.1784844839855537
2010-10-30 18:00:00,2.602633333333333,1.691952414288262,1.6270899,2.2915029860648977,2.3209999999999997,1.4363621441923924
2010-10-30 19:00:00,2.5482142857142853,1.4092836186846835,1.4042201,1.713741253085449,1.7777894736842106,1.4331452641257467
2010-10-30 20:00:00,2.7809090909090908,1.3676827163937264,1.4250016,1.0869067983798144,1.6555,1.4008908551408479
2010-10-30 21:00:00,2.8801666666666668,1.4580395690527943,1.328066,0.9900207315021184,2.020086956521739,1.4850559497171367
2010-10-30 22:00:00,2.8496,1.1183736111414293,1.0998257,1.3306416218072619,1.2277241379310344,1.216569007481588
2010-10-30 23:00:00,1.8089666666666666,0.7917501947955395,0.8304413,0.6597835245872943,1.258875,0.9454514615671423
2010-10-31 01:00:00,1.4463076923076923,1.0149476045159735,0.4568186,0.39439779444015666,1.434608695652174,0.9785380305768379
2010-10-31 02:00:00,1.4108363636363637,0.9936907814005679,0.5630373,0.3534012150173329,1.794439024390244,0.9831183347595756
2010-10-31 03:00:00,1.5552333333333332,0.6514974073905242,0.61607516,0.3841381921960737,1.704813559322034,0.9493753265829961
2010-10-31 04:00:00,1.4665,0.6122061043835625,0.42824426,0.9439471355885561,0.8521333333333333,0.694300534107901
2010-10-31 05:00:00,2.185722222222222,0.5462456152175913,0.45105425,0.6112629804443008,0.3794666666666667,0.5572737477643893
2010-10-31 06:00:00,1.5952093023255813,0.6808686100265696,0.6051389,0.40083952475151374,0.36830508474576273,0.5683493271729088
2010-10-31 07:00:00,0.3292,0.8307387900853523,0.77959865,0.38953064337090026,0.3862,0.841601025182211
2010-10-31 08:00:00,0.35500000000000004,0.9430371890176036,0.83978707,0.3550035082605333,0.5329655172413793,1.048525607004687
2010-10-31 09:00:00,0.39823333333333333,1.0199103891742178,1.0272633,0.7339420289137616,1.1032000000000002,1.069732081186043
2010-10-31 10:00:00,0.38665306122448984,1.4649610499441033,1.1827425,1.1660655370110247,1.3500408163265307,1.208603449117037
2010-10-31 11:00:00,0.31976666666666664,1.3532935748271455,1.240883,1.6401455148432034,1.5353333333333334,1.1150638787625817
2010-10-31 12:00:00,0.3359333333333333,1.3621454654066838,1.0777682,1.732502417859279,1.9760975609756097,1.208845913476222
2010-10-31 13:00:00,0.9352916666666666,1.355461970178965,1.1489047,1.4512257978168053,1.9583529411764706,1.3530220391590624
2010-10-31 14:00:00,1.5401724137931034,1.3399063455675233,0.9744249,1.3930255951929182,2.642916666666667,1.3893207661977045
2010-10-31 15:00:00,0.6232452830188678,1.24522212124456,1.1225836,1.128511966633865,1.3050833333333334,1.18237373920855
2010-10-31 16:00:00,0.3419245283018868,1.1981667763602502,0.97541755,0.742500655865069,1.3756,1.095155674453492
2010-10-31 17:00:00,0.41043636363636365,1.1893811626451627,1.0770979,0.713975568023933,1.631061224489796,1.2836227021151998
2010-10-31 18:00:00,0.3284666666666667,1.4077183641371673,1.2318937,0.9751054277956355,1.9743404255319148,1.3935352090418258
2010-10-31 19:00:00,0.36433333333333334,1.5388050219381189,1.3728296,0.5354793133328922,1.9746190476190475,1.458190083193517
2010-10-31 20:00:00,0.39280000000000004,1.453476468129116,1.4469187,1.5122015610598116,1.3554074074074076,1.4031645317464099
2010-10-31 21:00:00,1.093591836734694,1.6083287139152034,1.6223582,1.1027235844662986,1.0190666666666666,1.3845393178793157
2010-10-31 22:00:00,1.3272666666666666,1.434011137153365,1.1471658,1.4999587763795854,1.7846530612244897,1.6555725344896224
2010-10-31 23:00:00,2.038,1.1199471434489388,0.9539369,1.282735476081883,1.3281666666666667,1.165634337741558
2010-11-01 00:00:00,1.3194000000000001,0.5317557338837817,0.62326986,0.45834693966016116,0.6191666666666666,0.7988531308166047
2010-11-01 01:00:00,1.3652173913043477,0.5659464141751946,0.60590935,0.19881455876344367,0.4926923076923077,0.7962541614338057
2010-11-01 02:00:00,1.2843,0.512580825907715,0.44980508,0.5428740725115229,0.3816,0.6973561110758821
2010-11-01 03:00:00,1.0764406779661018,0.48368129063338783,0.46687582,0.2567011950852024,0.3448333333333334,0.6755668962442503
2010-11-01 04:00:00,0.3485714285714286,0.41153072527090556,0.42860687,0.284929485381612,0.34140000000000004,0.6019233072393749
2010-11-01 05:00:00,0.3529583333333333,0.44551130174269216,0.4288941,0.3169939825696111,0.3576666666666667,0.5997583108364197
2010-11-01 06:00:00,0.40442105263157896,0.754881866871027,0.7667403,0.5040037010345872,0.4922333333333333,0.712767496848788
2010-11-01 07:00:00,0.37974545454545455,1.3993479896752588,1.5014775,1.3672176441737058,1.7364642857142858,1.1477570960478893
2010-11-01 08:00:00,0.3178,1.8595563685374978,1.7885517,1.7162561843804887,2.070275862068965,1.552084053595058
2010-11-01 09:00:00,1.016734693877551,1.4037887031161282,1.5422717,1.3070847531144234,1.408754716981132,1.3679857567990386
2010-11-01 10:00:00,0.4413,1.3719566878093263,1.3654051,1.3107737613798855,1.4861428571428572,1.4131070017603002
2010-11-01 11:00:00,0.40673333333333334,1.204700591419809,1.1892809,1.0275097012000227,0.7614,1.0886279589343189
2010-11-01 12:00:00,0.7283333333333334,1.1759229086634315,1.2004914,0.6949932541560844,0.32749999999999996,1.0995310015385455
2010-11-01 13:00:00,1.7899111111111112,1.1578164763522423,1.0979488,0.6957360141437702,0.3194666666666667,1.2001947233882282
2010-11-01 14:00:00,1.4406999999999999,1.2031207430529802,0.97980446,0.42718623928393273,0.35879999999999995,1.2129920228382733
2010-11-01 15:00:00,1.4621666666666668,1.13252749311798,1.0238903,0.6076157656610954,0.3935,1.0620615234892896
2010-11-01 16:00:00,1.4910204081632654,0.744428160698485,0.7732018,0.6328056661331622,0.3854814814814815,0.9733263669336303
2010-11-01 17:00:00,1.4483,0.7932738388847159,0.8646148,0.6441297749045468,0.3531666666666667,1.0309070436981318
2010-11-01 18:00:00,0.6616333333333333,1.0473346971764557,1.0708742,0.8964929159249704,0.4421,1.2249759510882794
2010-11-01 19:00:00,0.33193333333333336,1.3457965372914427,1.5657061,1.6046722305545544,1.4117666666666666,1.6137643644132227
2010-11-01 20:00:00,0.475,1.7931552384001779,1.7740402,1.9353351750666303,1.0318275862068964,1.6081312393626028
2010-11-01 21:00:00,1.0677333333333332,1.858669642304408,1.677272,2.0749291890916677,0.9947,1.4978510289789262
2010-11-01 22:00:00,1.4156296296296296,1.3531920524187129,1.3886292,2.0809697084971264,1.2006333333333332,1.6480736202457162
2010-11-01 23:00:00,1.2863333333333333,1.2842852062692334,0.9930353,1.100082484689344,1.2112333333333334,1.506707576453798
2010-11-02 00:00:00,1.2982790697674418,0.49529037294651346,0.68205076,0.2625694128224212,0.6891,0.9608582242045532
2010-11-02 01:00:00,0.4135,0.4877895164156669,0.5596159,0.03995896310918012,0.31656666666666666,0.781578439143991
2010-11-02 02:00:00,0.41333333333333333,0.44625021030137313,0.52427053,0.17608750055560662,1.0714666666666666,0.8171345095264781
2010-11-02 03:00:00,1.4665454545454546,0.4472332494446636,0.4668189,0.16224166845629906,0.35366666666666663,0.6617696708088355
2010-11-02 04:00:00,0.391,0.44828473932330143,0.5085724,0.3410700492573908,0.4391851851851852,0.608052765794097
2010-11-02 05:00:00,0.554121212121212,0.43183452527828226,0.4683065,0.4643319864756602,0.32306666666666667,0.54610743349089
2010-11-02 06:00:00,0.38176923076923075,0.7118776480183158,0.7319518,0.5192283095641709,0.3164666666666667,0.5957394137878023
2010-11-02 07:00:00,1.33244,1.172872330806259,1.3110114,0.9918144281922502,0.5590169491525424,0.9941310050164968
2010-11-02 08:00:00,0.8653666666666666,1.4880186903834787,1.3413547,1.289181160103019,0.682542372881356,1.3468111972283883
2010-11-02 09:00:00,0.43026666666666663,1.5181110258233874,1.4050072,1.1316023138622453,0.5014666666666666,1.099092926376386
2010-11-02 10:00:00,0.3439666666666667,1.3253149269033415,1.2598788,1.0603365797361186,0.6316666666666666,1.124392329380128
2010-11-02 11:00:00,0.40273333333333333,1.368857009110972,1.211089,0.68760150112179,1.906344827586207,1.1075942719770202
2010-11-02 12:00:00,0.3610666666666667,1.4411360732183127,1.2048088,1.5096510972207744,1.0963050847457627,1.1594190462616125
2010-11-02 13:00:00,0.37656666666666666,0.9192824574252083,1.0104394,0.9276900072406802,0.3957551020408163,0.8575064794101445
2010-11-02 14:00:00,0.3728,0.9072433666768986,1.0127906,0.7862854392536687,0.33561111111111114,0.7620341969462725
2010-11-02 15:00:00,0.3232,0.7715820432091202,0.8628195,0.8404367190691437,0.33195744680851064,0.6669640578094771
2010-11-02 16:00:00,1.0890714285714285,0.7177835798183321,0.83726794,0.8404238070816046,0.3558,0.6919318584974229
2010-11-02 17:00:00,0.8409,1.0833644795848323,1.1175663,0.9871839838734302,0.53644,0.7899492489062936
2010-11-02 18:00:00,1.2145000000000001,0.9126605012470723,1.031254,0.8601054114832851,0.3439298245614035,0.8726690615815964
2010-11-02 19:00:00,1.3573666666666668,1.7376579468098723,1.4397461,1.5149475959282221,0.29933333333333334,1.3349230395351608
2010-11-02 20:00:00,1.4289999999999998,1.4482556260598716,1.4119376,1.5514332981007877,1.0135333333333334,1.3418144980655748
2010-11-02 21:00:00,2.340245614035088,1.6024904101343458,1.5177069,1.4251979954918688,0.3625666666666667,1.2189641864575296
2010-11-02 22:00:00,0.6196296296296296,0.9654785713304007,1.1538659,0.7678265132276532,0.4702181818181818,1.2316283256035376
2010-11-02 23:00:00,0.9561666666666667,1.0399558188911933,0.8288996,0.9584724782286298,0.7750322580645161,1.1425496471492858
2010-11-03 00:00:00,0.99272,0.45824550273593195,0.57799923,0.5777971332620395,0.7792962962962963,0.7369578969819219
2010-11-03 01:00:00,0.41344444444444445,0.4435212767613224,0.5133909,0.397620249597765,0.7460754716981133,0.7150089064384554
2010-11-03 02:00:00,0.32625806451612904,0.4501115826385043,0.60527575,0.26410738343257856,0.91648,0.7177044395531482
2010-11-03 03:00:00,0.37372093023255815,0.4335233966774762,0.4791014,0.2571792679374536,0.34328000000000003,0.5213415235155656
2010-11-03 04:00:00,0.40575510204081633,0.44596673192764463,0.44768998,0.48534692969315496,0.32256666666666667,0.5265485358912699
2010-11-03 05:00:00,0.9433793103448276,0.437119173348572,0.49662596,0.5496391228609726,0.31484745762711863,0.4971231304836814
2010-11-03 06:00:00,1.66404,0.7292799486960547,0.7662928,0.4307304175384544,0.3945,0.556536582612992
2010-11-03 07:00:00,1.55735,1.5531360354218209,1.3223442,0.6409818792989168,1.5054999999999998,1.0452012857466328
2010-11-03 08:00:00,1.0415666666666668,1.6029079048043295,1.5040256,1.5937509511521988,1.8442758620689657,1.474942701497413
2010-11-03 09:00:00,0.38856666666666667,1.4010716254357423,1.4702836,1.751513948604022,1.5356999999999998,1.2148311353052137
2010-11-03 10:00:00,0.3289,1.2844819018293228,1.2535621,1.4089769733686142,1.5493846153846154,1.1865119994928501
2010-11-03 11:00:00,0.4435333333333334,1.3078145904273948,1.2462479,1.0393819489196683,1.332064516129032,1.2442479736024254
2010-11-03 12:00:00,0.32583333333333336,1.1204343057501236,1.0931267,0.9895872068406028,0.3977,0.8802751955545352
2010-11-03 13:00:00,0.3891,1.0584972989298285,0.91063404,0.8440694171512237,0.654542372881356,0.716654763638845
2010-11-03 14:00:00,0.3891666666666667,1.0912680172934277,0.854856,0.8350336313222401,0.5694,0.573541870954823
2010-11-03 15:00:00,0.6678644067796611,0.9895314347050846,0.9851414,0.4552134802696789,0.4495,0.567416145243995
2010-11-03 16:00:00,0.9811,0.9999235330886601,0.82542926,0.5082705600181627,0.5750666666666666,0.6455763262945569
2010-11-03 17:00:00,1.2302,1.0413011966624668,1.0442916,0.6328361952205834,0.5363,0.6697608330122411
2010-11-03 18:00:00,1.5963448275862069,0.9363562817172533,0.90373355,0.7480804797617387,0.5009,0.7154758353654059
2010-11-03 19:00:00,2.590315789473684,1.1083910353871393,1.2762539,0.9885523026102802,0.8276,0.9686391369841834
2010-11-03 20:00:00,0.9058305084745762,1.4784531468875,1.53006,1.4981364712114167,0.9864,1.286548755364453
2010-11-03 21:00:00,0.3754,1.4607119980530032,1.4353163,0.9908869241470575,0.3815666666666667,1.0749312437929985
2010-11-03 22:00:00,0.4561,0.8596079794915512,0.8990884,1.072234219570167,0.8198461538461538,1.1173941607466535
2010-11-03 23:00:00,1.024,0.9293297447574511,0.791987,1.1855309296243162,0.8894736842105262,1.0380594511293828
2010-11-04 00:00:00,0.8677777777777779,0.7374635054814864,0.82110673,0.1764179297005386,1.988037037037037,0.9831761325534998
2010-11-04 01:00:00,0.33051162790697675,0.4157590683662621,0.6554776,0.44213425327893197,0.5760000000000001,0.6366860932676448
2010-11-04 02:00:00,0.4944782608695652,0.4420155396455056,0.4569174,0.5532311589637833,0.3571785714285714,0.5518110045540211
2010-11-04 03:00:00,0.40785,0.4332482039410406,0.49960706,0.44339547351682496,0.32949019607843133,0.4076696808789806
2010-11-04 04:00:00,0.8643703703703705,0.3946980256618571,0.44712636,0.30608687759603936,0.41796666666666665,0.456789339263175
2010-11-04 05:00:00,2.0996521739130434,0.41692841857814394,0.4640015,0.2661341359053149,0.39540000000000003,0.46574815145958426
2010-11-04 06:00:00,2.013058823529412,0.7957228331269008,0.7148246,0.33385574825112696,0.3814901960784314,0.5684328079450139
2010-11-04 07:00:00,1.7051351351351351,0.8899905751983798,1.0620788,0.6311938116078479,0.4864,0.8232029716958754
2010-11-04 08:00:00,1.984,1.3791011391108634,1.3389204,1.5148452809224302,0.8182545454545455,1.1208875949734105
2010-11-04 09:00:00,2.0773125,1.3954937107695968,1.4581343,0.6301493194289829,1.57724,1.1063747908169652
2010-11-04 10:00:00,1.013764705882353,1.2080227651363031,1.3369181,1.0535754554888688,1.5211153846153846,1.0080685202871622
2010-11-04 11:00:00,1.1286666666666667,1.0876129204155025,1.033089,1.0393664192031076,0.3508275862068965,0.7991326430254642
2010-11-04 12:00:00,0.8233,0.9169634362781726,0.97395915,0.9397824116104895,0.44475,0.6168199232573726
2010-11-04 13:00:00,0.7059,1.0389150598393442,0.8363856,0.7508828954506646,0.5453199999999999,0.6263059887360558
2010-11-04 14:00:00,0.44949999999999996,1.280881646116538,1.2620531,0.8013913577846616,1.4190333333333334,0.7753136885228947
2010-11-04 15:00:00,0.6564666666666666,1.2032391134998883,1.3685716,1.0726501057126718,1.6701666666666666,0.8578693143310777
2010-11-04 16:00:00,1.1835,1.1490980372623003,1.1110593,1.0161805713952419,1.574723404255319,0.8889646416655006
2010-11-04 17:00:00,2.4904,1.3054417695307488,1.2011896,1.2981324957006923,1.5771063829787233,0.9839929273737923
2010-11-04 18:00:00,2.5073333333333334,0.806623392421212,0.9987987,0.8226398874176128,1.023153846153846,0.7876964114011238
2010-11-04 19:00:00,2.133785714285714,1.0782111740075602,1.3690671,0.33266001845761006,1.6766486486486487,1.0833991005892407
2010-11-04 20:00:00,1.6852156862745098,1.246178708811068,1.326596,0.6896633122030305,0.5319,0.9789764544135185
2010-11-04 21:00:00,0.6695918367346939,1.3340722391658846,1.3173836,0.37257213158874236,0.42783333333333334,0.8265876395260257
2010-11-04 22:00:00,0.3666470588235294,1.0233837299676452,0.99692476,1.0594601359028437,0.7232881355932204,1.0656783195837267
2010-11-04 23:00:00,0.34102040816326534,0.9164182277433334,0.7730327,1.241142879949709,0.9004333333333334,1.08394135596948
2010-11-05 00:00:00,0.3645185185185185,0.45991121771536675,0.54627794,0.4596039497928356,1.0362,0.8759621674144549
2010-11-05 01:00:00,0.4144375,0.39317366479029237,0.49623764,0.3226142656095966,0.5989,0.6087150771742496
2010-11-05 02:00:00,0.37,0.44375483561482504,0.48421595,0.28016847607762074,0.3680625,0.5354462120961434
2010-11-05 03:00:00,0.3657241379310345,0.44534065196989764,0.48088676,0.3760760403526734,0.31679999999999997,0.46023601259535407
2010-11-05 04:00:00,0.701593220338983,0.43480702287542833,0.45071083,0.3579129472931135,0.31620000000000004,0.4717965335121348
2010-11-05 05:00:00,2.3426046511627905,0.4701711623997894,0.48117086,0.45016084494787645,0.38845614035087717,0.5205718492135599
2010-11-05 06:00:00,1.7388771929824562,0.6905419110454659,0.67680115,0.3125467468084375,0.38984,0.5574021973798382
2010-11-05 07:00:00,1.445607843137255,1.0321262300161957,1.3447403,0.514186741834252,0.3061666666666667,0.8454450244145734
2010-11-05 08:00:00,1.4172333333333333,1.2512490613246179,1.3283894,0.7251918076395395,0.47936666666666666,1.029487490328054
2010-11-05 09:00:00,1.4705000000000001,1.4037329346304797,1.4284699,0.9933218689367741,1.4061666666666668,1.1616813044207273
2010-11-05 10:00:00,1.6222745098039217,1.2814553582632584,1.2875637,1.3727639866686356,0.5284666666666666,1.0215338170087636
2010-11-05 11:00:00,1.4630400000000001,1.2073568423291605,0.9164506,0.6977962471044734,0.5294666666666666,0.7952493867803784
2010-11-05 12:00:00,1.4278545454545455,1.1057396228426817,0.99701786,0.8527441342415902,0.8311176470588235,0.8137667580039006
2010-11-05 13:00:00,1.5415555555555556,1.1351651003286056,1.0530459,0.9969400385132143,0.8323333333333333,0.87336598918832
2010-11-05 14:00:00,0.8524666666666667,1.2005022975247044,1.160895,1.1990200221196161,0.7407931034482759,0.9129358909582302
2010-11-05 15:00:00,0.7742666666666668,1.2916198478429832,1.2345529,1.513219634200302,1.3253,1.0454879239237687
2010-11-05 16:00:00,1.1300999999999999,1.2107664979578252,1.1157277,0.5960669313820433,0.5485263157894738,0.829070529566068
2010-11-05 17:00:00,1.672943396226415,1.0509069212584075,0.9623814,0.7772836312196212,0.5251923076923076,0.8745411955705257
2010-11-05 18:00:00,2.186406779661017,0.9751152240648286,0.8705089,0.8581250848409039,1.2063666666666668,0.9142768423498626
2010-11-05 19:00:00,1.8398666666666665,1.200644902825012,1.16783,0.7732593063710211,1.314,1.1308926301235929
2010-11-05 20:00:00,1.3280333333333334,1.2065880842214192,1.3744204,1.149046202292533,1.4523636363636363,1.159258493442873
2010-11-05 21:00:00,0.35366666666666663,1.05476407934079,1.2324442,1.3653511120739386,1.6412333333333333,1.0819263058126445
2010-11-05 22:00:00,0.3185,1.018891873776861,0.8386341,1.2596161479188863,0.9650666666666666,1.088776821495738
2010-11-05 23:00:00,0.35175510204081634,0.9822746511043556,0.7055799,0.721870416913199,1.3404999999999998,0.9301561417076535
2010-11-06 00:00:00,1.0021333333333333,0.8257154067081806,0.83413804,0.36206744912485644,1.6557,0.9811496917427922
2010-11-06 01:00:00,0.3465,0.762827202641128,0.7120439,1.2863315285216046,1.2114666666666667,0.9400074325752761
2010-11-06 02:00:00,0.33843333333333336,0.4544203747671583,0.4769503,0.9536798423992794,0.9088666666666666,0.6556411516408563
2010-11-06 03:00:00,0.41727586206896555,0.45426389133284073,0.52784234,1.0193994957413568,0.4378461538461539,0.5160569040423808
2010-11-06 04:00:00,0.6567333333333334,0.4181406031297357,0.45257264,0.5518825250681094,0.36356666666666665,0.4825692540042099
2010-11-06 05:00:00,2.4685416666666664,0.4043773512959205,0.4371531,0.57400882206998,0.31160000000000004,0.48674297413987344
2010-11-06 06:00:00,1.7405,0.8353626565073011,0.59289277,0.6148192758312512,0.32016666666666665,0.52903684006815
2010-11-06 07:00:00,1.3696,0.8282049483286058,0.8610206,0.5821048741417427,0.4261785714285714,0.6308237295173644
2010-11-06 08:00:00,1.14516,1.1196147044743183,1.1810421,0.8918921722738595,0.4008333333333333,0.9258757363503021
2010-11-06 09:00:00,1.5086060606060605,1.1411023863463188,1.1104976,1.35680146624416,0.37793333333333334,1.0716769489137232
2010-11-06 10:00:00,1.9629666666666665,0.9965668982533136,0.92900854,0.9270248794452136,0.5116363636363637,0.9227357005206561
2010-11-06 11:00:00,1.1770333333333334,1.303838075262532,1.2857759,1.3009534247111958,2.6272,1.027025967294359
2010-11-06 12:00:00,0.5483333333333333,1.1053355538498963,1.2161318,0.5668883758713026,0.9049999999999999,1.0597246884953908
2010-11-06 13:00:00,1.8848999999999998,1.3119076808083456,1.2404472,1.2841085078478438,1.2232666666666667,1.1594040944591018
2010-11-06 14:00:00,1.5508979591836736,1.2609422687675604,1.1315179,1.1199640001768807,1.62836,1.2105546689711182
2010-11-06 15:00:00,1.4962222222222221,1.450187975775949,1.4029009,1.371046537753762,1.5429,1.3113660481031222
2010-11-06 16:00:00,1.3956744186046512,1.2646256843176105,1.2189311,1.152225276088274,1.5638367346938775,1.1977943692816653
2010-11-06 17:00:00,1.8446206896551725,1.2175961617474238,1.460353,1.7866344870561468,1.5299,1.1207893490591738
2010-11-06 18:00:00,1.2521666666666667,1.483564542761204,1.7413104,1.7300039039876838,2.1244642857142857,1.4734563353295909
2010-11-06 19:00:00,1.1034333333333335,1.6864778828637685,1.767144,1.8282027677503039,2.602633333333333,1.6990297725642634
2010-11-06 20:00:00,1.0556666666666668,1.406329054520235,1.6681662,2.393607606994115,2.5482142857142853,1.5532691023905947
2010-11-06 21:00:00,0.5132,1.7208416763629613,2.0596972,2.234133482260334,2.7809090909090908,1.6213344452260574
2010-11-06 22:00:00,0.511,1.823876325068705,1.8012998,2.1943041365933302,2.8801666666666668,1.642664368167206
2010-11-06 23:00:00,0.3605,1.5946302137483028,2.0875137,1.9023437290399554,2.8496,1.630947099376748
2010-11-07 00:00:00,0.37623333333333336,1.0997787532041847,0.9778056,1.2417610300989497,1.8089666666666666,1.1518428809601693
2010-11-07 01:00:00,0.3991,0.7166162064777835,0.73475397,0.7289207405984511,1.4463076923076923,0.9449670308669108
2010-11-07 02:00:00,0.4824,0.620929919703849,0.9216169,0.7264296572616131,1.4108363636363637,0.892651414754577
2010-11-07 03:00:00,0.32783333333333337,0.5958175303385775,0.9028927,0.7034317956159679,1.5552333333333332,0.8977886528651171
2010-11-07 04:00:00,0.33849999999999997,0.9903496926524411,0.822602,0.5263039420754361,1.4665,0.7873449170506618
2010-11-07 05:00:00,1.0311,0.9125414412341593,1.0412246,0.9283204796788743,2.185722222222222,0.883679411023498
2010-11-07 06:00:00,0.5453846153846154,0.898555533755086,0.9827666,0.6746003702547188,1.5952093023255813,0.7215252252604916
2010-11-07 07:00:00,1.5049666666666668,0.8032556887709503,0.7742214,0.7869730373724677,0.3292,0.507065874260152
2010-11-07 08:00:00,1.7795714285714286,0.6480455041277399,0.66867167,0.6004755789000225,0.35500000000000004,0.5045863444435166
2010-11-07 09:00:00,2.0368,0.6644267366613947,0.7421846,0.9459579650578819,0.39823333333333333,0.7063497659759521
2010-11-07 10:00:00,0.9514999999999999,0.8620660122306875,0.70180744,0.20730230730993782,0.38665306122448984,0.7339175604237371
2010-11-07 11:00:00,1.2351333333333334,1.1474950915978084,0.95409656,0.6347568642971209,0.31976666666666664,1.0016750918726072
2010-11-07 12:00:00,1.4556,1.0705446806629677,1.0993979,0.45454079837314376,0.3359333333333333,0.9390898673502985
2010-11-07 13:00:00,1.5867916666666666,1.24170375451917,1.3569365,0.9503611716945252,0.9352916666666666,1.1278975688137256
2010-11-07 14:00:00,1.2386000000000001,1.3237348702929879,1.367825,1.5784778608661794,1.5401724137931034,1.403650961015864
2010-11-07 15:00:00,1.2562777777777778,1.2541770502594036,1.2492435,1.5681340325452986,0.6232452830188678,1.0833301511811622
2010-11-07 16:00:00,1.6547999999999998,1.145671907375486,1.2091552,1.0970521485650047,0.3419245283018868,0.921899055261522
2010-11-07 17:00:00,1.2845714285714287,1.2519580917098154,1.2849776,1.508959803292798,0.41043636363636365,1.0261862935105615
2010-11-07 18:00:00,1.8164242424242425,1.3936078155906784,1.3907384,1.4854828670463989,0.3284666666666667,1.1813982578060216
2010-11-07 19:00:00,1.7231525423728813,1.3075061602117812,1.7217276,1.4203152622195758,0.36433333333333334,1.2221378421038152
2010-11-07 20:00:00,1.2988333333333335,1.0951613374372682,1.1798822,1.41585881819741,0.39280000000000004,1.199614302011339
2010-11-07 21:00:00,0.43960000000000005,1.1344795332777011,1.2152543,0.8168260252067023,1.093591836734694,1.4425508109886045
2010-11-07 22:00:00,0.3135,1.8842720697307613,1.4941298,1.089915142445145,1.3272666666666666,1.6010768199544148
2010-11-07 23:00:00,0.40163333333333334,1.4093983890620498,1.0654204,1.3237836082270664,2.038,1.68862257053248
2010-11-08 00:00:00,0.376,0.6962463849105082,0.6739044,1.120659696938473,1.3194000000000001,1.031545638953696
2010-11-08 01:00:00,1.0100666666666667,0.9846862383275156,0.6140312,1.015840791378702,1.3652173913043477,0.9053880023478726
2010-11-08 02:00:00,0.3308,0.9663104949036284,0.69075227,1.0599943468649742,1.2843,0.824283593453942
2010-11-08 03:00:00,0.3314333333333333,0.4762548259095083,0.47070104,0.9302314395426872,1.0764406779661018,0.7301658463168288
2010-11-08 04:00:00,0.9011186440677965,0.471178771749247,0.4766175,0.5078584073995909,0.3485714285714286,0.5114009409916671
2010-11-08 05:00:00,2.5205283018867926,0.464048890261707,0.44972923,0.7801857132710197,0.3529583333333333,0.582365831057813
2010-11-08 06:00:00,1.786125,0.8051205400837368,0.6951399,0.6296280814614713,0.40442105263157896,0.61161750186223
2010-11-08 07:00:00,1.3351250000000001,1.0561828899276233,1.0384408,0.6937238459410424,0.37974545454545455,0.6721405398352709
2010-11-08 08:00:00,1.3682142857142858,1.0067698713975428,1.0180527,0.9523148946237485,0.3178,0.7505906261995424
2010-11-08 09:00:00,1.375448275862069,1.1346291512405813,0.97441965,0.9768462954917777,1.016734693877551,0.8258888081732769
2010-11-08 10:00:00,1.5064745762711864,1.1202944844959388,1.10887,1.0473024027252587,0.4413,0.8025708269056415
2010-11-08 11:00:00,1.5374468085106383,0.9436086499677261,0.8911105,1.297579627278889,0.40673333333333334,0.8266109122735151
2010-11-08 12:00:00,1.2387000000000001,0.9001814492284533,0.89602196,0.911797071052099,0.7283333333333334,0.705299447717652
2010-11-08 13:00:00,0.9437333333333334,1.2979141279205744,1.1985557,1.3575996869408646,1.7899111111111112,1.033482644963629
2010-11-08 14:00:00,0.4469666666666667,1.4133268326631037,1.3056288,1.448688559098175,1.4406999999999999,1.0994548175841166
2010-11-08 15:00:00,0.6663333333333334,1.213419208515452,1.2270588,1.4063881149336017,1.4621666666666668,0.9651756796519393
2010-11-08 16:00:00,1.5338888888888889,1.1331803254857338,1.1336287,1.393696301393588,1.4910204081632654,0.9359917506277581
2010-11-08 17:00:00,1.9308648648648647,1.091979116567711,1.1703196,1.419600887101626,1.4483,0.9352706168602407
2010-11-08 18:00:00,2.4812631578947366,0.9218340740153356,0.9570633,1.0743047662672502,0.6616333333333333,0.7748111858304618
2010-11-08 19:00:00,2.6497333333333333,1.1368087588869782,0.95337677,0.7888788591981515,0.33193333333333336,0.8128998179469985
2010-11-08 20:00:00,1.8272333333333333,0.9197937892433125,1.0620263,0.889490916695821,0.475,0.8113223157832207
2010-11-08 21:00:00,0.45984615384615385,1.1738072914004083,1.1020157,1.4219170827959644,1.0677333333333332,1.103461257753994
2010-11-08 22:00:00,0.3769,1.2380869658455982,1.2325715,1.3307067114839355,1.4156296296296296,1.2687561241468341
2010-11-09 00:00:00,0.3479,0.7089022478065646,0.83058375,1.7791624690697931,1.2863333333333333,1.1234154662288605
2010-11-09 01:00:00,0.31756666666666666,0.7180958812366182,0.66530126,1.3102496623945674,1.2982790697674418,0.9174317149799582
2010-11-09 02:00:00,0.3158666666666667,0.5083061542766072,0.7036525,1.0279128167272833,0.4135,0.6483692404380978
2010-11-09 03:00:00,0.31166666666666665,0.5041939783452111,0.60082245,0.9121291162659937,0.41333333333333333,0.699189250985033
2010-11-09 04:00:00,0.39126666666666665,0.6690027505301096,0.92901653,0.7836832803537134,1.4665454545454546,0.7819696514712753
2010-11-09 05:00:00,1.5257916666666667,0.48687704488479405,0.57481277,0.7015532856449763,0.391,0.5731619145688344
2010-11-09 07:00:00,1.9789666666666668,1.0135320370993646,0.8695085,0.8570238335958351,0.554121212121212,0.619262146298619
2010-11-09 08:00:00,1.756470588235294,0.7437481638381808,0.7988579,0.4416786077317736,0.38176923076923075,0.5607816479479335
2010-11-09 09:00:00,1.7706101694915253,1.3639618709506278,1.249159,0.9405783269470316,1.33244,0.7685129831798413
2010-11-09 10:00:00,0.9877307692307693,0.9075243832589283,1.0452065,0.9938181503229846,0.8653666666666666,0.7642947980623895
2010-11-09 11:00:00,1.3566785714285714,0.8587038221190959,0.9540382,0.7927451406663157,0.43026666666666663,0.6789187099066641
2010-11-09 12:00:00,0.7865000000000001,0.8201113478192432,0.8828812,0.6614778364723755,0.3439666666666667,0.5969306519146034
2010-11-09 13:00:00,0.9226,0.9743534438022938,1.0136681,1.032133688742557,0.40273333333333333,0.7960309549217263
2010-11-09 14:00:00,0.5484333333333333,0.8323421628829096,0.8962572,0.9638546118455863,0.3610666666666667,0.7356958771910405
2010-11-09 15:00:00,0.4860666666666667,0.734500755454099,0.7464895,0.6111130631598762,0.37656666666666666,0.7924127305449523
2010-11-09 16:00:00,0.6602,0.7613504782009014,0.7293052,0.6822514150715835,0.3728,0.8368849812598513
2010-11-09 17:00:00,1.0494117647058823,0.9074032922606378,0.92519885,0.8897509265191752,0.3232,0.8492505804529994
2010-11-09 18:00:00,2.1284,0.8772101879122255,0.9781788,0.9991192442752878,1.0890714285714285,1.03597266852894
2010-11-09 19:00:00,2.309853658536585,1.0399186250138912,1.1390524,1.0178129040093666,0.8409,1.0452183857640778
2010-11-09 20:00:00,2.6345833333333335,1.018412264414918,1.1422234,0.6798050160417799,1.2145000000000001,0.9484190333238508
2010-11-09 21:00:00,2.725591836734694,1.0607231714831058,1.1840713,0.7566581609073884,1.3573666666666668,0.9523447865050615
2010-11-09 22:00:00,2.340733333333333,1.1832083686626234,1.2330923,0.8584217105501452,1.4289999999999998,1.0460121043090729
2010-11-09 23:00:00,1.2260333333333333,1.0955066005006935,1.073703,1.4105597100067664,2.340245614035088,1.259714232910497
2010-11-10 00:00:00,0.7873333333333333,0.4784049642533864,0.7162518,0.8263392802528278,0.6196296296296296,0.75223597429851
2010-11-10 01:00:00,0.4217,0.548101999807493,0.68275946,0.9907440963923945,0.9561666666666667,0.8265271805852037
2010-11-10 02:00:00,0.32753333333333334,0.4841391964984676,0.5891691,0.906274582055255,0.99272,0.7675509986096952
2010-11-10 03:00:00,0.3299333333333333,0.45108427102989324,0.44955146,0.43090904542733155,0.41344444444444445,0.5345114128673265
2010-11-10 04:00:00,0.30846666666666667,0.458207745243955,0.46005103,0.4155614627557874,0.32625806451612904,0.5100206952524362
2010-11-10 05:00:00,0.3451666666666667,0.47885166216063063,0.59396833,0.6207816291185648,0.37372093023255815,0.5771961414840442
2010-11-10 06:00:00,0.6000740740740741,0.6723730495152099,0.6603127,0.6730831957756094,0.40575510204081633,0.5244424516311011
2010-11-10 07:00:00,2.5872083333333333,0.8087906379158869,0.9078669,0.5788462092055761,0.9433793103448276,0.7051548884417639
2010-11-10 08:00:00,1.9559111111111112,1.3470508888288437,1.5243869,1.1659253038513206,1.66404,0.8795326054744158
2010-11-10 09:00:00,1.386566037735849,1.3936531199565596,1.4658053,1.7544062924956152,1.55735,1.1899174011638085
2010-11-10 10:00:00,1.7388571428571429,1.3440399233773417,1.2687434,1.7799430143062356,1.0415666666666668,1.0672676421146197
2010-11-10 11:00:00,1.9577600000000002,1.031631768966924,1.083635,0.8457495054278321,0.38856666666666667,0.8570166888150904
2010-11-10 12:00:00,1.4770333333333334,0.9572157618169088,0.9166523,0.8370279802902425,0.3289,0.6717979044699862
2010-11-10 13:00:00,1.7245945945945946,0.821986128352431,0.8192323,0.7854561690995348,0.4435333333333334,0.6915636570871189
2010-11-10 14:00:00,1.6658333333333333,0.6848671545983381,0.63131535,0.6237830893661187,0.32583333333333336,0.586508366892695
2010-11-10 15:00:00,1.5383928571428573,0.7910854823090893,0.658546,0.752602498676834,0.3891,0.7297069158396532
2010-11-10 16:00:00,1.5676666666666668,0.6838286428563606,0.76893294,0.7300397128370338,0.3891666666666667,0.7352321761285991
2010-11-10 17:00:00,1.308,0.7925236537337816,0.8194585,0.8605212131101443,0.6678644067796611,0.8742632079511885
2010-11-10 18:00:00,1.7590333333333334,0.93642197813866,1.1352111,1.1040486497828013,0.9811,1.0898944369378727
2010-11-10 19:00:00,0.9631666666666666,1.2951725890075254,1.5012425,1.4777112200318898,1.2302,1.1423709353950953
2010-11-10 20:00:00,0.39333333333333337,1.2039578179555053,1.5684271,1.130030922923018,1.5963448275862069,1.2607437430527464
2010-11-10 21:00:00,0.4352,1.3826638718562207,1.6328467,1.4416635670711333,2.590315789473684,1.467683738455066
2010-11-10 22:00:00,0.38683333333333336,1.0707899465198683,1.0816386,0.9697016147911526,0.9058305084745762,1.0997294467640217
2010-11-10 23:00:00,1.2024333333333332,0.7962791355294984,0.8967459,0.6051826444228152,0.3754,0.8828700961381631
2010-11-11 00:00:00,0.5653333333333334,0.516082781732941,0.6550341,0.46940514719698956,0.4561,0.5258165710619045
2010-11-11 01:00:00,0.3524333333333333,0.5171808611020151,0.60718787,0.6674644580382294,1.024,0.6881262416209941
2010-11-11 02:00:00,0.3161,0.5206930385078157,0.6586068,0.9112548210229763,0.8677777777777779,0.862641803947461
2010-11-11 03:00:00,0.34573333333333334,0.4221715823637868,0.4634299,0.3645255726234221,0.33051162790697675,0.4419196048676636
2010-11-11 04:00:00,0.3668666666666667,0.42844752740079983,0.46485904,0.33634663520231656,0.4944782608695652,0.48976457042354316
2010-11-11 05:00:00,0.3636666666666667,0.48051825338115955,0.5506608,0.5425339495864672,0.40785,0.5884847025524684
2010-11-11 06:00:00,1.1501666666666668,0.8960940836845275,0.7811825,0.6231152740030668,0.8643703703703705,0.6478686065825383
2010-11-11 07:00:00,0.6459333333333334,1.4907448443092164,1.69431,1.0967463126349608,2.0996521739130434,1.076166920456475
2010-11-11 08:00:00,0.8163,1.3411892857035483,1.6222665,1.7596370872037634,2.013058823529412,1.1970762818125942
2010-11-11 09:00:00,1.1073333333333333,1.3893803600371404,1.4753462,1.569514884561868,1.7051351351351351,1.217592858184696
2010-11-11 10:00:00,1.4271666666666667,1.2722956912625387,1.4194926,1.4971709199866665,1.984,1.177216843591962
2010-11-11 11:00:00,1.859025641025641,1.5077365473003785,1.5726644,0.8542030280785764,2.0773125,1.1039937468721623
2010-11-11 12:00:00,1.54728,1.148296928798714,1.1052567,1.1255967357591,1.013764705882353,0.8752998269265491
2010-11-11 13:00:00,1.0682857142857143,0.7641221412610615,0.9027754,0.17147046430475155,1.1286666666666667,0.6774768821293122
2010-11-11 14:00:00,1.4446153846153846,0.8018839204507509,0.8403713,0.7357309495671325,0.8233,0.6618514827422544
2010-11-11 15:00:00,2.308153846153846,0.772201589835785,0.8562015,0.5723020790258617,0.7059,0.6747366093984948
2010-11-11 16:00:00,2.1080434782608695,0.9098852806478779,0.84806305,0.5467278649876914,0.44949999999999996,0.6972237645222887
2010-11-11 17:00:00,2.43025,1.1281471741862878,1.0389467,0.7580365624882577,0.6564666666666666,0.8808192866702543
2010-11-11 18:00:00,1.304782608695652,1.2110355238406445,1.3320045,1.4438164525694053,1.1835,1.185320024889289
2010-11-11 19:00:00,0.8886666666666667,1.7116379523442966,1.7802647,2.1685549650350406,2.4904,1.5539510329262423
2010-11-11 20:00:00,1.7709583333333334,1.873825042969374,1.96514,0.8855471187974636,2.5073333333333334,1.6823050866049978
2010-11-11 21:00:00,0.8788,1.2986250391515552,1.3385072,1.2518301058908265,2.133785714285714,1.668558597366442
2010-11-11 22:00:00,0.4840666666666667,1.2649817643003056,1.0479245,0.7120600158553136,1.6852156862745098,1.165756112420767
2010-11-11 23:00:00,0.28099999999999997,1.0748021128724743,0.9611399,0.9840861580366654,0.6695918367346939,0.8407449519885857
2010-11-12 00:00:00,0.881,0.5676490117737004,0.57154626,0.40909406945413096,0.3666470588235294,0.36186528407499385
2010-11-12 01:00:00,0.2672666666666667,0.48841690645158253,0.496964,0.6761662739608203,0.34102040816326534,0.4666346634695917
2010-11-12 02:00:00,0.35063333333333335,0.4934682647956226,0.44769827,0.5143006721672704,0.3645185185185185,0.5293650140454615
2010-11-12 03:00:00,0.3204,0.6029922610897166,0.53224534,0.6270164971206176,0.4144375,0.45116652871224683
2010-11-12 04:00:00,0.2792,0.5218528569416298,0.485976,0.3698163718065397,0.37,0.46576750603845163
2010-11-12 05:00:00,0.2896,0.5722923043674161,0.47266114,0.3818176389039005,0.3657241379310345,0.5104509814283102
2010-11-12 06:00:00,0.6563666666666667,0.8337234046612323,0.80594414,0.5224968728584959,0.701593220338983,0.7019906342372351
2010-11-12 07:00:00,2.5505555555555555,1.9212851145184064,1.7989134,2.41139068397526,2.3426046511627905,1.3828347731400854
2010-11-12 08:00:00,2.1094,1.5122006889588815,1.5880053,1.4060494084642694,1.7388771929824562,1.332525083647011
2010-11-12 09:00:00,1.4840344827586207,1.34265795608764,1.4026037,1.3152285530314571,1.445607843137255,1.1674393386716946
2010-11-12 10:00:00,1.3934042553191488,1.2967963778667357,1.3398505,1.3522172274488584,1.4172333333333333,1.1138594824531425
2010-11-12 11:00:00,1.4117333333333335,1.0443030243051294,1.2105187,0.786339896892575,1.4705000000000001,1.2111908836026875
2010-11-12 12:00:00,1.4181694915254237,1.1179795248130822,1.2279092,1.2475734489821608,1.6222745098039217,0.9714041715106675
2010-11-12 13:00:00,0.8018333333333333,1.2554361292426395,1.3501704,1.0860358068808966,1.4630400000000001,0.9263325286474772
2010-11-12 14:00:00,1.2446792452830189,1.0349331081247783,1.1472224,1.1215799402154496,1.4278545454545455,0.9679897003283354
2010-11-12 15:00:00,1.7355,0.9901936563728363,1.0147359,1.064377532278445,1.5415555555555556,0.9804967493325498
2010-11-12 16:00:00,1.2610357142857143,0.8847406545864841,0.83885694,1.028180496669383,0.8524666666666667,0.8171840606947054
2010-11-12 17:00:00,2.130666666666667,1.090295932317134,1.0835526,0.9390248494660604,0.7742666666666668,0.9200250312051148
2010-11-12 18:00:00,2.209,0.9994608023909367,1.1981649,0.7843104724500728,1.1300999999999999,1.0280357554422364
2010-11-12 19:00:00,1.2176,1.797342526164587,1.7201399,1.0993086002770431,1.672943396226415,1.431520638316046
2010-11-12 20:00:00,1.1149,1.8893466331322235,1.972823,1.5708181363783258,2.186406779661017,1.6380828776367757
2010-11-12 21:00:00,0.32053333333333334,1.4384832254834672,1.7469122,1.6779722351981556,1.8398666666666665,1.591597986776459
2010-11-12 22:00:00,0.6398666666666666,1.1634375459025912,1.2355322,1.5074712106686905,1.3280333333333334,1.282182969659768
2010-11-12 23:00:00,0.6910333333333334,0.8139155221732223,0.91071033,0.6403705049035004,0.35366666666666663,0.8988669906253569
2010-11-13 00:00:00,0.8481,0.5102894335850724,0.56115294,0.36664830811181914,0.3185,0.6093084340929025
2010-11-13 01:00:00,0.3094,0.4787149090567974,0.50670546,0.5872135210593783,0.35175510204081634,0.7191266757630063
2010-11-13 02:00:00,0.28396666666666665,0.5563337643925444,0.6215728,0.5456187627685924,1.0021333333333333,0.9432448715999776
2010-11-13 03:00:00,0.3494333333333334,0.44771080913847405,0.4962901,0.35970791479183883,0.3465,0.7604268296950669
2010-11-13 04:00:00,0.37116666666666664,0.41533107898521704,0.49235892,0.48800805042436535,0.33843333333333336,0.6980800943641445
2010-11-13 05:00:00,0.5848,0.4621645370072024,0.47994158,0.5695201111479515,0.41727586206896555,0.6958326456446604
2010-11-13 06:00:00,2.109762711864407,0.8915195353543482,0.79493344,0.738479694458178,0.6567333333333334,0.8487064394714467
2010-11-13 07:00:00,1.4960333333333333,1.990242690198011,2.0081484,2.20706862993523,2.4685416666666664,1.6104640613434058
2010-11-13 08:00:00,0.7291666666666666,1.5074696629377768,1.6684738,0.9448633571296945,1.7405,1.4216010875106544
2010-11-13 09:00:00,0.4220333333333333,1.4584603005116248,1.3749007,1.355593173592049,1.3696,1.2455106994171088
2010-11-13 10:00:00,1.1491,1.2935541827901793,1.148093,1.2884941302435606,1.14516,1.0842835952899441
2010-11-13 11:00:00,1.1453,1.3598143282263344,1.415587,1.6308604485807312,1.5086060606060605,1.2914351443354763
2010-11-13 12:00:00,2.062,1.3492776685455803,1.388073,0.8260140616977085,1.9629666666666665,1.3784142575593679
2010-11-13 13:00:00,1.9992258064516129,1.3247032087979316,1.6093873,2.181050148303953,1.1770333333333334,1.4456439081702133
2010-11-13 14:00:00,1.6325625,1.1166002703943072,1.2364179,2.046135557323919,0.5483333333333333,1.070910471229133
2010-11-13 15:00:00,2.7011555555555553,1.4401561823074567,1.5537984,2.103218376870802,1.8848999999999998,1.4265253642888516
2010-11-13 16:00:00,2.066,1.6454082469397617,1.6424882,2.391511115982369,1.5508979591836736,1.4064804311915682
2010-11-13 17:00:00,1.717142857142857,1.4067962543040837,1.522994,2.418926055430103,1.4962222222222221,1.3886870390153438
2010-11-13 18:00:00,2.1047659574468085,1.4616092121183497,1.5162096,2.3275942227086412,1.3956744186046512,1.4134983210738699
2010-11-13 19:00:00,1.7131666666666665,1.5013745009387,1.6381814,2.240501158571769,1.8446206896551725,1.6301254953974533
2010-11-13 20:00:00,1.7058,1.5028776055208044,1.8242061,1.8463085357692237,1.2521666666666667,1.6185521917294086
2010-11-13 21:00:00,1.6986333333333334,1.6278295067268116,1.5066749,1.3894560737360517,1.1034333333333335,1.4509684888567296
2010-11-13 22:00:00,1.7436,1.2238525462641596,1.4196787,2.2621356306283755,1.0556666666666668,1.4619404931153268
2010-11-13 23:00:00,1.845,1.0366547660568202,1.123769,1.6071139446375926,0.5132,1.1876480769459765
2010-11-14 00:00:00,1.5677333333333332,0.723865302791296,0.8537943,1.1923434825161454,0.511,0.9243856234558732
2010-11-14 01:00:00,1.0019666666666667,0.6407903061791579,0.79316205,0.9721564827009248,0.3605,0.8496437256155611
2010-11-14 02:00:00,0.5980666666666666,0.5610215895461812,0.622509,0.7484755643162584,0.37623333333333336,0.7909034698238144
2010-11-14 03:00:00,0.3370666666666667,0.500945084415332,0.4667722,0.44695068339570043,0.3991,0.7213721440828291
2010-11-14 04:00:00,0.3650333333333334,0.4965433725166682,0.47996974,0.4186456736985147,0.4824,0.7506819682431652
2010-11-14 05:00:00,0.2871666666666667,0.5064550295569236,0.62783664,0.4038965358863623,0.32783333333333337,0.7730661006724939
2010-11-14 06:00:00,0.3058666666666667,1.006001473968204,0.7470688,0.5218638818433299,0.33849999999999997,0.8339049552731579
2010-11-14 07:00:00,0.5280333333333334,1.5843986070417362,1.4665036,1.9705485790706732,1.0311,1.462076878842862
2010-11-14 08:00:00,1.1209333333333333,1.3384045169070506,1.1557522,1.5755122795666732,0.5453846153846154,1.1808050774961902
2010-11-14 09:00:00,1.1384666666666667,1.361969117867244,1.4398361,1.873138539510472,1.5049666666666668,1.1851294049044458
2010-11-14 10:00:00,0.996271186440678,1.4264893808881243,1.4075234,1.9662268172142983,1.7795714285714286,1.3122317604548543
2010-11-14 11:00:00,1.3779666666666666,1.5608444486898443,1.6009111,1.8216510518725766,2.0368,1.4408308587678444
2010-11-14 12:00:00,1.2797666666666667,1.2191638062704906,1.2908479,1.9635253981914595,0.9514999999999999,1.24545134181072
2010-11-14 13:00:00,1.59964,1.2062246720096221,1.1730769,0.8695123099362772,1.2351333333333334,0.9617360389210513
2010-11-14 14:00:00,2.198,1.161625134274153,1.1523087,1.1322479756066646,1.4556,0.9514571797829503
2010-11-14 15:00:00,2.3395555555555556,1.25904163039258,1.3314435,1.8026135882363756,1.5867916666666666,1.3280415871994073
2010-11-14 16:00:00,2.378533333333333,1.2381331316104067,1.4770521,2.167755834149343,1.2386000000000001,1.281758730985029
2010-11-14 17:00:00,2.390888888888889,1.1701293211597998,1.3506986,1.554657963677156,1.2562777777777778,1.2102407640206174
2010-11-14 18:00:00,1.4815593220338985,1.1702623358366353,1.4405483,1.6191296585784674,1.6547999999999998,1.3462230563493156
2010-11-14 19:00:00,2.3393061224489795,1.1965480496145602,1.4857112,1.886437195050831,1.2845714285714287,1.3870729916754898
2010-11-14 20:00:00,2.210808510638298,1.1743082055237235,1.5453207,2.1149430864859022,1.8164242424242425,1.3967738417641438
2010-11-14 21:00:00,0.9064666666666666,1.2461712966589968,1.4183309,1.811504137025691,1.7231525423728813,1.396729353131151
2010-11-14 22:00:00,0.38816666666666666,1.1669656530324426,1.2253556,1.6070454789616644,1.2988333333333335,1.2187108799360322
2010-11-14 23:00:00,0.28103333333333336,0.7658396123045315,0.8073039,1.1308777373743861,0.43960000000000005,0.906098962414203
2010-11-15 00:00:00,0.34606666666666663,0.4764639532322301,0.41716215,0.19461071901495985,0.3135,0.5096716454741262
2010-11-15 01:00:00,0.3284666666666667,0.4751331946900656,0.591832,0.4422003632737159,0.40163333333333334,0.6543146776388717
2010-11-15 02:00:00,0.5818666666666666,0.402885846009425,0.4271441,0.5034752252289193,0.376,0.6528699975061838
2010-11-15 03:00:00,0.6005,0.4677274568953161,0.42561883,0.7080025435380817,1.0100666666666667,0.7716643329436554
2010-11-15 04:00:00,0.3533,0.41667277011248305,0.46596208,0.5940697086459075,0.3308,0.6725364044972063
2010-11-15 05:00:00,0.8714999999999999,0.48177091657689963,0.50379276,0.5537595699236038,0.3314333333333333,0.5996384899379049
2010-11-15 06:00:00,2.0669795918367346,0.9683386154499927,0.84854656,0.8782271131754384,0.9011186440677965,0.6990223557692182
2010-11-15 07:00:00,1.5528135593220338,1.738301798832269,1.7816421,2.397107013521845,2.5205283018867926,1.3828826056503805
2010-11-15 08:00:00,1.3860689655172413,1.3720229124986634,1.4368135,1.1469660209782768,1.786125,1.2080976793047888
2010-11-15 09:00:00,1.3088666666666666,1.2462917830219131,1.1579545,0.7369052602881159,1.3351250000000001,1.1318796043478028
2010-11-15 10:00:00,1.3930181818181817,1.1499255533949615,1.0969851,0.48839816964625515,1.3682142857142858,1.0985463500769423
2010-11-15 11:00:00,2.0273333333333334,1.1265636353848445,1.1120939,0.2935812322341149,1.375448275862069,1.207668144402187
2010-11-15 12:00:00,2.1603636363636363,1.1191271176523452,1.0668653,0.6934877275767082,1.5064745762711864,1.0641354015621323
2010-11-15 13:00:00,0.4295333333333333,1.1622819058159346,0.9541722,0.8688946504020554,1.5374468085106383,0.993821887840079
2010-11-15 14:00:00,0.3873,1.0475298627561782,0.8358812,0.7947284877522114,1.2387000000000001,1.003827590032268
2010-11-15 15:00:00,0.5152333333333333,1.208361592192986,1.1345809,1.005485081926848,0.9437333333333334,1.0806368414612735
2010-11-15 16:00:00,0.8739333333333333,1.029097994316562,0.93547875,0.3800986521261238,0.4469666666666667,0.9630312567586193
2010-11-15 17:00:00,1.3049491525423729,1.1794180170847386,1.1504394,0.631237142421703,0.6663333333333334,1.0224773730080219
2010-11-15 18:00:00,1.5485084745762712,1.3558023138171365,1.3267074,1.1007836806276616,1.5338888888888889,1.401916489233944
2010-11-15 19:00:00,2.385170731707317,1.4186345594914678,1.5947661,1.6350673232709874,1.9308648648648647,1.5585317970084467
2010-11-15 20:00:00,1.5087666666666666,1.9242810699343198,1.8512934,2.0626772940303875,2.4812631578947366,1.5722045688928499
2010-11-15 21:00:00,1.2497,1.8415600447684062,1.7426927,1.9106674907609351,2.6497333333333333,1.543128046048661
2010-11-15 22:00:00,0.5057333333333334,1.2925617582923405,1.3359288,1.3144664009747256,1.8272333333333333,1.2861028230679599
2010-11-15 23:00:00,0.32380000000000003,0.7824163502562324,0.8805802,0.6646015044758937,0.45984615384615385,0.8190520711777416
2010-11-16 00:00:00,0.2922666666666667,0.5666261807379656,0.550591,0.08266378394469853,0.3769,0.5148377336283603
2010-11-16 01:00:00,1.0268333333333333,0.43962264766926346,0.45281437,0.5097778566300866,0.3479,0.5367384893903474
2010-11-16 02:00:00,0.30073333333333335,0.48199651236093105,0.5303002,0.4238075629902929,0.31756666666666666,0.5334453674524069
2010-11-16 03:00:00,0.27913333333333334,0.47070696192996286,0.43913424,0.3001050883987769,0.3158666666666667,0.5233067678308708
2010-11-16 04:00:00,0.3375666666666667,0.4372528121851783,0.42824215,0.43524657470659445,0.31166666666666665,0.5141664463540903
2010-11-16 05:00:00,1.0904561403508772,0.5261618416300918,0.52126265,0.5566346452904731,0.39126666666666665,0.7525496309485823
2010-11-16 06:00:00,2.424474576271187,1.090533149188072,1.046006,1.2220278343981716,1.5257916666666667,0.9598520456604024
2010-11-16 07:00:00,1.4830416666666666,1.5827823608274334,1.8031664,2.3709690768170484,1.9789666666666668,1.4102868878862336
2010-11-16 08:00:00,1.4765098039215685,1.4018217090415015,1.5320044,1.74420660030551,1.756470588235294,1.2486480730871068
2010-11-16 09:00:00,1.4629666666666667,1.407748059739567,1.3985211,1.5046589391933505,1.7706101694915253,1.3969259337973798
2010-11-16 10:00:00,0.9056666666666667,1.2109156070771656,1.2744235,0.863784676808873,0.9877307692307693,1.1713193615846085
2010-11-16 11:00:00,0.3705333333333333,1.1996347229634976,1.1515918,0.8669118869055217,1.3566785714285714,1.119813002858706
2010-11-16 12:00:00,0.36646666666666666,0.8933273418547722,0.9928417,0.16359497605173345,0.7865000000000001,0.8723547895173509
2010-11-16 13:00:00,0.28203333333333336,0.9363931363327163,0.8841811,1.1439851479352803,0.9226,0.8384589126018696
2010-11-16 14:00:00,0.31460000000000005,0.8460567557157753,0.94453925,0.2273241391181,0.5484333333333333,0.8931653580925024
2010-11-16 15:00:00,0.44334482758620686,0.7739552020504185,0.75663716,0.27654483094307325,0.4860666666666667,0.8557958419278244
2010-11-16 16:00:00,1.4056,0.8380319277830439,0.7640319,0.4546381252035929,0.6602,0.876607973050189
2010-11-16 17:00:00,2.062866666666667,0.8973634789759737,0.8630548,0.42243074295378646,1.0494117647058823,1.0656071141999963
2010-11-16 18:00:00,1.8530909090909091,1.872654417577784,1.6503242,1.8337516333422492,2.1284,1.5926183557941307
2010-11-16 19:00:00,2.177233333333333,1.8813526985329312,1.9307635,1.7271316089884965,2.309853658536585,1.6769211526128502
2010-11-16 20:00:00,2.5300333333333334,1.9970704283361618,1.8580527,1.7555036202715693,2.6345833333333335,1.8972651401586669
2010-11-16 21:00:00,0.7507,1.8831921801604077,1.6432111,1.6230287848769867,2.725591836734694,1.9619824269131265
2010-11-16 22:00:00,0.5058,1.7249293143484126,1.7504846,2.1299730059520448,2.340733333333333,1.636286031772419
2010-11-16 23:00:00,0.3677,1.416813663247815,1.1101086,0.6419553488086858,1.2260333333333333,1.1862475689376037
2010-11-17 00:00:00,0.29406666666666664,0.5865130654736438,0.48577812,0.17481782756306408,0.7873333333333333,0.5443114217397255
2010-11-17 01:00:00,0.32846666666666663,0.5545825788253179,0.58336926,0.4093383294035602,0.4217,0.5285467556835048
2010-11-17 02:00:00,0.32553333333333334,0.4535299055162452,0.43742028,0.2138712753501003,0.32753333333333334,0.4855255779656912
2010-11-17 03:00:00,0.5885,0.43044434645054236,0.48087028,0.2170276345377523,0.3299333333333333,0.4846805363262069
2010-11-17 04:00:00,0.7421666666666666,0.4930450538341377,0.47931325,0.29322576562216773,0.30846666666666667,0.4903804530132292
2010-11-17 05:00:00,0.7334642857142857,0.40408694411805796,0.4493493,0.2903604797836945,0.3451666666666667,0.5897223673155781
2010-11-17 06:00:00,2.5272452830188676,0.975134017547067,0.8772108,0.7803260598585771,0.6000740740740741,0.9139262490313746
2010-11-17 07:00:00,1.4536666666666667,2.0768474052735475,1.9161936,2.44726781558846,2.5872083333333333,1.683765947947474
2010-11-17 08:00:00,1.3489333333333335,1.5778926846275263,1.6736515,1.857399779418537,1.9559111111111112,1.6403658535661971
2010-11-17 09:00:00,1.3998333333333333,1.4284581763608162,1.516101,1.278337463395395,1.386566037735849,1.4365778161692329
2010-11-17 10:00:00,1.4121,1.3684289007302985,1.2961391,1.5886818381579406,1.7388571428571429,1.3193283510624343
2010-11-17 11:00:00,1.5148000000000001,1.4002188624408312,1.3857653,1.7980690890703097,1.9577600000000002,1.2357889637499389
2010-11-17 12:00:00,0.6901666666666666,1.2323379855627166,1.2388723,1.3565176724212176,1.4770333333333334,1.0859981053732453
2010-11-17 13:00:00,0.28030000000000005,1.3944240161307646,1.4375031,1.0286803528250588,1.7245945945945946,1.0416880361339993
2010-11-17 14:00:00,0.45990000000000003,1.2690365973259583,1.315622,1.0998290188445834,1.6658333333333333,0.989491540673709
2010-11-17 15:00:00,0.8000666666666666,1.152547956834392,1.3278133,0.9072902251690708,1.5383928571428573,0.9430597250464802
2010-11-17 16:00:00,1.0461,1.248332434183929,1.2022983,0.651942984235532,1.5676666666666668,0.9048811781431922
2010-11-17 17:00:00,1.6297333333333335,1.3352599670237202,1.1738375,0.6661773809655169,1.308,1.048292214044705
2010-11-17 18:00:00,1.9631153846153846,1.3612435252417996,1.4484115,1.0000390356614661,1.7590333333333334,1.4544031330172915
2010-11-17 19:00:00,1.9144528301886792,1.3093113548683966,1.3410041,1.47461913935597,0.9631666666666666,1.3814015667962345
2010-11-17 20:00:00,1.6547719298245616,1.4833724809447346,1.648271,1.4375334911044992,0.39333333333333337,1.301587543272532
2010-11-17 21:00:00,1.0596,1.7776607693439135,1.701338,1.60329834184203,0.4352,1.4607122715428358
2010-11-17 22:00:00,0.6331333333333333,0.9509915655855785,1.1458905,1.0013445084129795,0.38683333333333336,1.1088657629005083
2010-11-17 23:00:00,0.4355438596491228,0.8601066078138544,1.0203489,1.0737077320575787,1.2024333333333332,1.0041251478266269
2010-11-18 00:00:00,0.39063333333333333,0.4141254115217518,0.5411113,0.28519042470163725,0.5653333333333334,0.6799885165060586
2010-11-18 01:00:00,0.5135333333333334,0.43659233294468286,0.47167146,0.32764284089208306,0.3524333333333333,0.6817001668323537
2010-11-18 02:00:00,1.0192,0.5251386748406393,0.49278507,0.2500580717331323,0.3161,0.6208667471115061
2010-11-18 03:00:00,0.45732203389830506,0.487988122496684,0.48235026,0.267413507831891,0.34573333333333334,0.5343133294678635
2010-11-18 04:00:00,0.38533333333333336,0.530154762916825,0.4639501,0.33116790493241133,0.3668666666666667,0.5868075022875905
2010-11-18 05:00:00,0.7225454545454546,0.4468902058524473,0.4540354,0.24926444946046566,0.3636666666666667,0.600406411686093
2010-11-18 06:00:00,2.6130196078431376,1.007626495321825,0.8900072,0.7828734834090402,1.1501666666666668,0.9934053778862884
2010-11-18 07:00:00,1.5315,1.6386287700117537,1.5027921,1.7296986471265798,0.6459333333333334,1.3890226944629869
2010-11-18 08:00:00,1.3510666666666666,1.5127639441570657,1.5003301,1.231915920752728,0.8163,1.3004971429175802
2010-11-18 09:00:00,1.3487333333333333,1.425496417612287,1.5663742,1.2525687377530887,1.1073333333333333,1.3306704100478264
2010-11-18 10:00:00,1.3437666666666668,1.5569919776549153,1.7045308,1.3777793525286777,1.4271666666666667,1.431575450219405
2010-11-18 11:00:00,1.4898596491228069,1.6748581401597407,1.7107114,1.8778691664550062,1.859025641025641,1.6028201216512468
2010-11-18 12:00:00,0.9234666666666667,1.3922999732697872,1.3629699,0.8910283937593111,1.54728,1.0582556977817041
2010-11-18 13:00:00,0.41346666666666665,1.2196591005655053,1.1260389,1.1547780184742462,1.0682857142857143,1.143701099105837
2010-11-18 14:00:00,0.32563333333333333,1.3287575094519901,1.4266994,0.9050112384041976,1.4446153846153846,1.2080295681431608
2010-11-18 15:00:00,0.46526666666666666,1.5970111807719607,1.2869662,1.2192726455305771,2.308153846153846,1.2849132423821674
2010-11-18 16:00:00,0.5778333333333333,1.6949277166936838,1.7314806,1.3733524803869055,2.1080434782608695,1.388997998881659
2010-11-18 17:00:00,1.8872727272727272,1.7866249344423186,1.9223948,1.9673095017473123,2.43025,1.4721515052629972
2010-11-18 18:00:00,2.449222222222222,1.5567083926519778,1.6834832,1.6121833150307872,1.304782608695652,1.5053502367399443
2010-11-18 19:00:00,1.6634893617021276,1.6235853620612084,1.8455641,1.462009959790812,0.8886666666666667,1.4396775439882428
2010-11-18 20:00:00,1.3926666666666667,1.7515652942436462,1.915257,2.1906124709818076,1.7709583333333334,1.5408531614796883
2010-11-18 21:00:00,0.9224333333333334,1.45843067760902,1.6955673,1.3600645111592287,0.8788,1.3137287002150526
2010-11-18 22:00:00,0.47936666666666666,1.1675772385547385,1.3150405,0.5468868183433074,0.4840666666666667,1.0408950995251656
2010-11-18 23:00:00,0.3419,0.7836629123827447,0.95181894,0.5267140485214894,0.28099999999999997,0.8798162288727891
2010-11-19 00:00:00,0.27706666666666663,0.39589555451647146,0.43587333,0.08469050914497878,0.881,0.6592778172215882
2010-11-19 01:00:00,0.9548666666666666,0.4068357382006105,0.41028756,0.210534841194429,0.2672666666666667,0.5139260561189078
2010-11-19 02:00:00,0.31470000000000004,0.4669625965815778,0.42939076,0.21960091943075388,0.35063333333333335,0.5024289674126936
2010-11-19 03:00:00,0.3387333333333333,0.5077837686304668,0.47845635,0.2796788115349027,0.3204,0.5522848972461517
2010-11-19 04:00:00,0.26493333333333335,0.4789352122029315,0.47948575,0.27943620277131287,0.2792,0.5690120819171137
2010-11-19 05:00:00,0.8500666666666666,0.5107967841739479,0.48868966,0.41754851549160454,0.2896,0.61142959283822
2010-11-19 06:00:00,2.2033,0.9095693534029222,0.869704,0.347115423538101,0.6563666666666667,0.8562099655358306
2010-11-19 07:00:00,1.4469666666666667,1.7627131979532746,1.8455585,1.9592274416919324,2.5505555555555555,1.6854053629832548
2010-11-19 08:00:00,1.3643666666666665,1.8256398957863116,1.8660258,1.9444757210652406,2.1094,1.5480282469707605
2010-11-19 09:00:00,1.3499,1.4481925097635737,1.4768928,1.6649808750713875,1.4840344827586207,1.2713358766779645
2010-11-19 10:00:00,1.3954666666666666,1.3567463120134047,1.3598608,1.028267991589865,1.3934042553191488,1.263767480747229
2010-11-19 11:00:00,1.3907,1.2781961188710373,1.2741606,0.9952840160066184,1.4117333333333335,1.3137823811211176
2010-11-19 12:00:00,1.4688070175438595,1.312568322024199,1.3631029,1.1503444264889897,1.4181694915254237,1.294202003857988
2010-11-19 13:00:00,1.352204081632653,1.0841999918981582,1.361226,0.5975531956484093,0.8018333333333333,1.0950665765656293
2010-11-19 14:00:00,1.565245283018868,1.2496032791998473,1.3239594,0.7475157555894172,1.2446792452830189,1.2253197403510296
2010-11-19 15:00:00,1.4697,1.294255729756898,1.330794,0.881658657975934,1.7355,1.5199414796001967
2010-11-19 16:00:00,0.8064827586206897,1.3812423945827834,1.2165083,0.8382699964755422,1.2610357142857143,1.4130007224072676
2010-11-19 17:00:00,1.0164912280701754,1.7270744359625039,1.5655738,0.9276920540869368,2.130666666666667,1.643439317360466
2010-11-19 19:00:00,1.2161250000000001,1.9594415801741465,1.9521389,1.6904481047716984,2.209,1.6253800221516568
2010-11-19 20:00:00,1.3612000000000002,1.5593203360747134,1.82293,1.6002136852591577,1.2176,1.3520132654311499
2010-11-19 21:00:00,1.758612244897959,1.5909585833070443,1.5081218,1.7444246114096873,1.1149,1.2688349753131123
2010-11-19 22:00:00,0.5816610169491525,1.0492105231874194,1.0793104,0.7633729258671419,0.32053333333333334,0.9889098331096888
2010-11-19 23:00:00,0.3342,1.0377071275866638,1.0865365,0.5505628319069262,0.6398666666666666,0.8780658386274218
2010-11-20 00:00:00,0.3169666666666667,0.5214330544051461,0.5909703,0.4067974337275134,0.6910333333333334,0.6741226208552904
2010-11-20 01:00:00,0.28490000000000004,0.42836774659644056,0.5853326,0.16612260635506026,0.8481,0.7690931376467216
2010-11-20 02:00:00,0.3567,0.5981183805829587,0.6294661,0.2713565438294375,0.3094,0.6084048015127251
2010-11-20 03:00:00,0.31026666666666664,0.5432081470531641,0.6333643,0.2718113288542937,0.28396666666666665,0.672574313215238
2010-11-20 04:00:00,0.3265333333333333,0.5357331166532479,0.58353794,0.41801033298565504,0.3494333333333334,0.6359940908877412
2010-11-20 05:00:00,0.8852666666666666,0.5477558541267626,0.5501188,0.3210666734011226,0.37116666666666664,0.6599356030601499
2010-11-20 06:00:00,0.7865666666666667,0.8281058608368009,0.68888754,0.3953109440386471,0.5848,0.7528158003584795
2010-11-20 07:00:00,2.509433962264151,1.880613721537879,1.7554866,1.6947841107756503,2.109762711864407,1.2946862128222993
2010-11-20 08:00:00,1.9728333333333334,1.7120853521132222,1.8007449,1.749130560686961,1.4960333333333333,1.636472811511212
2010-11-20 09:00:00,1.461458333333333,1.544167510430651,1.5418627,1.5649232753660032,0.7291666666666666,1.340816633754261
2010-11-20 10:00:00,1.2921333333333334,1.232602107269772,1.2358063,1.7425806267465025,0.4220333333333333,1.1131748557367662
2010-11-20 11:00:00,2.06725,1.2588766271049898,1.3045074,2.266288978680824,1.1491,1.2301421268729382
2010-11-20 12:00:00,0.6637083333333333,1.2681638937669026,1.4685203,2.0521311153441815,1.1453,1.3716200709483004
2010-11-20 13:00:00,1.2979999999999998,1.7945757342292032,1.8162766,2.0767952681513258,2.062,1.5977839006659087
2010-11-20 14:00:00,1.0514333333333332,1.5267806516920972,1.6917825,1.6462885772578928,1.9992258064516129,1.4976289129080707
2010-11-20 15:00:00,1.2581666666666667,1.5595071937183187,1.6546036,1.7468959246641416,1.6325625,1.36481215592597
2010-11-20 16:00:00,1.5170333333333335,1.8557124328077175,1.878452,1.9742018673497066,2.7011555555555553,1.8726123688389051
2010-11-20 17:00:00,1.7953000000000001,1.9922864473663997,2.0935695,2.510198313181283,2.066,1.6962050634950128
2010-11-20 18:00:00,2.3396666666666666,1.632975853165731,1.6712471,2.3086407361231505,1.717142857142857,1.6695871661220318
2010-11-20 19:00:00,2.6088,1.8310652441187292,1.9229243,2.8033827326009613,2.1047659574468085,1.6839939475879342
2010-11-20 20:00:00,2.0465263157894737,1.6974506778104006,2.0592535,3.0311137417551324,1.7131666666666665,1.489840211436031
2010-11-20 21:00:00,1.7741,1.5466719298628118,1.6355791,2.4716353526538257,1.7058,1.421619336520608
2010-11-20 22:00:00,1.3264,1.3263150441971765,1.5032859,2.9288973986566056,1.6986333333333334,1.2441623765548329
2010-11-20 23:00:00,0.7294666666666667,1.2411837028238095,1.2516519,2.4585642290448915,1.7436,1.269181863417843
2010-11-21 00:00:00,0.5199,1.0161043035030497,0.75946814,0.6838137864424063,1.845,0.9783419606947406
2010-11-21 01:00:00,0.2938,0.6522257808600089,0.7163957,0.9541526847029238,1.5677333333333332,0.9958680324182092
2010-11-21 02:00:00,0.8968,0.6532071438169367,0.68077207,0.6817967527923039,1.0019666666666667,0.7198062225455156
2010-11-21 03:00:00,0.3299,0.603475015535211,0.50055546,0.443653118217192,0.5980666666666666,0.588246249953783
2010-11-21 04:00:00,0.34456666666666663,0.5753756498606486,0.3908427,0.4564346344097463,0.3370666666666667,0.5267068117830382
2010-11-21 05:00:00,0.2902666666666667,0.5346140698272078,0.4064694,0.207362666288901,0.3650333333333334,0.5528232205116864
2010-11-21 06:00:00,0.33686666666666665,0.7648837747618801,0.508024,0.18785740996205225,0.2871666666666667,0.5804595071674948
2010-11-21 07:00:00,2.0713,0.6969280999513191,0.7568656,0.12472616308503359,0.3058666666666667,0.8686611487063755
2010-11-21 08:00:00,1.4247,1.0577379202337378,1.0885782,0.9929214283840492,0.5280333333333334,1.145369336811688
2010-11-21 09:00:00,1.2906333333333333,1.0254133434389852,0.9983346,1.1706473682933383,1.1209333333333333,1.1523600634613649
2010-11-21 10:00:00,0.26809999999999995,1.4847066822217818,1.4070278,2.252035047641593,1.1384666666666667,1.262564813973002
2010-11-21 11:00:00,0.29916666666666664,1.5495529501004008,1.6026839,1.425047933839477,0.996271186440678,1.2490326364860844
2010-11-21 12:00:00,0.34963333333333335,1.4905961430592398,1.635073,1.4908106576863296,1.3779666666666666,1.2991907661949305
2010-11-21 13:00:00,0.2768666666666667,1.496980036826262,1.3979518,1.6388170023000466,1.2797666666666667,1.4614461337240974
2010-11-21 14:00:00,0.2809666666666667,1.3981833404689783,1.3744985,1.5473687276471906,1.59964,1.493372136951746
2010-11-21 15:00:00,0.29733333333333334,1.503326608538957,1.6555464,1.4415674782450023,2.198,1.475681729090025
2010-11-21 16:00:00,0.35083333333333333,1.8172816388351885,1.7075413,1.5963542483619793,2.3395555555555556,1.8627619203094616
2010-11-21 17:00:00,0.6310384615384615,1.8270788440989398,1.7996814,1.2966172400851514,2.378533333333333,1.7592080325375443
2010-11-21 18:00:00,0.45113333333333333,1.9245763050370102,2.107778,1.5135779046346323,2.390888888888889,1.7957774684976877
2010-11-21 19:00:00,0.2954666666666667,1.732842009886031,1.8468037,1.8853963828599607,1.4815593220338985,1.6816062461357015
2010-11-21 20:00:00,0.5781694915254237,1.705082750931232,1.6868215,1.246676688202077,2.3393061224489795,1.5765333650439548
2010-11-21 21:00:00,1.2213,1.7472548808319024,1.7591947,2.0729373229509753,2.210808510638298,1.6806640055055189
2010-11-21 22:00:00,1.4937666666666667,1.2056736978580957,1.3302168,1.8444792955740859,0.9064666666666666,1.3002759980047092
2010-11-21 23:00:00,0.3031666666666667,0.9557908327218412,0.7812483,0.6938614658518698,0.38816666666666666,1.0198889328337077
2010-11-22 00:00:00,0.3685084745762712,0.5869955446183341,0.4943019,0.4418753827199675,0.28103333333333336,0.607325858310477
2010-11-22 01:00:00,0.2798666666666667,0.5860634560464006,0.48991013,0.2509837727897528,0.34606666666666663,0.6351138176612132
2010-11-22 02:00:00,0.28336666666666666,0.5455520326942169,0.4838604,0.27741443746101413,0.3284666666666667,0.570847739764573
2010-11-22 03:00:00,0.2749333333333333,0.5904407289742306,0.596598,0.32664152995805185,0.5818666666666666,0.6136305261267205
2010-11-22 04:00:00,0.36829999999999996,0.641804663375721,0.6194682,0.1720641213063736,0.6005,0.7773200657789806
2010-11-22 05:00:00,0.2859,0.7126358837707878,0.71228766,0.521458035712481,0.3533,0.6960585306352043
2010-11-22 06:00:00,0.8908474576271187,0.9105430473191544,1.0258807,0.8396407831535758,0.8714999999999999,0.7989959531013628
2010-11-22 07:00:00,2.0122962962962965,1.965728608635341,1.7485948,2.0635619986436007,2.0669795918367346,1.322277638785342
2010-11-22 08:00:00,1.9014736842105264,1.479359670438088,1.5982422,2.1426817217262943,1.5528135593220338,1.4992200541761473
2010-11-22 09:00:00,1.4276000000000002,1.4115448198828182,1.5547273,1.509989725025798,1.3860689655172413,1.3210700919619076
2010-11-22 10:00:00,2.0819047619047617,1.2528453111766213,1.216221,0.8844496664143031,1.3088666666666666,1.177053247826377
2010-11-22 11:00:00,2.1430232558139535,1.2322770707541144,1.2391375,0.8205901935783347,1.3930181818181817,1.2330326724352565
2010-11-22 12:00:00,1.8597894736842104,1.3367665389401073,1.3453858,1.7172322061784229,2.0273333333333334,1.3195552111357998
2010-11-22 13:00:00,1.6906,1.7683951490207508,1.4558254,2.016339109902269,2.1603636363636363,1.388911241313609
2010-11-22 14:00:00,1.5176666666666667,1.2938027892679917,1.3068285,1.0177200637023267,0.4295333333333333,1.1774894105750844
2010-11-22 15:00:00,0.959764705882353,0.9508142537651284,0.76078486,0.47499747021552363,0.3873,1.0788036068414428
2010-11-22 16:00:00,0.6926333333333333,1.1029066325741907,0.99992466,1.1182240303442017,0.5152333333333333,1.207751384313823
2010-11-22 17:00:00,0.6457666666666667,1.0079917815442925,1.1005034,0.4177327566787099,0.8739333333333333,1.2374516470780526
2010-11-22 18:00:00,1.889483870967742,1.4686869250665264,1.2058094,0.5715052825291458,1.3049491525423729,1.4274984010865066
2010-11-22 19:00:00,1.5955000000000001,1.5431431997824503,1.6825584,1.586266554234402,1.5485084745762712,1.5748511001567123
2010-11-22 20:00:00,1.5409830508474576,2.083339733597218,1.9794973,2.1703977475145306,2.385170731707317,1.8943031670333101
2010-11-22 21:00:00,2.3887,1.773435514593728,1.6307129,1.97310925006642,1.5087666666666666,1.7674526567640847
2010-11-22 22:00:00,1.1652,1.461432281059993,1.2091576,0.9789626438074701,1.2497,1.4069901728670018
2010-11-22 23:00:00,0.3228,0.9165134354808806,0.9617212,0.7301882457115222,0.5057333333333334,1.094496895247368
2010-11-23 00:00:00,0.3651666666666667,0.480197467146637,0.47887912,0.2414641460688577,0.32380000000000003,0.5951394393931102
2010-11-23 01:00:00,0.2924333333333333,0.42240380550897805,0.4911911,0.2932492212318728,0.2922666666666667,0.5785565512348277
2010-11-23 02:00:00,0.28236666666666665,0.4340866074080598,0.4356625,0.37385277069073397,1.0268333333333333,0.6714996443007967
2010-11-23 03:00:00,0.27449999999999997,0.39969843541362715,0.42911902,0.27172067527790145,0.30073333333333335,0.5914379505232241
2010-11-23 04:00:00,0.36016666666666663,0.4762294631403802,0.55526966,0.4134651437145842,0.27913333333333334,0.5510011061166695
2010-11-23 05:00:00,0.2802,0.5104346825197584,0.4819823,0.4535409375983268,0.3375666666666667,0.6214661677856763
2010-11-23 06:00:00,0.6357333333333333,0.8930372226437113,0.8723016,1.0015894196442772,1.0904561403508772,0.8899575252800132
2010-11-23 07:00:00,2.42356,1.9000110489610396,2.0232573,2.272547477272535,2.424474576271187,1.546549057116881
2010-11-23 08:00:00,1.5118604651162793,1.644346369176713,1.7209616,1.9038091175212857,1.4830416666666666,1.4022776020243821
2010-11-23 09:00:00,1.353531914893617,1.465491816487561,1.4620879,1.552662153672669,1.4765098039215685,1.342611583601216
2010-11-23 10:00:00,1.559084745762712,1.4437275507934464,1.473688,1.4002005401382198,1.4629666666666667,1.2735649552803523
2010-11-23 11:00:00,1.6777966101694914,1.1619531381226296,1.1979717,0.9823840987930287,0.9056666666666667,1.0285572634644846
2010-11-23 12:00:00,0.9052222222222222,0.9218914641382365,1.0503054,0.40554805402224614,0.3705333333333333,1.0487512145189761
2010-11-23 13:00:00,0.8319,0.8610746589368083,0.94321144,0.31361627368648326,0.36646666666666666,0.9514302775554633
2010-11-23 14:00:00,1.2285384615384616,0.790537493596913,0.8603631,0.8242672226397122,0.28203333333333336,0.8518247521829938
2010-11-23 15:00:00,0.4,0.7566499033170825,0.86683774,0.5989966191989846,0.31460000000000005,0.855623421230798
2010-11-23 16:00:00,0.5092666666666666,0.8645377702977384,0.79543424,0.68363765403621,0.44334482758620686,0.9676099564744224
2010-11-23 17:00:00,0.9238983050847457,1.3915132810254025,1.3695714,0.8920238076872052,1.4056,1.354822417815366
2010-11-23 18:00:00,1.64475,1.8906239773051885,1.9947163,1.6110019958727222,2.062866666666667,1.677904388744606
2010-11-23 19:00:00,2.0396981132075473,1.7723263847943544,1.9703642,1.745641556833033,1.8530909090909091,1.7818690296944557
2010-11-23 20:00:00,2.5938245614035087,1.885211738169727,2.03638,2.176633923315025,2.177233333333333,1.9671170044274389
2010-11-23 21:00:00,1.4262333333333332,1.7827238654681805,2.0108492,2.3121098460522846,2.5300333333333334,1.9657980654677676
2010-11-23 22:00:00,0.8328000000000001,1.1071832189449373,1.3957672,1.4687871808275825,0.7507,1.4030908174392376
2010-11-23 23:00:00,0.5997,0.9562323242021931,0.91266483,0.21415390179223182,0.5058,1.027300425842147
2010-11-24 00:00:00,0.35836666666666667,0.5156974561021316,0.51155883,0.18657944355114364,0.3677,0.5691938677239092
2010-11-24 01:00:00,0.26530000000000004,0.4495241331959398,0.4210113,0.3327790087836564,0.29406666666666664,0.5244150988307904
2010-11-24 02:00:00,0.5021,0.4149646348919142,0.43542436,0.3610569408598011,0.32846666666666663,0.5811062209315969
2010-11-24 03:00:00,0.7512333333333333,0.4380641317406057,0.4567553,0.36709218551477296,0.32553333333333334,0.5167045168094098
2010-11-24 04:00:00,0.3203,0.4420190842773546,0.4684864,0.2995671093192588,0.5885,0.6660147841863672
2010-11-24 05:00:00,0.2844,0.45821915492023374,0.5081305,0.43020401150772625,0.7421666666666666,0.724097142052728
2010-11-24 06:00:00,0.8289666666666666,1.0490052928466254,1.0985357,0.7921967404762598,0.7334642857142857,0.8915304289804572
2010-11-24 07:00:00,1.9756842105263157,2.05674512419575,2.00876,2.8471847825208636,2.5272452830188676,1.618315965834621
2010-11-24 08:00:00,1.5244745762711864,1.5564285324473688,1.6535043,2.0418760892286087,1.4536666666666667,1.6033921598682273
2010-11-24 09:00:00,1.3640333333333332,1.504530202751133,1.5433731,1.58711635231557,1.3489333333333335,1.3955427169126375
2010-11-24 10:00:00,1.3725999999999998,1.3052526592831846,1.3318757,1.336477474931074,1.3998333333333333,1.2087352698938267
2010-11-24 11:00:00,1.3923666666666668,1.3078330550039936,1.4521539,1.397948810438554,1.4121,1.208902138756172
2010-11-24 12:00:00,1.5307931034482758,1.3673630698165302,1.4710959,1.4593278063665942,1.5148000000000001,1.2602453083421
2010-11-24 13:00:00,1.534375,1.0192183015364493,1.2712218,0.9016078342684204,0.6901666666666666,0.9863015875400776
2010-11-24 14:00:00,1.5565106382978724,1.0249922348606169,1.1093174,0.3401067197445281,0.28030000000000005,0.7975546243372434
2010-11-24 15:00:00,1.5020333333333333,0.9896897352966729,1.0938698,0.661199488263085,0.45990000000000003,0.818355838651512
2010-11-24 16:00:00,0.8740666666666667,1.2748768355409326,1.1310638,0.9008876840838032,0.8000666666666666,0.9499861523144142
2010-11-24 17:00:00,1.9389333333333334,1.2267029364488313,1.4756476,1.0711113583353506,1.0461,1.2738246374105813
2010-11-24 18:00:00,2.0611333333333333,1.5255307684954094,1.5241767,0.9316943703747602,1.6297333333333335,1.5694970297604425
2010-11-24 19:00:00,1.4612727272727273,1.7232091314183486,2.0004241,1.835106873096362,1.9631153846153846,1.718293062957502
2010-11-24 20:00:00,2.4335757575757575,1.694289320276272,2.0037498,1.9590527106038118,1.9144528301886792,1.692929598170362
2010-11-24 21:00:00,1.1266,1.5580847917543665,1.5668868,1.5017099119150832,1.6547719298245616,1.4203917794564327
2010-11-24 22:00:00,0.42210000000000003,1.1793301847627482,1.1950154,1.1107950462587528,1.0596,1.0976658287726022
2010-11-24 23:00:00,0.3531,0.8926403295492601,0.76706904,0.7599062138807073,0.6331333333333333,0.8468040624332572
2010-11-25 00:00:00,0.3034666666666667,0.522413318732105,0.592588,0.7221096575038556,0.4355438596491228,0.6439524843328428
2010-11-25 01:00:00,0.28966666666666663,0.49984865035087367,0.4360301,0.3542710312416,0.39063333333333333,0.5305400288185649
2010-11-25 02:00:00,0.26636666666666664,0.47383547575190865,0.41530952,0.3158630490195804,0.5135333333333334,0.5988133455737226
2010-11-25 03:00:00,0.33573333333333333,0.45499451287185977,0.4350155,0.32868825583529115,1.0192,0.7115056993576572
2010-11-25 04:00:00,0.37706666666666666,0.557744027872928,0.70074695,0.7178839383763291,0.45732203389830506,0.6923774880520299
2010-11-25 05:00:00,0.8805333333333334,0.552353081068161,0.5172252,0.5369329373492364,0.38533333333333336,0.6747049536142491
2010-11-25 06:00:00,0.9632000000000001,1.0234502691675404,0.8955505,0.9350475996095787,0.7225454545454546,0.8315177522208876
2010-11-25 07:00:00,2.0428372093023257,1.9272705504295018,1.9680119,3.118562853860067,2.6130196078431376,1.7499198464803674
2010-11-25 08:00:00,1.6294,1.5198873946011302,1.5307856,1.7326255298211748,1.5315,1.2606844215152204
2010-11-25 09:00:00,1.2577,1.4383325875302093,1.4036009,1.5815052128022093,1.3510666666666666,1.1398057929604104
2010-11-25 10:00:00,0.6454666666666667,1.331149028905913,1.3363649,1.2608397545468106,1.3487333333333333,1.1919076245240159
2010-11-25 11:00:00,1.0280666666666667,1.2449450478204898,1.3172492,1.3882003604381457,1.3437666666666668,1.1832667835543984
2010-11-25 12:00:00,0.47538983050847455,1.31495862813876,1.3529849,1.5403853801280456,1.4898596491228069,1.2364165794218231
2010-11-25 13:00:00,0.3562333333333333,1.0606266519283178,1.219715,1.109762887834006,0.9234666666666667,0.981494507483929
2010-11-25 14:00:00,0.30066666666666664,0.8346131003191506,0.91159123,0.7481918968616089,0.41346666666666665,0.7469204340820659
2010-11-25 15:00:00,0.333,0.9179572968085006,0.98738456,0.7162671774979874,0.32563333333333333,0.7591314076976984
2010-11-25 16:00:00,0.5418000000000001,1.3082609452432103,1.1546673,1.2555724790933276,0.46526666666666666,1.017787586063173
2010-11-25 17:00:00,1.4801,1.524309439705255,1.4937397,1.3095622415625,0.5778333333333333,1.1967739012274523
2010-11-25 18:00:00,2.1906101694915256,1.7652196134020963,1.8539615,1.4705956477543516,1.8872727272727272,1.5714840684959883
2010-11-25 19:00:00,2.3368135593220343,1.9202937435533907,1.9557519,1.9972636529718113,2.449222222222222,1.7906192258949432
2010-11-25 20:00:00,1.6478333333333335,1.5414646663941096,1.6747191,1.6740878431651072,1.6634893617021276,1.5954378938208316
2010-11-25 21:00:00,1.3429333333333333,1.5524370921454664,1.7612267,1.7454055050732955,1.3926666666666667,1.6016677415437273
2010-11-25 22:00:00,1.2475666666666667,1.077901422577408,1.3330232,0.8433346909261703,0.9224333333333334,1.0960054168226097
2010-11-25 23:00:00,0.9570000000000001,0.8613545163807536,0.86319256,0.7083203130447505,0.47936666666666666,0.7848227850741488
2010-11-26 00:00:00,0.2943,0.4315690906978964,0.44523102,0.4870050816487038,0.3419,0.4411317150725851
2010-11-26 01:00:00,0.28099999999999997,0.429390745872646,0.4506802,0.2985397240048926,0.27706666666666663,0.5301206955505919
2010-11-26 02:00:00,0.2734333333333333,0.42786353523992354,0.41415015,-0.003668036116646567,0.9548666666666666,0.6258751308929746
2010-11-26 03:00:00,0.29836666666666667,0.43229417633130063,0.45611727,0.16242562448551978,0.31470000000000004,0.6514890066191537
2010-11-26 04:00:00,0.31403333333333333,0.46476501696350425,0.4653921,0.2994876896663772,0.3387333333333333,0.6064548490118566
2010-11-26 05:00:00,0.2824406779661017,0.45466854878993923,0.42908797,0.37589295511963206,0.26493333333333335,0.6207584411524631
2010-11-26 06:00:00,0.6756666666666666,0.8470686033104653,0.8506009,0.8165252527772043,0.8500666666666666,0.842371008406474
2010-11-26 07:00:00,2.6178333333333335,1.9954827553317636,2.1078877,2.022688494154154,2.2033,1.6176397397515363
2010-11-26 08:00:00,1.5741666666666667,1.6216723314931645,1.742965,1.8598406733007984,1.4469666666666667,1.5174751230626562
2010-11-26 09:00:00,1.3540851063829789,1.5499593110836056,1.5843033,1.6300359947344227,1.3643666666666665,1.3236796533277395
2010-11-26 10:00:00,1.3527666666666667,1.4139686138396812,1.4595544,1.4886249486906005,1.3499,1.2257475252928067
2010-11-26 11:00:00,1.3389,1.3329676234996544,1.3759801,1.4098517838754483,1.3954666666666666,1.2034296715248343
2010-11-26 12:00:00,1.4645762711864405,1.2475670579379348,1.3281623,1.1942194043409182,1.3907,1.2275581644217182
2010-11-26 13:00:00,1.3810869565217392,1.3239359658398842,1.3755554,1.2943235384488856,1.4688070175438595,1.1187283945754267
2010-11-26 14:00:00,1.3461785714285714,1.0416770650980383,1.1867139,1.5512835698888174,1.352204081632653,1.0046574924166498
2010-11-26 15:00:00,0.8533220338983052,1.0052698156420938,1.2799318,1.8968351050731067,1.565245283018868,1.1174221473898323
2010-11-26 16:00:00,1.064315789473684,1.2905441897123342,1.3956261,2.026298372257663,1.4697,1.2358086168678215
2010-11-26 17:00:00,1.7259,1.1626510489114368,1.1384473,1.3891724181917147,0.8064827586206897,1.0966775356556901
2010-11-26 18:00:00,1.5734666666666668,1.6174213472774428,1.6320616,0.9358568258473214,1.0164912280701754,1.4398142929090387
2010-11-26 19:00:00,1.6593333333333333,1.7096721968080095,1.8192451,1.4145431798221928,1.2161250000000001,1.6472622892552231
2010-11-26 20:00:00,1.1637,1.5493841604666398,1.6202517,1.333310343257354,1.3612000000000002,1.4798203069382723
2010-11-26 21:00:00,0.9346666666666668,1.4585173517243724,1.7349788,1.5882882152871247,1.758612244897959,1.466087189736867
